Campaign Name,Recipient Email,Department,Send Time,Delivery Status,Bounced,Unique Opens,Unique Clicks,First Open,Unsubscribed
cyber-aware-2026q1,cara.ahmed@example.com,Manufacturing,12/01/2026 08:30,Delivered,No,0,0,,No
cyber-aware-2026q1,xenia.rossi@example.com,Marketing,12/01/2026 08:30,Delivered,No,1,1,12/01/2026 12:32,No
cyber-aware-2026q1,ben.zhang@example.com,Operations,12/01/2026 08:30,Delivered,No,0,0,,No
cyber-aware-2026q1,yusuf.hansen@example.com,HR,12/01/2026 08:30,Delivered,No,0,0,,No
cyber-aware-2026q1,grace.jensen@example.com,Finance,12/01/2026 08:30,Delivered,No,1,1,13/01/2026 04:33,No
cyber-aware-2026q1,wei.yilmaz@example.com,Operations,12/01/2026 08:30,Delivered,No,0,0,,No
cyber-aware-2026q1,ben.zhang2@example.com,Manufacturing,12/01/2026 08:30,Delivered,No,0,0,,No
cyber-aware-2026q1,hiro.patel@example.com,HR,12/01/2026 08:30,Delivered,No,1,0,12/01/2026 13:27,No
cyber-aware-2026q1,farid.fischer@example.com,Marketing,12/01/2026 08:30,Delivered,No,1,0,12/01/2026 10:03,No
cyber-aware-2026q1,wei.rossi@example.com,Manufacturing,12/01/2026 08:30,Delivered,No,5,0,14/01/2026 13:08,No
cyber-aware-2026q1,quinn.okafor@example.com,HR,12/01/2026 08:30,Delivered,No,3,0,12/01/2026 09:32,No
cyber-aware-2026q1,viktor.patel@example.com,Finance,12/01/2026 08:30,Delivered,No,0,0,,No
cyber-aware-2026q1,elena.tanaka@example.com,Operations,12/01/2026 08:30,Delivered,No,0,0,,No
cyber-aware-2026q1,ines.lopez@example.com,Technology,12/01/2026 08:30,Delivered,No,1,0,13/01/2026 05:06,No
cyber-aware-2026q1,ben.jensen@example.com,Finance,12/01/2026 08:30,Delivered,No,0,0,,No
cyber-aware-2026q1,maya.hansen@example.com,Technology,12/01/2026 08:30,Delivered,No,5,0,12/01/2026 09:58,No
cyber-aware-2026q1,quinn.muller@example.com,Manufacturing,12/01/2026 08:30,Delivered,No,0,0,,No
cyber-aware-2026q1,grace.lopez@example.com,Marketing,12/01/2026 08:30,Delivered,No,0,0,,No
cyber-aware-2026q1,kira.ueda@example.com,Finance,12/01/2026 08:30,Delivered,No,2,0,12/01/2026 10:28,No
cyber-aware-2026q1,elena.iyer@example.com,Technology,12/01/2026 08:30,Delivered,No,0,0,,No
cyber-aware-2026q1,yusuf.kowalski@example.com,Operations,12/01/2026 08:30,Delivered,No,0,0,,No
cyber-aware-2026q1,priya.ahmed@example.com,Sales,12/01/2026 08:30,Delivered,No,0,0,,No
cyber-aware-2026q1,yusuf.iyer@example.com,Manufacturing,12/01/2026 08:30,Delivered,No,0,0,,No
cyber-aware-2026q1,grace.hansen@example.com,Manufacturing,12/01/2026 08:30,Delivered,No,1,0,12/01/2026 12:43,No
cyber-aware-2026q1,bruno.silva@example.com,Marketing,12/01/2026 08:30,Delivered,No,2,0,13/01/2026 05:26,No
cyber-aware-2026q1,olu.chen@example.com,Manufacturing,12/01/2026 08:30,Delivered,No,0,0,,No
cyber-aware-2026q1,wei.hansen@example.com,Marketing,12/01/2026 08:30,Delivered,No,0,0,,No
cyber-aware-2026q1,aisha.novak@example.com,Technology,12/01/2026 08:30,Delivered,No,0,0,,No
cyber-aware-2026q1,dmitri.vargas@example.com,Sales,12/01/2026 08:30,Delivered,No,2,0,12/01/2026 09:30,No
cyber-aware-2026q1,ben.evans@example.com,Marketing,12/01/2026 08:30,Delivered,No,2,2,12/01/2026 12:43,No
cyber-aware-2026q1,hiro.lopez@example.com,Legal,12/01/2026 08:30,Delivered,No,0,0,,No
cyber-aware-2026q1,aisha.patel@example.com,Manufacturing,12/01/2026 08:30,Delivered,No,2,0,12/01/2026 12:30,No
cyber-aware-2026q1,rosa.yilmaz@example.com,Sales,12/01/2026 08:30,Delivered,No,0,0,,No
cyber-aware-2026q1,daniel.fischer@example.com,Finance,12/01/2026 08:30,Delivered,No,0,0,,No
cyber-aware-2026q1,maya.zhang@example.com,Technology,12/01/2026 08:30,Delivered,No,2,1,12/01/2026 10:28,No
cyber-aware-2026q1,grace.tanaka@example.com,Marketing,12/01/2026 08:30,Delivered,No,0,0,,No
cyber-aware-2026q1,amara.walsh@example.com,Operations,12/01/2026 08:30,Bounced,Yes,0,0,,No
cyber-aware-2026q1,wei.novak@example.com,Manufacturing,12/01/2026 08:30,Delivered,No,0,0,,No
cyber-aware-2026q1,wei.yilmaz2@example.com,Manufacturing,12/01/2026 08:30,Delivered,No,1,1,12/01/2026 12:58,No
cyber-aware-2026q1,grace.fischer@example.com,Marketing,12/01/2026 08:30,Delivered,No,0,0,,No
cyber-aware-2026q1,ben.dubois@example.com,Manufacturing,12/01/2026 08:30,Delivered,No,0,0,,No
cyber-aware-2026q1,wei.walsh@example.com,Marketing,12/01/2026 08:30,Delivered,No,2,0,12/01/2026 10:26,No
cyber-aware-2026q1,olu.chen2@example.com,Finance,12/01/2026 08:30,Delivered,No,1,1,12/01/2026 10:14,No
cyber-aware-2026q1,chloe.okafor@example.com,Sales,12/01/2026 08:30,Delivered,No,1,0,12/01/2026 09:36,No
cyber-aware-2026q1,bruno.rossi@example.com,Operations,12/01/2026 08:30,Delivered,No,0,0,,No
cyber-aware-2026q1,dmitri.lopez@example.com,HR,12/01/2026 08:30,Delivered,No,1,1,12/01/2026 10:15,No
cyber-aware-2026q1,bruno.ueda@example.com,Technology,12/01/2026 08:30,Delivered,No,0,0,,No
cyber-aware-2026q1,grace.tanaka2@example.com,Technology,12/01/2026 08:30,Delivered,No,0,0,,No
cyber-aware-2026q1,ben.ahmed@example.com,Manufacturing,12/01/2026 08:30,Delivered,No,1,0,12/01/2026 10:03,No
cyber-aware-2026q1,amara.walsh2@example.com,Technology,12/01/2026 08:30,Delivered,No,1,1,12/01/2026 13:22,No
cyber-aware-2026q1,jonas.kowalski@example.com,Manufacturing,12/01/2026 08:30,Delivered,No,0,0,,No
cyber-aware-2026q1,aisha.ahmed@example.com,Operations,12/01/2026 08:30,Delivered,No,0,0,,No
cyber-aware-2026q1,viktor.patel2@example.com,Technology,12/01/2026 08:30,Delivered,No,0,0,,No
cyber-aware-2026q1,yusuf.brown@example.com,Manufacturing,12/01/2026 08:30,Delivered,No,0,0,,No
cyber-aware-2026q1,xenia.silva@example.com,Marketing,12/01/2026 08:30,Delivered,No,0,0,,No
cyber-aware-2026q1,liam.ahmed@example.com,Manufacturing,12/01/2026 08:30,Delivered,No,3,0,12/01/2026 09:43,No
cyber-aware-2026q1,zoe.hansen@example.com,Operations,12/01/2026 08:30,Delivered,No,0,0,,No
cyber-aware-2026q1,rosa.chen@example.com,Manufacturing,12/01/2026 08:30,Delivered,No,0,0,,No
cyber-aware-2026q1,viktor.yilmaz@example.com,Sales,12/01/2026 08:30,Delivered,No,0,0,,No
cyber-aware-2026q1,grace.muller@example.com,Marketing,12/01/2026 08:30,Delivered,No,3,0,12/01/2026 10:17,No
cyber-aware-2026q1,tariq.zhang@example.com,Marketing,12/01/2026 08:30,Delivered,No,1,0,13/01/2026 05:01,No
cyber-aware-2026q1,kira.jensen@example.com,Operations,12/01/2026 08:30,Delivered,No,0,0,,No
cyber-aware-2026q1,sam.silva@example.com,Legal,12/01/2026 08:30,Delivered,No,1,0,12/01/2026 13:15,No
cyber-aware-2026q1,grace.walsh@example.com,Operations,12/01/2026 08:30,Delivered,No,0,0,,No
cyber-aware-2026q1,olu.lopez@example.com,Technology,12/01/2026 08:30,Delivered,No,0,0,,No
cyber-aware-2026q1,ben.muller@example.com,Manufacturing,12/01/2026 08:30,Delivered,No,0,0,,No
cyber-aware-2026q1,noah.lopez@example.com,Operations,12/01/2026 08:30,Delivered,No,2,1,14/01/2026 12:34,No
cyber-aware-2026q1,quinn.yilmaz@example.com,Technology,12/01/2026 08:30,Delivered,No,2,1,13/01/2026 05:27,No
cyber-aware-2026q1,chloe.yilmaz@example.com,Technology,12/01/2026 08:30,Delivered,No,3,0,12/01/2026 13:13,No
cyber-aware-2026q1,farid.muller@example.com,Sales,12/01/2026 08:30,Delivered,No,0,0,,No
cyber-aware-2026q1,hiro.okafor@example.com,Sales,12/01/2026 08:30,Delivered,No,0,0,,No
cyber-aware-2026q1,ben.walsh@example.com,Marketing,12/01/2026 08:30,Delivered,No,1,0,13/01/2026 05:24,No
cyber-aware-2026q1,maya.fischer@example.com,Manufacturing,12/01/2026 08:30,Delivered,No,0,0,,No
cyber-aware-2026q1,uma.jensen@example.com,Manufacturing,12/01/2026 08:30,Delivered,No,0,0,,No
cyber-aware-2026q1,rosa.okafor@example.com,Marketing,12/01/2026 08:30,Delivered,No,2,0,14/01/2026 12:52,No
cyber-aware-2026q1,aisha.rossi@example.com,Sales,12/01/2026 08:30,Delivered,No,0,0,,No
cyber-aware-2026q1,uma.muller@example.com,Manufacturing,12/01/2026 08:30,Delivered,No,0,0,,No
cyber-aware-2026q1,tariq.vargas@example.com,Operations,12/01/2026 08:30,Delivered,No,1,0,12/01/2026 13:22,No
cyber-aware-2026q1,yusuf.tanaka@example.com,Marketing,12/01/2026 08:30,Delivered,No,1,0,12/01/2026 13:11,No
cyber-aware-2026q1,xenia.tanaka@example.com,Technology,12/01/2026 08:30,Delivered,No,1,1,12/01/2026 09:53,No
cyber-aware-2026q1,dmitri.dubois@example.com,Sales,12/01/2026 08:30,Delivered,No,1,0,12/01/2026 12:52,No
cyber-aware-2026q1,quinn.iyer@example.com,Technology,12/01/2026 08:30,Delivered,No,1,0,13/01/2026 05:16,No
cyber-aware-2026q1,farid.kowalski@example.com,Marketing,12/01/2026 08:30,Delivered,No,3,0,12/01/2026 09:31,No
cyber-aware-2026q1,daniel.chen@example.com,Technology,12/01/2026 08:30,Delivered,No,1,0,12/01/2026 10:29,No
cyber-aware-2026q1,cara.kowalski@example.com,Operations,12/01/2026 08:30,Delivered,No,0,0,,No
cyber-aware-2026q1,cara.vargas@example.com,Technology,12/01/2026 08:30,Delivered,No,1,0,12/01/2026 10:24,No
cyber-aware-2026q1,amara.silva@example.com,Operations,12/01/2026 08:30,Delivered,No,0,0,,No
cyber-aware-2026q1,amara.zhang@example.com,Marketing,12/01/2026 08:30,Delivered,No,1,1,12/01/2026 09:34,No
cyber-aware-2026q1,wei.novak2@example.com,HR,12/01/2026 08:30,Delivered,No,1,0,12/01/2026 10:20,No
cyber-aware-2026q1,quinn.walsh@example.com,Operations,12/01/2026 08:30,Delivered,No,0,0,,No
cyber-aware-2026q1,aisha.novak2@example.com,Manufacturing,12/01/2026 08:30,Delivered,No,0,0,,No
cyber-aware-2026q1,yusuf.ueda@example.com,Manufacturing,12/01/2026 08:30,Delivered,No,0,0,,No
cyber-aware-2026q1,zoe.novak@example.com,Manufacturing,12/01/2026 08:30,Delivered,No,0,0,,No
cyber-aware-2026q1,xenia.chen@example.com,Technology,12/01/2026 08:30,Delivered,No,2,0,12/01/2026 10:09,No
cyber-aware-2026q1,hiro.jensen@example.com,Manufacturing,12/01/2026 08:30,Delivered,No,1,0,12/01/2026 10:23,No
cyber-aware-2026q1,cara.fischer@example.com,Technology,12/01/2026 08:30,Delivered,No,1,0,12/01/2026 10:04,No
cyber-aware-2026q1,yusuf.novak@example.com,Operations,12/01/2026 08:30,Delivered,No,1,0,12/01/2026 10:07,No
cyber-aware-2026q1,jonas.zhang@example.com,Manufacturing,12/01/2026 08:30,Delivered,No,0,0,,No
cyber-aware-2026q1,chloe.patel@example.com,HR,12/01/2026 08:30,Delivered,No,0,0,,No
cyber-aware-2026q1,jonas.walsh@example.com,Manufacturing,12/01/2026 08:30,Delivered,No,1,0,12/01/2026 13:22,No
cyber-aware-2026q1,xenia.patel@example.com,Manufacturing,12/01/2026 08:30,Delivered,No,0,0,,No
cyber-aware-2026q1,cara.ahmed2@example.com,HR,12/01/2026 08:30,Delivered,No,1,4,14/01/2026 13:24,No
cyber-aware-2026q1,xenia.vargas@example.com,Manufacturing,12/01/2026 08:30,Bounced,Yes,0,0,,No
cyber-aware-2026q1,elena.kowalski@example.com,Technology,12/01/2026 08:30,Delivered,No,1,0,13/01/2026 05:24,No
cyber-aware-2026q1,aisha.silva@example.com,Operations,12/01/2026 08:30,Delivered,No,1,1,12/01/2026 13:17,No
cyber-aware-2026q1,viktor.okafor@example.com,Operations,12/01/2026 08:30,Delivered,No,3,0,12/01/2026 13:02,No
cyber-aware-2026q1,chloe.muller@example.com,Marketing,12/01/2026 08:30,Delivered,No,1,0,12/01/2026 13:14,No
cyber-aware-2026q1,ines.walsh@example.com,Finance,12/01/2026 08:30,Delivered,No,0,0,,No
cyber-aware-2026q1,ben.dubois2@example.com,Technology,12/01/2026 08:30,Bounced,Yes,0,0,,No
cyber-aware-2026q1,aisha.yilmaz@example.com,Manufacturing,12/01/2026 08:30,Delivered,No,0,0,,No
cyber-aware-2026q1,liam.yilmaz@example.com,Manufacturing,12/01/2026 08:30,Delivered,No,1,0,12/01/2026 13:10,No
cyber-aware-2026q1,hiro.yilmaz@example.com,Finance,12/01/2026 08:30,Bounced,Yes,0,0,,No
cyber-aware-2026q1,hiro.fischer@example.com,Operations,12/01/2026 08:30,Delivered,No,0,0,,No
cyber-aware-2026q1,ines.garcia@example.com,Manufacturing,12/01/2026 08:30,Delivered,No,2,2,12/01/2026 10:06,No
cyber-aware-2026q1,elena.brown@example.com,Manufacturing,12/01/2026 08:30,Delivered,No,0,0,,No
cyber-aware-2026q1,rosa.patel@example.com,Legal,12/01/2026 08:30,Delivered,No,0,0,,No
cyber-aware-2026q1,elena.patel@example.com,Manufacturing,12/01/2026 08:30,Delivered,No,0,0,,No
cyber-aware-2026q1,hiro.vargas@example.com,Manufacturing,12/01/2026 08:30,Delivered,No,2,0,14/01/2026 13:06,No
cyber-aware-2026q1,jonas.yilmaz@example.com,Manufacturing,12/01/2026 08:30,Delivered,No,0,0,,No
cyber-aware-2026q1,tariq.silva@example.com,Finance,12/01/2026 08:30,Delivered,No,0,0,,No
cyber-aware-2026q1,xenia.evans@example.com,Operations,12/01/2026 08:30,Delivered,No,1,0,14/01/2026 13:07,No
cyber-aware-2026q1,daniel.novak@example.com,Technology,12/01/2026 08:30,Delivered,No,1,4,13/01/2026 05:08,No
cyber-aware-2026q1,bruno.rossi2@example.com,Manufacturing,12/01/2026 08:30,Delivered,No,0,0,,No
cyber-aware-2026q1,noah.garcia@example.com,Operations,12/01/2026 08:30,Delivered,No,2,0,12/01/2026 12:50,No
cyber-aware-2026q1,daniel.ueda@example.com,HR,12/01/2026 08:30,Delivered,No,0,0,,No
cyber-aware-2026q1,kira.okafor@example.com,Finance,12/01/2026 08:30,Delivered,No,0,0,,No
cyber-aware-2026q1,aisha.jensen@example.com,Finance,12/01/2026 08:30,Delivered,No,0,0,,No
cyber-aware-2026q1,jonas.walsh2@example.com,Operations,12/01/2026 08:30,Delivered,No,2,2,12/01/2026 12:57,No
cyber-aware-2026q1,hiro.novak@example.com,Technology,12/01/2026 08:30,Delivered,No,1,0,13/01/2026 05:26,No
cyber-aware-2026q1,ben.dubois3@example.com,Operations,12/01/2026 08:30,Delivered,No,0,0,,No
cyber-aware-2026q1,grace.jensen2@example.com,Manufacturing,12/01/2026 08:30,Delivered,No,3,1,13/01/2026 04:54,No
cyber-aware-2026q1,dmitri.rossi@example.com,Marketing,12/01/2026 08:30,Delivered,No,1,2,12/01/2026 12:43,No
cyber-aware-2026q1,quinn.rossi@example.com,Manufacturing,12/01/2026 08:30,Delivered,No,0,0,,No
cyber-aware-2026q1,sam.yilmaz@example.com,Manufacturing,12/01/2026 08:30,Delivered,No,0,0,,No
cyber-aware-2026q1,viktor.kowalski@example.com,HR,12/01/2026 08:30,Delivered,No,0,0,,No
cyber-aware-2026q1,wei.fischer@example.com,Finance,12/01/2026 08:30,Delivered,No,1,1,13/01/2026 05:12,No
cyber-aware-2026q1,yusuf.tanaka2@example.com,Manufacturing,12/01/2026 08:30,Delivered,No,0,0,,No
cyber-aware-2026q1,xenia.chen2@example.com,Sales,12/01/2026 08:30,Delivered,No,3,0,12/01/2026 12:40,No
cyber-aware-2026q1,hiro.brown@example.com,Operations,12/01/2026 08:30,Delivered,No,1,0,12/01/2026 10:13,No
cyber-aware-2026q1,jonas.kowalski2@example.com,Operations,12/01/2026 08:30,Delivered,No,0,0,,No
cyber-aware-2026q1,viktor.rossi@example.com,HR,12/01/2026 08:30,Delivered,No,0,0,,No
cyber-aware-2026q1,aisha.tanaka@example.com,Operations,12/01/2026 08:30,Delivered,No,0,0,,No
cyber-aware-2026q1,olu.jensen@example.com,Manufacturing,12/01/2026 08:30,Delivered,No,0,0,,No
cyber-aware-2026q1,liam.garcia@example.com,Manufacturing,12/01/2026 08:30,Delivered,No,0,0,,No
cyber-aware-2026q1,amara.dubois@example.com,Technology,12/01/2026 08:30,Delivered,No,0,0,,No
cyber-aware-2026q1,bruno.yilmaz@example.com,Manufacturing,12/01/2026 08:30,Delivered,No,1,0,12/01/2026 09:51,No
cyber-aware-2026q1,maya.hansen2@example.com,Technology,12/01/2026 08:30,Delivered,No,0,0,,No
cyber-aware-2026q1,rosa.ahmed@example.com,Marketing,12/01/2026 08:30,Delivered,No,2,0,12/01/2026 13:04,No
cyber-aware-2026q1,sam.rossi@example.com,Technology,12/01/2026 08:30,Delivered,No,2,0,12/01/2026 13:16,No
cyber-aware-2026q1,quinn.chen@example.com,Manufacturing,12/01/2026 08:30,Delivered,No,2,0,12/01/2026 12:40,No
cyber-aware-2026q1,sam.evans@example.com,Technology,12/01/2026 08:30,Delivered,No,0,0,,No
cyber-aware-2026q1,bruno.yilmaz2@example.com,Technology,12/01/2026 08:30,Delivered,No,1,1,12/01/2026 13:06,No
cyber-aware-2026q1,ben.silva@example.com,Operations,12/01/2026 08:30,Delivered,No,0,0,,No
cyber-aware-2026q1,maya.rossi@example.com,Operations,12/01/2026 08:30,Delivered,No,0,0,,No
cyber-aware-2026q1,cara.iyer@example.com,Marketing,12/01/2026 08:30,Delivered,No,5,0,12/01/2026 12:40,No
cyber-aware-2026q1,amara.silva2@example.com,Manufacturing,12/01/2026 08:30,Delivered,No,1,1,13/01/2026 05:01,No
cyber-aware-2026q1,cara.iyer2@example.com,Operations,12/01/2026 08:30,Delivered,No,1,0,12/01/2026 12:50,No
cyber-aware-2026q1,bruno.kowalski@example.com,Manufacturing,12/01/2026 08:30,Delivered,No,1,0,12/01/2026 09:44,No
cyber-aware-2026q1,uma.lopez@example.com,Sales,12/01/2026 08:30,Delivered,No,0,0,,No
cyber-aware-2026q1,elena.muller@example.com,Operations,12/01/2026 08:30,Delivered,No,2,0,12/01/2026 10:10,No
cyber-aware-2026q1,cara.ueda@example.com,Operations,12/01/2026 08:30,Delivered,No,0,0,,No
cyber-aware-2026q1,chloe.novak@example.com,Sales,12/01/2026 08:30,Delivered,No,2,0,12/01/2026 10:10,No
cyber-aware-2026q1,viktor.brown@example.com,Marketing,12/01/2026 08:30,Delivered,No,1,0,13/01/2026 04:38,No
cyber-aware-2026q1,ines.dubois@example.com,Marketing,12/01/2026 08:30,Delivered,No,0,0,,No
cyber-aware-2026q1,xenia.silva2@example.com,Operations,12/01/2026 08:30,Delivered,No,1,0,12/01/2026 13:19,No
cyber-aware-2026q1,viktor.hansen@example.com,Manufacturing,12/01/2026 08:30,Delivered,No,2,0,12/01/2026 10:12,No
cyber-aware-2026q1,tariq.evans@example.com,Legal,12/01/2026 08:30,Bounced,Yes,0,0,,No
cyber-aware-2026q1,kira.fischer@example.com,Legal,12/01/2026 08:30,Delivered,No,1,0,13/01/2026 04:56,No
cyber-aware-2026q1,hiro.ahmed@example.com,Operations,12/01/2026 08:30,Delivered,No,0,0,,No
cyber-aware-2026q1,rosa.dubois@example.com,Manufacturing,12/01/2026 08:30,Delivered,No,0,0,,No
cyber-aware-2026q1,liam.chen@example.com,HR,12/01/2026 08:30,Delivered,No,0,0,,No
cyber-aware-2026q1,amara.rossi@example.com,Sales,12/01/2026 08:30,Delivered,No,0,0,,No
cyber-aware-2026q1,wei.tanaka@example.com,Manufacturing,12/01/2026 08:30,Delivered,No,2,0,12/01/2026 09:34,No
cyber-aware-2026q1,chloe.lopez@example.com,Technology,12/01/2026 08:30,Delivered,No,1,1,12/01/2026 12:48,No
cyber-aware-2026q1,cara.yilmaz@example.com,HR,12/01/2026 08:30,Delivered,No,1,2,12/01/2026 09:54,No
cyber-aware-2026q1,uma.zhang@example.com,Technology,12/01/2026 08:30,Delivered,No,1,0,12/01/2026 09:53,No
cyber-aware-2026q1,liam.tanaka@example.com,Technology,12/01/2026 08:30,Delivered,No,0,0,,No
cyber-aware-2026q1,rosa.iyer@example.com,Sales,12/01/2026 08:30,Delivered,No,0,0,,No
cyber-aware-2026q1,chloe.kowalski@example.com,Marketing,12/01/2026 08:30,Bounced,Yes,0,0,,No
cyber-aware-2026q1,chloe.walsh@example.com,Legal,12/01/2026 08:30,Delivered,No,0,0,,No
cyber-aware-2026q1,cara.rossi@example.com,Operations,12/01/2026 08:30,Delivered,No,0,0,,No
cyber-aware-2026q1,rosa.kowalski@example.com,Sales,12/01/2026 08:30,Delivered,No,2,0,14/01/2026 12:54,No
cyber-aware-2026q1,maya.fischer2@example.com,Operations,12/01/2026 08:30,Delivered,No,0,0,,No
cyber-aware-2026q1,hiro.chen@example.com,Manufacturing,12/01/2026 08:30,Delivered,No,0,0,,No
cyber-aware-2026q1,dmitri.evans@example.com,Manufacturing,12/01/2026 08:30,Delivered,No,3,0,13/01/2026 05:29,No
cyber-aware-2026q1,ben.okafor@example.com,Manufacturing,12/01/2026 08:30,Delivered,No,0,0,,No
cyber-aware-2026q1,wei.jensen@example.com,Marketing,12/01/2026 08:30,Delivered,No,0,0,,No
cyber-aware-2026q1,priya.jensen@example.com,Technology,12/01/2026 08:30,Delivered,No,1,1,13/01/2026 04:39,No
cyber-aware-2026q1,rosa.okafor2@example.com,Legal,12/01/2026 08:30,Delivered,No,1,0,12/01/2026 10:09,No
cyber-aware-2026q1,ben.silva2@example.com,Marketing,12/01/2026 08:30,Delivered,No,1,0,12/01/2026 13:23,No
cyber-aware-2026q1,ines.fischer@example.com,Finance,12/01/2026 08:30,Delivered,No,0,0,,No
cyber-aware-2026q1,priya.fischer@example.com,Manufacturing,12/01/2026 08:30,Delivered,No,0,0,,No
cyber-aware-2026q1,rosa.ueda@example.com,Operations,12/01/2026 08:30,Delivered,No,1,0,12/01/2026 13:02,No
cyber-aware-2026q1,viktor.walsh@example.com,Technology,12/01/2026 08:30,Delivered,No,1,0,12/01/2026 10:01,No
cyber-aware-2026q1,olu.jensen2@example.com,Finance,12/01/2026 08:30,Delivered,No,0,0,,No
cyber-aware-2026q1,cara.muller@example.com,Manufacturing,12/01/2026 08:30,Delivered,No,1,0,12/01/2026 09:57,No
cyber-aware-2026q1,bruno.fischer@example.com,Technology,12/01/2026 08:30,Delivered,No,1,1,12/01/2026 09:52,No
cyber-aware-2026q1,grace.kowalski@example.com,Manufacturing,12/01/2026 08:30,Delivered,No,0,0,,No
cyber-aware-2026q1,hiro.novak2@example.com,Manufacturing,12/01/2026 08:30,Delivered,No,0,0,,No
cyber-aware-2026q1,xenia.iyer@example.com,Manufacturing,12/01/2026 08:30,Delivered,No,0,0,,No
cyber-aware-2026q1,jonas.patel@example.com,Technology,12/01/2026 08:30,Delivered,No,2,0,14/01/2026 12:35,No
cyber-aware-2026q1,ben.yilmaz@example.com,Technology,12/01/2026 08:30,Delivered,No,3,1,12/01/2026 12:40,No
cyber-aware-2026q1,viktor.hansen2@example.com,Manufacturing,12/01/2026 08:30,Delivered,No,0,0,,No
cyber-aware-2026q1,wei.brown@example.com,Manufacturing,12/01/2026 08:30,Delivered,No,0,0,,No
cyber-aware-2026q1,xenia.vargas2@example.com,Sales,12/01/2026 08:30,Delivered,No,0,0,,No
cyber-aware-2026q1,ben.patel@example.com,Technology,12/01/2026 08:30,Delivered,No,1,2,13/01/2026 05:12,No
cyber-aware-2026q1,sam.evans2@example.com,Manufacturing,12/01/2026 08:30,Delivered,No,0,0,,No
cyber-aware-2026q1,viktor.brown2@example.com,Sales,12/01/2026 08:30,Delivered,No,1,0,14/01/2026 12:47,No
cyber-aware-2026q1,olu.okafor@example.com,Technology,12/01/2026 08:30,Delivered,No,1,0,12/01/2026 09:58,No
cyber-aware-2026q1,noah.dubois@example.com,Operations,12/01/2026 08:30,Delivered,No,0,0,,No
cyber-aware-2026q1,daniel.dubois@example.com,Manufacturing,12/01/2026 08:30,Delivered,No,1,0,12/01/2026 13:04,No
cyber-aware-2026q1,bruno.rossi3@example.com,Marketing,12/01/2026 08:30,Delivered,No,0,0,,No
cyber-aware-2026q1,viktor.lopez@example.com,Sales,12/01/2026 08:30,Delivered,No,0,0,,No
cyber-aware-2026q1,quinn.zhang@example.com,Manufacturing,12/01/2026 08:30,Delivered,No,0,0,,No
cyber-aware-2026q1,ben.okafor2@example.com,Sales,12/01/2026 08:30,Delivered,No,3,0,12/01/2026 12:45,No
cyber-aware-2026q1,noah.lopez2@example.com,HR,12/01/2026 08:30,Delivered,No,0,0,,No
cyber-aware-2026q1,kira.tanaka@example.com,Technology,12/01/2026 08:30,Delivered,No,0,0,,No
cyber-aware-2026q1,ben.brown@example.com,Sales,12/01/2026 08:30,Delivered,No,2,0,12/01/2026 09:38,No
cyber-aware-2026q1,farid.tanaka@example.com,Manufacturing,12/01/2026 08:30,Delivered,No,0,0,,No
cyber-aware-2026q1,hiro.chen2@example.com,Finance,12/01/2026 08:30,Delivered,No,0,0,,No
cyber-aware-2026q1,xenia.ahmed@example.com,Operations,12/01/2026 08:30,Delivered,No,0,0,,No
cyber-aware-2026q1,zoe.brown@example.com,Manufacturing,12/01/2026 08:30,Delivered,No,1,0,12/01/2026 10:17,No
cyber-aware-2026q1,aisha.brown@example.com,Marketing,12/01/2026 08:30,Bounced,Yes,0,0,,No
cyber-aware-2026q1,olu.muller@example.com,Sales,12/01/2026 08:30,Delivered,No,0,0,,No
cyber-aware-2026q1,farid.hansen@example.com,Manufacturing,12/01/2026 08:30,Delivered,No,0,0,,No
cyber-aware-2026q1,priya.kowalski@example.com,Marketing,12/01/2026 08:30,Delivered,No,1,1,12/01/2026 09:48,No
cyber-aware-2026q1,amara.brown@example.com,Finance,12/01/2026 08:30,Delivered,No,1,0,13/01/2026 05:27,No
cyber-aware-2026q1,wei.chen@example.com,Manufacturing,12/01/2026 08:30,Delivered,No,0,0,,No
cyber-aware-2026q1,priya.ahmed2@example.com,Manufacturing,12/01/2026 08:30,Delivered,No,1,0,12/01/2026 10:22,No
cyber-aware-2026q1,hiro.walsh@example.com,Marketing,12/01/2026 08:30,Delivered,No,0,0,,No
cyber-aware-2026q1,yusuf.okafor@example.com,Finance,12/01/2026 08:30,Delivered,No,1,0,12/01/2026 13:20,No
cyber-aware-2026q1,farid.kowalski2@example.com,HR,12/01/2026 08:30,Delivered,No,2,1,12/01/2026 10:08,No
cyber-aware-2026q1,cara.jensen@example.com,Operations,12/01/2026 08:30,Delivered,No,0,0,,No
cyber-aware-2026q1,noah.iyer@example.com,Finance,12/01/2026 08:30,Delivered,No,1,0,12/01/2026 10:17,No
cyber-aware-2026q1,amara.ahmed@example.com,Technology,12/01/2026 08:30,Delivered,No,1,0,13/01/2026 05:03,No
cyber-aware-2026q1,uma.ueda@example.com,Manufacturing,12/01/2026 08:30,Delivered,No,0,0,,No
cyber-aware-2026q1,kira.yilmaz@example.com,Technology,12/01/2026 08:30,Delivered,No,3,1,13/01/2026 05:08,No
cyber-aware-2026q1,tariq.okafor@example.com,Manufacturing,12/01/2026 08:30,Delivered,No,0,0,,No
cyber-aware-2026q1,bruno.garcia@example.com,Sales,12/01/2026 08:30,Delivered,No,0,0,,No
cyber-aware-2026q1,maya.garcia@example.com,Manufacturing,12/01/2026 08:30,Delivered,No,1,0,12/01/2026 12:33,No
cyber-aware-2026q1,tariq.evans2@example.com,Sales,12/01/2026 08:30,Delivered,No,0,0,,No
cyber-aware-2026q1,tariq.muller@example.com,Finance,12/01/2026 08:30,Delivered,No,0,0,,No
cyber-aware-2026q1,hiro.zhang@example.com,Finance,12/01/2026 08:30,Delivered,No,1,0,14/01/2026 12:37,No
cyber-aware-2026q1,amara.lopez@example.com,HR,12/01/2026 08:30,Delivered,No,1,0,13/01/2026 04:31,No
cyber-aware-2026q1,uma.tanaka@example.com,Marketing,12/01/2026 08:30,Delivered,No,1,0,12/01/2026 09:34,No
cyber-aware-2026q1,daniel.vargas@example.com,Technology,12/01/2026 08:30,Delivered,No,0,0,,No
cyber-aware-2026q1,zoe.novak2@example.com,Manufacturing,12/01/2026 08:30,Delivered,No,0,0,,No
cyber-aware-2026q1,sam.okafor@example.com,Manufacturing,12/01/2026 08:30,Delivered,No,0,0,,No
cyber-aware-2026q1,priya.tanaka@example.com,Operations,12/01/2026 08:30,Delivered,No,0,0,,No
cyber-aware-2026q1,elena.novak@example.com,Marketing,12/01/2026 08:30,Delivered,No,1,1,12/01/2026 10:24,No
cyber-aware-2026q1,jonas.garcia@example.com,Manufacturing,12/01/2026 08:30,Delivered,No,5,0,13/01/2026 05:25,No
cyber-aware-2026q1,dmitri.vargas2@example.com,Sales,12/01/2026 08:30,Delivered,No,1,0,12/01/2026 12:43,No
cyber-aware-2026q1,daniel.ueda2@example.com,Operations,12/01/2026 08:30,Delivered,No,0,0,,No
cyber-aware-2026q1,uma.jensen2@example.com,Manufacturing,12/01/2026 08:30,Delivered,No,0,0,,No
cyber-aware-2026q1,chloe.evans@example.com,Finance,12/01/2026 08:30,Delivered,No,0,0,,No
cyber-aware-2026q1,jonas.hansen@example.com,Manufacturing,12/01/2026 08:30,Delivered,No,0,0,,No
cyber-aware-2026q1,noah.rossi@example.com,Manufacturing,12/01/2026 08:30,Delivered,No,0,0,,No
cyber-aware-2026q1,daniel.zhang@example.com,Manufacturing,12/01/2026 08:30,Delivered,No,0,0,,No
cyber-aware-2026q1,priya.okafor@example.com,Manufacturing,12/01/2026 08:30,Delivered,No,0,0,,No
cyber-aware-2026q1,viktor.brown3@example.com,Marketing,12/01/2026 08:30,Delivered,No,1,1,12/01/2026 09:30,No
cyber-aware-2026q1,rosa.muller@example.com,Sales,12/01/2026 08:30,Delivered,No,0,0,,No
cyber-aware-2026q1,kira.chen@example.com,Marketing,12/01/2026 08:30,Delivered,No,1,0,13/01/2026 04:33,No
cyber-aware-2026q1,cara.kowalski2@example.com,HR,12/01/2026 08:30,Delivered,No,0,0,,No
cyber-aware-2026q1,priya.novak@example.com,Marketing,12/01/2026 08:30,Delivered,No,0,0,,No
cyber-aware-2026q1,xenia.evans2@example.com,Technology,12/01/2026 08:30,Delivered,No,2,0,12/01/2026 09:47,No
cyber-aware-2026q1,elena.ahmed@example.com,Manufacturing,12/01/2026 08:30,Bounced,Yes,0,0,,No
cyber-aware-2026q1,maya.chen@example.com,Sales,12/01/2026 08:30,Delivered,No,2,2,12/01/2026 10:15,No
cyber-aware-2026q1,zoe.rossi@example.com,Manufacturing,12/01/2026 08:30,Delivered,No,0,0,,No
cyber-aware-2026q1,elena.ueda@example.com,HR,12/01/2026 08:30,Delivered,No,5,1,12/01/2026 09:46,No
cyber-aware-2026q1,wei.yilmaz3@example.com,Technology,12/01/2026 08:30,Delivered,No,0,0,,No
cyber-aware-2026q1,dmitri.hansen@example.com,Technology,12/01/2026 08:30,Delivered,No,0,0,,No
cyber-aware-2026q1,bruno.muller@example.com,Finance,12/01/2026 08:30,Delivered,No,0,0,,No
cyber-aware-2026q1,liam.tanaka2@example.com,Technology,12/01/2026 08:30,Delivered,No,0,0,,No
cyber-aware-2026q1,quinn.lopez@example.com,Sales,12/01/2026 08:30,Delivered,No,0,0,,No
cyber-aware-2026q1,xenia.vargas3@example.com,Technology,12/01/2026 08:30,Delivered,No,1,0,12/01/2026 10:22,No
cyber-aware-2026q1,liam.rossi@example.com,Manufacturing,12/01/2026 08:30,Delivered,No,0,0,,No
cyber-aware-2026q1,jonas.yilmaz2@example.com,Legal,12/01/2026 08:30,Delivered,No,1,2,13/01/2026 05:12,No
cyber-aware-2026q1,aisha.garcia@example.com,Marketing,12/01/2026 08:30,Delivered,No,0,0,,No
cyber-aware-2026q1,sam.tanaka@example.com,Finance,12/01/2026 08:30,Delivered,No,1,0,14/01/2026 13:09,No
cyber-aware-2026q1,farid.okafor@example.com,Marketing,12/01/2026 08:30,Delivered,No,0,0,,No
cyber-aware-2026q1,aisha.garcia2@example.com,Legal,12/01/2026 08:30,Delivered,No,1,0,13/01/2026 05:02,No
cyber-aware-2026q1,hiro.rossi@example.com,HR,12/01/2026 08:30,Delivered,No,2,0,12/01/2026 13:18,No
cyber-aware-2026q1,wei.chen2@example.com,Technology,12/01/2026 08:30,Delivered,No,0,0,,No
cyber-aware-2026q1,zoe.kowalski@example.com,Manufacturing,12/01/2026 08:30,Delivered,No,0,0,,No
cyber-aware-2026q1,chloe.iyer@example.com,Manufacturing,12/01/2026 08:30,Delivered,No,2,0,12/01/2026 13:07,No
cyber-aware-2026q1,jonas.novak@example.com,HR,12/01/2026 08:30,Delivered,No,5,0,12/01/2026 09:56,No
cyber-aware-2026q1,priya.iyer@example.com,Operations,12/01/2026 08:30,Delivered,No,1,0,12/01/2026 13:07,No
cyber-aware-2026q1,ben.brown2@example.com,Sales,12/01/2026 08:30,Delivered,No,0,0,,No
cyber-aware-2026q1,priya.evans@example.com,Operations,12/01/2026 08:30,Delivered,No,0,0,,No
cyber-aware-2026q1,yusuf.fischer@example.com,Manufacturing,12/01/2026 08:30,Delivered,No,1,0,13/01/2026 04:50,No
cyber-aware-2026q1,xenia.kowalski@example.com,Manufacturing,12/01/2026 08:30,Delivered,No,0,0,,No
cyber-aware-2026q1,noah.hansen@example.com,Technology,12/01/2026 08:30,Delivered,No,0,0,,No
cyber-aware-2026q1,xenia.vargas4@example.com,Operations,12/01/2026 08:30,Delivered,No,0,0,,No
cyber-aware-2026q1,xenia.garcia@example.com,Manufacturing,12/01/2026 08:30,Delivered,No,0,0,,No
cyber-aware-2026q1,noah.zhang@example.com,Manufacturing,12/01/2026 08:30,Delivered,No,2,0,12/01/2026 09:53,No
cyber-aware-2026q1,maya.brown@example.com,Manufacturing,12/01/2026 08:30,Delivered,No,1,1,12/01/2026 13:17,No
cyber-aware-2026q1,daniel.evans@example.com,Manufacturing,12/01/2026 08:30,Bounced,Yes,0,0,,No
cyber-aware-2026q1,hiro.vargas2@example.com,Manufacturing,12/01/2026 08:30,Delivered,No,0,0,,No
cyber-aware-2026q1,yusuf.muller@example.com,Marketing,12/01/2026 08:30,Delivered,No,0,0,,No
cyber-aware-2026q1,hiro.kowalski@example.com,Operations,12/01/2026 08:30,Delivered,No,0,0,,No
cyber-aware-2026q1,chloe.okafor2@example.com,Manufacturing,12/01/2026 08:30,Delivered,No,5,1,13/01/2026 05:17,No
cyber-aware-2026q1,yusuf.rossi@example.com,Finance,12/01/2026 08:30,Delivered,No,0,0,,No
cyber-aware-2026q1,kira.iyer@example.com,Manufacturing,12/01/2026 08:30,Delivered,No,0,0,,No
cyber-aware-2026q1,rosa.kowalski2@example.com,Finance,12/01/2026 08:30,Delivered,No,0,0,,No
cyber-aware-2026q1,yusuf.walsh@example.com,HR,12/01/2026 08:30,Delivered,No,1,0,12/01/2026 09:44,No
cyber-aware-2026q1,daniel.silva@example.com,Finance,12/01/2026 08:30,Delivered,No,0,0,,No
cyber-aware-2026q1,aisha.rossi2@example.com,Manufacturing,12/01/2026 08:30,Delivered,No,0,0,,No
cyber-aware-2026q1,bruno.tanaka@example.com,HR,12/01/2026 08:30,Delivered,No,0,0,,No
cyber-aware-2026q1,quinn.yilmaz2@example.com,Manufacturing,12/01/2026 08:30,Delivered,No,0,0,,No
cyber-aware-2026q1,bruno.ahmed@example.com,Finance,12/01/2026 08:30,Delivered,No,0,0,,No
cyber-aware-2026q1,farid.jensen@example.com,Technology,12/01/2026 08:30,Delivered,No,1,0,12/01/2026 13:06,No
cyber-aware-2026q1,jonas.novak2@example.com,Finance,12/01/2026 08:30,Delivered,No,0,0,,No
cyber-aware-2026q1,liam.novak@example.com,Manufacturing,12/01/2026 08:30,Delivered,No,3,0,12/01/2026 12:36,No
cyber-aware-2026q1,elena.rossi@example.com,Technology,12/01/2026 08:30,Delivered,No,1,0,12/01/2026 09:38,No
cyber-aware-2026q1,viktor.patel3@example.com,Legal,12/01/2026 08:30,Delivered,No,1,0,12/01/2026 10:09,No
cyber-aware-2026q1,hiro.iyer@example.com,Sales,12/01/2026 08:30,Delivered,No,0,0,,No
cyber-aware-2026q1,aisha.ueda@example.com,Manufacturing,12/01/2026 08:30,Delivered,No,0,0,,No
cyber-aware-2026q1,viktor.okafor2@example.com,Finance,12/01/2026 08:30,Delivered,No,0,0,,No
cyber-aware-2026q1,tariq.rossi@example.com,Finance,12/01/2026 08:30,Delivered,No,0,0,,No
cyber-aware-2026q1,zoe.patel@example.com,Manufacturing,12/01/2026 08:30,Delivered,No,0,0,,No
cyber-aware-2026q1,maya.dubois@example.com,Marketing,12/01/2026 08:30,Delivered,No,1,1,12/01/2026 09:35,No
cyber-aware-2026q1,tariq.hansen@example.com,Marketing,12/01/2026 08:30,Delivered,No,1,0,13/01/2026 04:58,No
cyber-aware-2026q1,kira.ueda2@example.com,Operations,12/01/2026 08:30,Delivered,No,0,0,,No
cyber-aware-2026q1,jonas.muller@example.com,Finance,12/01/2026 08:30,Delivered,No,0,0,,No
cyber-aware-2026q1,sam.chen@example.com,HR,12/01/2026 08:30,Delivered,No,0,0,,No
cyber-aware-2026q1,aisha.evans@example.com,Technology,12/01/2026 08:30,Delivered,No,1,0,12/01/2026 09:33,No
cyber-aware-2026q1,wei.tanaka2@example.com,Technology,12/01/2026 08:30,Delivered,No,0,0,,No
cyber-aware-2026q1,kira.garcia@example.com,Technology,12/01/2026 08:30,Delivered,No,0,0,,No
cyber-aware-2026q1,elena.muller2@example.com,Legal,12/01/2026 08:30,Delivered,No,5,0,12/01/2026 13:21,No
cyber-aware-2026q1,jonas.kowalski3@example.com,Manufacturing,12/01/2026 08:30,Delivered,No,1,0,12/01/2026 12:42,No
cyber-aware-2026q1,xenia.chen3@example.com,Technology,12/01/2026 08:30,Delivered,No,2,0,12/01/2026 10:08,No
cyber-aware-2026q1,chloe.brown@example.com,Finance,12/01/2026 08:30,Delivered,No,0,0,,No
cyber-aware-2026q1,amara.rossi2@example.com,Marketing,12/01/2026 08:30,Delivered,No,0,0,,No
cyber-aware-2026q1,daniel.chen2@example.com,Finance,12/01/2026 08:30,Delivered,No,1,0,12/01/2026 12:41,No
cyber-aware-2026q1,liam.kowalski@example.com,Manufacturing,12/01/2026 08:30,Delivered,No,3,0,12/01/2026 09:30,No
cyber-aware-2026q1,cara.lopez@example.com,Manufacturing,12/01/2026 08:30,Delivered,No,0,0,,No
cyber-aware-2026q1,farid.vargas@example.com,Finance,12/01/2026 08:30,Delivered,No,1,0,12/01/2026 13:27,No
cyber-aware-2026q1,hiro.zhang2@example.com,Sales,12/01/2026 08:30,Delivered,No,2,0,12/01/2026 10:01,No
cyber-aware-2026q1,jonas.chen@example.com,Operations,12/01/2026 08:30,Delivered,No,1,0,12/01/2026 09:54,No
cyber-aware-2026q1,priya.hansen@example.com,Finance,12/01/2026 08:30,Delivered,No,0,0,,No
cyber-aware-2026q1,wei.hansen2@example.com,Sales,12/01/2026 08:30,Delivered,No,1,1,13/01/2026 04:32,No
cyber-aware-2026q1,uma.dubois@example.com,Sales,12/01/2026 08:30,Delivered,No,1,0,12/01/2026 12:56,No
cyber-aware-2026q1,viktor.zhang@example.com,Manufacturing,12/01/2026 08:30,Delivered,No,0,0,,No
cyber-aware-2026q1,uma.chen@example.com,Marketing,12/01/2026 08:30,Delivered,No,1,0,12/01/2026 09:30,No
cyber-aware-2026q1,xenia.yilmaz@example.com,Manufacturing,12/01/2026 08:30,Delivered,No,1,0,12/01/2026 09:42,No
cyber-aware-2026q1,dmitri.zhang@example.com,Operations,12/01/2026 08:30,Delivered,No,0,0,,No
cyber-aware-2026q1,dmitri.ahmed@example.com,Marketing,12/01/2026 08:30,Delivered,No,0,0,,No
cyber-aware-2026q1,priya.kowalski2@example.com,Operations,12/01/2026 08:30,Delivered,No,1,0,13/01/2026 04:59,No
cyber-aware-2026q1,hiro.patel2@example.com,Sales,12/01/2026 08:30,Delivered,No,0,0,,No
cyber-aware-2026q1,zoe.tanaka@example.com,Marketing,12/01/2026 08:30,Delivered,No,1,0,12/01/2026 12:44,No
cyber-aware-2026q1,elena.fischer@example.com,Operations,12/01/2026 08:30,Delivered,No,1,1,12/01/2026 12:54,No
cyber-aware-2026q1,rosa.tanaka@example.com,Operations,12/01/2026 08:30,Delivered,No,0,0,,No
cyber-aware-2026q1,jonas.walsh3@example.com,Manufacturing,12/01/2026 08:30,Delivered,No,0,0,,No
cyber-aware-2026q1,grace.yilmaz@example.com,Marketing,12/01/2026 08:30,Delivered,No,0,0,,No
cyber-aware-2026q1,ben.evans2@example.com,Legal,12/01/2026 08:30,Delivered,No,2,0,12/01/2026 10:23,No
cyber-aware-2026q1,kira.walsh@example.com,Manufacturing,12/01/2026 08:30,Delivered,No,0,0,,No
cyber-aware-2026q1,kira.brown@example.com,Technology,12/01/2026 08:30,Delivered,No,1,2,12/01/2026 13:22,No
cyber-aware-2026q1,zoe.evans@example.com,Finance,12/01/2026 08:30,Delivered,No,0,0,,No
cyber-aware-2026q1,zoe.brown2@example.com,Finance,12/01/2026 08:30,Delivered,No,1,2,13/01/2026 04:50,No
cyber-aware-2026q1,dmitri.muller@example.com,Operations,12/01/2026 08:30,Delivered,No,0,0,,No
cyber-aware-2026q1,tariq.yilmaz@example.com,Manufacturing,12/01/2026 08:30,Delivered,No,0,0,,No
cyber-aware-2026q1,noah.ueda@example.com,Technology,12/01/2026 08:30,Delivered,No,1,2,12/01/2026 09:31,No
cyber-aware-2026q1,hiro.dubois@example.com,Manufacturing,12/01/2026 08:30,Delivered,No,0,0,,No
cyber-aware-2026q1,aisha.jensen2@example.com,Technology,12/01/2026 08:30,Delivered,No,0,0,,No
cyber-aware-2026q1,grace.patel@example.com,Manufacturing,12/01/2026 08:30,Delivered,No,0,0,,No
cyber-aware-2026q1,daniel.ueda3@example.com,Sales,12/01/2026 08:30,Delivered,No,0,0,,No
cyber-aware-2026q1,uma.novak@example.com,Manufacturing,12/01/2026 08:30,Delivered,No,0,0,,No
cyber-aware-2026q1,kira.novak@example.com,Marketing,12/01/2026 08:30,Delivered,No,1,1,14/01/2026 13:29,No
cyber-aware-2026q1,chloe.muller2@example.com,Operations,12/01/2026 08:30,Delivered,No,0,0,,No
cyber-aware-2026q1,daniel.iyer@example.com,Manufacturing,12/01/2026 08:30,Delivered,No,0,0,,No
cyber-aware-2026q1,rosa.okafor3@example.com,HR,12/01/2026 08:30,Delivered,No,0,0,,No
cyber-aware-2026q1,ben.ahmed2@example.com,Operations,12/01/2026 08:30,Delivered,No,0,0,,No
cyber-aware-2026q1,ben.ueda@example.com,Manufacturing,12/01/2026 08:30,Delivered,No,2,0,12/01/2026 12:52,No
cyber-aware-2026q1,liam.ueda@example.com,Manufacturing,12/01/2026 08:30,Delivered,No,0,0,,No
cyber-aware-2026q1,xenia.garcia2@example.com,Operations,12/01/2026 08:30,Delivered,No,1,0,13/01/2026 05:21,No
cyber-aware-2026q1,viktor.silva@example.com,Sales,12/01/2026 08:30,Delivered,No,0,0,,No
cyber-aware-2026q1,bruno.ueda2@example.com,Manufacturing,12/01/2026 08:30,Delivered,No,0,0,,No
cyber-aware-2026q1,elena.fischer2@example.com,Operations,12/01/2026 08:30,Delivered,No,1,0,12/01/2026 10:27,No
cyber-aware-2026q1,liam.jensen@example.com,Operations,12/01/2026 08:30,Delivered,No,0,0,,No
cyber-aware-2026q1,yusuf.rossi2@example.com,Manufacturing,12/01/2026 08:30,Delivered,No,2,0,13/01/2026 04:37,No
cyber-aware-2026q1,wei.evans@example.com,Manufacturing,12/01/2026 08:30,Delivered,No,0,0,,No
cyber-aware-2026q1,liam.brown@example.com,Sales,12/01/2026 08:30,Delivered,No,0,0,,No
cyber-aware-2026q1,daniel.zhang2@example.com,Operations,12/01/2026 08:30,Delivered,No,0,0,,No
cyber-aware-2026q1,priya.novak2@example.com,Manufacturing,12/01/2026 08:30,Delivered,No,0,0,,No
cyber-aware-2026q1,ines.tanaka@example.com,Sales,12/01/2026 08:30,Delivered,No,0,0,,No
cyber-aware-2026q1,quinn.rossi2@example.com,Sales,12/01/2026 08:30,Delivered,No,0,0,,No
cyber-aware-2026q1,cara.okafor@example.com,Sales,12/01/2026 08:30,Delivered,No,0,0,,No
cyber-aware-2026q1,maya.patel@example.com,Operations,12/01/2026 08:30,Delivered,No,3,2,12/01/2026 09:50,No
cyber-aware-2026q1,wei.zhang@example.com,Finance,12/01/2026 08:30,Delivered,No,0,0,,No
cyber-aware-2026q1,ines.fischer2@example.com,Manufacturing,12/01/2026 08:30,Delivered,No,0,0,,No
cyber-aware-2026q1,chloe.ueda@example.com,Sales,12/01/2026 08:30,Delivered,No,1,1,13/01/2026 05:12,No
cyber-aware-2026q1,priya.ahmed3@example.com,Sales,12/01/2026 08:30,Delivered,No,0,0,,No
cyber-aware-2026q1,amara.dubois2@example.com,Manufacturing,12/01/2026 08:30,Delivered,No,1,0,13/01/2026 05:26,No
cyber-aware-2026q1,noah.tanaka@example.com,Manufacturing,12/01/2026 08:30,Delivered,No,0,0,,No
cyber-aware-2026q1,cara.iyer3@example.com,Technology,12/01/2026 08:30,Delivered,No,1,0,12/01/2026 09:44,No
cyber-aware-2026q1,amara.rossi3@example.com,Manufacturing,12/01/2026 08:30,Delivered,No,0,0,,No
cyber-aware-2026q1,rosa.iyer2@example.com,Operations,12/01/2026 08:30,Delivered,No,0,0,,No
cyber-aware-2026q1,xenia.walsh@example.com,Operations,12/01/2026 08:30,Delivered,No,2,0,12/01/2026 09:41,No
cyber-aware-2026q1,ines.yilmaz@example.com,Technology,12/01/2026 08:30,Delivered,No,0,0,,No
cyber-aware-2026q1,ben.ahmed3@example.com,Operations,12/01/2026 08:30,Delivered,No,1,1,12/01/2026 13:20,No
cyber-aware-2026q1,elena.lopez@example.com,Legal,12/01/2026 08:30,Delivered,No,1,2,12/01/2026 13:28,No
cyber-aware-2026q1,tariq.chen@example.com,Finance,12/01/2026 08:30,Delivered,No,0,0,,No
cyber-aware-2026q1,farid.vargas2@example.com,Operations,12/01/2026 08:30,Delivered,No,0,0,,No
cyber-aware-2026q1,aisha.hansen@example.com,Operations,12/01/2026 08:30,Delivered,No,0,0,,No
cyber-aware-2026q1,aisha.ahmed2@example.com,Operations,12/01/2026 08:30,Delivered,No,1,0,12/01/2026 12:33,No
cyber-aware-2026q1,jonas.dubois@example.com,Manufacturing,12/01/2026 08:30,Delivered,No,0,0,,No
cyber-aware-2026q1,wei.fischer2@example.com,Manufacturing,12/01/2026 08:30,Delivered,No,0,0,,No
cyber-aware-2026q1,aisha.silva2@example.com,Technology,12/01/2026 08:30,Delivered,No,0,0,,No
cyber-aware-2026q1,daniel.dubois2@example.com,Manufacturing,12/01/2026 08:30,Delivered,No,0,0,,No
cyber-aware-2026q1,noah.iyer2@example.com,Manufacturing,12/01/2026 08:30,Delivered,No,3,4,13/01/2026 05:09,No
cyber-aware-2026q1,ben.silva3@example.com,Operations,12/01/2026 08:30,Delivered,No,0,0,,No
cyber-aware-2026q1,elena.vargas@example.com,Sales,12/01/2026 08:30,Delivered,No,2,0,12/01/2026 12:43,No
cyber-aware-2026q1,daniel.silva2@example.com,Manufacturing,12/01/2026 08:30,Delivered,No,0,0,,No
cyber-aware-2026q1,bruno.dubois@example.com,Manufacturing,12/01/2026 08:30,Delivered,No,0,0,,No
cyber-aware-2026q1,sam.silva2@example.com,HR,12/01/2026 08:30,Delivered,No,1,0,13/01/2026 04:42,No
cyber-aware-2026q1,rosa.chen2@example.com,Operations,12/01/2026 08:30,Delivered,No,2,1,12/01/2026 10:09,No
cyber-aware-2026q1,yusuf.dubois@example.com,Manufacturing,12/01/2026 08:30,Delivered,No,1,0,12/01/2026 12:42,No
cyber-aware-2026q1,ben.hansen@example.com,Manufacturing,12/01/2026 08:30,Delivered,No,0,0,,No
cyber-aware-2026q1,chloe.silva@example.com,Legal,12/01/2026 08:30,Delivered,No,3,0,12/01/2026 10:12,No
cyber-aware-2026q1,yusuf.chen@example.com,Technology,12/01/2026 08:30,Delivered,No,0,0,,No
cyber-aware-2026q1,olu.kowalski@example.com,Manufacturing,12/01/2026 08:30,Delivered,No,0,0,,No
cyber-aware-2026q1,sam.muller@example.com,Technology,12/01/2026 08:30,Delivered,No,2,0,12/01/2026 12:42,No
cyber-aware-2026q1,sam.dubois@example.com,Finance,12/01/2026 08:30,Bounced,Yes,0,0,,No
cyber-aware-2026q1,sam.walsh@example.com,Marketing,12/01/2026 08:30,Delivered,No,0,0,,No
cyber-aware-2026q1,yusuf.rossi3@example.com,Manufacturing,12/01/2026 08:30,Delivered,No,0,0,,No
cyber-aware-2026q1,kira.ueda3@example.com,Sales,12/01/2026 08:30,Delivered,No,0,0,,No
cyber-aware-2026q1,dmitri.walsh@example.com,Operations,12/01/2026 08:30,Delivered,No,0,0,,No
cyber-aware-2026q1,hiro.lopez2@example.com,Technology,12/01/2026 08:30,Delivered,No,2,1,12/01/2026 09:33,No
cyber-aware-2026q1,yusuf.silva@example.com,Technology,12/01/2026 08:30,Delivered,No,0,0,,No
cyber-aware-2026q1,farid.hansen2@example.com,Technology,12/01/2026 08:30,Delivered,No,0,0,,No
cyber-aware-2026q1,viktor.ueda@example.com,Operations,12/01/2026 08:30,Delivered,No,0,0,,No
cyber-aware-2026q1,olu.fischer@example.com,Manufacturing,12/01/2026 08:30,Delivered,No,0,0,,No
cyber-aware-2026q1,aisha.patel2@example.com,Manufacturing,12/01/2026 08:30,Delivered,No,0,0,,No
cyber-aware-2026q1,ben.rossi@example.com,Sales,12/01/2026 08:30,Delivered,No,1,0,12/01/2026 12:43,No
cyber-aware-2026q1,farid.ahmed@example.com,Finance,12/01/2026 08:30,Delivered,No,0,0,,No
cyber-aware-2026q1,ben.dubois4@example.com,Technology,12/01/2026 08:30,Delivered,No,2,0,12/01/2026 12:42,No
cyber-aware-2026q1,ines.novak@example.com,Manufacturing,12/01/2026 08:30,Delivered,No,0,0,,No
cyber-aware-2026q1,ben.hansen2@example.com,HR,12/01/2026 08:30,Delivered,No,3,1,12/01/2026 09:35,No
cyber-aware-2026q1,viktor.vargas@example.com,Manufacturing,12/01/2026 08:30,Delivered,No,0,0,,No
cyber-aware-2026q1,bruno.muller2@example.com,Technology,12/01/2026 08:30,Delivered,No,0,0,,No
cyber-aware-2026q1,kira.chen2@example.com,HR,12/01/2026 08:30,Delivered,No,1,0,12/01/2026 09:49,No
cyber-aware-2026q1,ines.iyer@example.com,HR,12/01/2026 08:30,Delivered,No,0,0,,No
cyber-aware-2026q1,amara.ueda@example.com,Operations,12/01/2026 08:30,Delivered,No,0,0,,No
cyber-aware-2026q1,daniel.jensen@example.com,Manufacturing,12/01/2026 08:30,Delivered,No,0,0,,No
cyber-aware-2026q1,daniel.lopez@example.com,Marketing,12/01/2026 08:30,Delivered,No,1,0,12/01/2026 09:34,No
cyber-aware-2026q1,quinn.evans@example.com,Finance,12/01/2026 08:30,Delivered,No,1,0,14/01/2026 12:35,No
cyber-aware-2026q1,daniel.fischer2@example.com,Technology,12/01/2026 08:30,Delivered,No,0,0,,No
cyber-aware-2026q1,rosa.walsh@example.com,Technology,12/01/2026 08:30,Delivered,No,2,2,13/01/2026 04:48,No
cyber-aware-2026q1,priya.novak3@example.com,Operations,12/01/2026 08:30,Delivered,No,0,0,,No
cyber-aware-2026q1,xenia.hansen@example.com,Technology,12/01/2026 08:30,Delivered,No,2,0,12/01/2026 10:24,No
cyber-aware-2026q1,zoe.tanaka2@example.com,Sales,12/01/2026 08:30,Bounced,Yes,0,0,,No
cyber-aware-2026q1,zoe.ahmed@example.com,Technology,12/01/2026 08:30,Delivered,No,0,0,,No
cyber-aware-2026q1,cara.dubois@example.com,Manufacturing,12/01/2026 08:30,Delivered,No,0,0,,No
cyber-aware-2026q1,priya.tanaka2@example.com,Manufacturing,12/01/2026 08:30,Delivered,No,0,0,,No
cyber-aware-2026q1,elena.fischer3@example.com,Technology,12/01/2026 08:30,Delivered,No,0,0,,No
cyber-aware-2026q1,xenia.novak@example.com,Technology,12/01/2026 08:30,Delivered,No,0,0,,No
cyber-aware-2026q1,olu.garcia@example.com,Marketing,12/01/2026 08:30,Delivered,No,0,0,,No
cyber-aware-2026q1,liam.evans@example.com,Manufacturing,12/01/2026 08:30,Delivered,No,0,0,,No
cyber-aware-2026q1,grace.yilmaz2@example.com,HR,12/01/2026 08:30,Delivered,No,1,1,12/01/2026 10:27,No
cyber-aware-2026q1,ines.novak2@example.com,Manufacturing,12/01/2026 08:30,Delivered,No,0,0,,No
cyber-aware-2026q1,bruno.novak@example.com,Sales,12/01/2026 08:30,Delivered,No,2,0,12/01/2026 13:13,No
cyber-aware-2026q1,viktor.evans@example.com,Marketing,12/01/2026 08:30,Delivered,No,0,0,,No
cyber-aware-2026q1,ben.evans3@example.com,Finance,12/01/2026 08:30,Delivered,No,0,0,,No
cyber-aware-2026q1,amara.fischer@example.com,Marketing,12/01/2026 08:30,Delivered,No,1,1,12/01/2026 12:53,No
cyber-aware-2026q1,kira.rossi@example.com,Legal,12/01/2026 08:30,Delivered,No,1,0,12/01/2026 13:00,No
cyber-aware-2026q1,viktor.rossi2@example.com,Operations,12/01/2026 08:30,Delivered,No,0,0,,No
cyber-aware-2026q1,kira.brown2@example.com,Sales,12/01/2026 08:30,Delivered,No,0,0,,No
cyber-aware-2026q1,dmitri.silva@example.com,Operations,12/01/2026 08:30,Delivered,No,0,0,,No
cyber-aware-2026q1,daniel.evans2@example.com,Legal,12/01/2026 08:30,Delivered,No,0,0,,No
cyber-aware-2026q1,yusuf.yilmaz@example.com,Marketing,12/01/2026 08:30,Delivered,No,0,0,,No
cyber-aware-2026q1,farid.kowalski3@example.com,Technology,12/01/2026 08:30,Delivered,No,1,1,14/01/2026 13:18,No
cyber-aware-2026q1,priya.brown@example.com,Finance,12/01/2026 08:30,Delivered,No,2,2,12/01/2026 09:51,No
cyber-aware-2026q1,quinn.dubois@example.com,Legal,12/01/2026 08:30,Delivered,No,0,0,,No
cyber-aware-2026q1,ben.zhang3@example.com,Sales,12/01/2026 08:30,Delivered,No,0,0,,No
cyber-aware-2026q1,xenia.novak2@example.com,Marketing,12/01/2026 08:30,Delivered,No,0,0,,No
cyber-aware-2026q1,rosa.ahmed2@example.com,Marketing,12/01/2026 08:30,Delivered,No,2,0,12/01/2026 12:45,No
cyber-aware-2026q1,tariq.ueda@example.com,Sales,12/01/2026 08:30,Delivered,No,3,1,12/01/2026 12:42,No
cyber-aware-2026q1,hiro.vargas3@example.com,Marketing,12/01/2026 08:30,Delivered,No,0,0,,No
cyber-aware-2026q1,liam.evans2@example.com,Operations,12/01/2026 08:30,Delivered,No,0,0,,No
cyber-aware-2026q1,wei.zhang2@example.com,Manufacturing,12/01/2026 08:30,Delivered,No,0,0,,No
cyber-aware-2026q1,wei.iyer@example.com,Operations,12/01/2026 08:30,Delivered,No,1,0,12/01/2026 12:50,No
cyber-aware-2026q1,rosa.evans@example.com,Sales,12/01/2026 08:30,Delivered,No,0,0,,No
cyber-aware-2026q1,jonas.lopez@example.com,Marketing,12/01/2026 08:30,Delivered,No,2,0,13/01/2026 05:26,No
cyber-aware-2026q1,tariq.fischer@example.com,Sales,12/01/2026 08:30,Delivered,No,0,0,,No
cyber-aware-2026q1,zoe.walsh@example.com,Technology,12/01/2026 08:30,Delivered,No,0,0,,No
cyber-aware-2026q1,sam.walsh2@example.com,Technology,12/01/2026 08:30,Delivered,No,0,0,,No
cyber-aware-2026q1,zoe.dubois@example.com,Operations,12/01/2026 08:30,Delivered,No,1,0,12/01/2026 10:20,No
cyber-aware-2026q1,kira.vargas@example.com,Legal,12/01/2026 08:30,Delivered,No,0,0,,No
cyber-aware-2026q1,maya.evans@example.com,Marketing,12/01/2026 08:30,Delivered,No,1,1,12/01/2026 09:43,No
cyber-aware-2026q1,zoe.rossi2@example.com,Legal,12/01/2026 08:30,Delivered,No,1,0,12/01/2026 09:57,No
cyber-aware-2026q1,yusuf.vargas@example.com,Operations,12/01/2026 08:30,Delivered,No,1,0,12/01/2026 09:56,No
cyber-aware-2026q1,noah.brown@example.com,Operations,12/01/2026 08:30,Delivered,No,0,0,,No
cyber-aware-2026q1,cara.evans@example.com,Sales,12/01/2026 08:30,Delivered,No,1,1,12/01/2026 12:48,No
cyber-aware-2026q1,priya.hansen2@example.com,Operations,12/01/2026 08:30,Delivered,No,0,0,,No
cyber-aware-2026q1,viktor.zhang2@example.com,Sales,12/01/2026 08:30,Delivered,No,0,0,,No
cyber-aware-2026q1,hiro.iyer2@example.com,Operations,12/01/2026 08:30,Delivered,No,0,0,,No
cyber-aware-2026q1,uma.okafor@example.com,Marketing,12/01/2026 08:30,Bounced,Yes,0,0,,No
cyber-aware-2026q1,chloe.tanaka@example.com,Sales,12/01/2026 08:30,Delivered,No,1,0,12/01/2026 10:19,No
cyber-aware-2026q1,bruno.hansen@example.com,Operations,12/01/2026 08:30,Delivered,No,0,0,,No
cyber-aware-2026q1,amara.walsh3@example.com,Manufacturing,12/01/2026 08:30,Delivered,No,0,0,,No
cyber-aware-2026q1,bruno.kowalski2@example.com,Manufacturing,12/01/2026 08:30,Delivered,No,0,0,,No
cyber-aware-2026q1,uma.ueda2@example.com,Technology,12/01/2026 08:30,Delivered,No,1,0,12/01/2026 10:03,No
cyber-aware-2026q1,quinn.ahmed@example.com,Manufacturing,12/01/2026 08:30,Delivered,No,1,0,12/01/2026 13:07,No
cyber-aware-2026q1,tariq.rossi2@example.com,Manufacturing,12/01/2026 08:30,Delivered,No,1,0,12/01/2026 10:18,No
cyber-aware-2026q1,chloe.garcia@example.com,Marketing,12/01/2026 08:30,Delivered,No,1,0,12/01/2026 09:55,No
cyber-aware-2026q1,tariq.novak@example.com,Manufacturing,12/01/2026 08:30,Delivered,No,0,0,,No
cyber-aware-2026q1,cara.iyer4@example.com,Marketing,12/01/2026 08:30,Delivered,No,1,0,12/01/2026 10:22,No
cyber-aware-2026q1,bruno.hansen2@example.com,Finance,12/01/2026 08:30,Delivered,No,2,1,14/01/2026 13:19,No
cyber-aware-2026q1,uma.ahmed@example.com,Finance,12/01/2026 08:30,Delivered,No,1,2,12/01/2026 12:48,No
cyber-aware-2026q1,jonas.kowalski4@example.com,Marketing,12/01/2026 08:30,Delivered,No,0,0,,No
cyber-aware-2026q1,sam.zhang@example.com,Legal,12/01/2026 08:30,Delivered,No,0,0,,No
cyber-aware-2026q1,chloe.dubois@example.com,Technology,12/01/2026 08:30,Delivered,No,1,0,12/01/2026 13:13,No
cyber-aware-2026q1,grace.ueda@example.com,Manufacturing,12/01/2026 08:30,Delivered,No,3,0,12/01/2026 12:51,No
cyber-aware-2026q1,quinn.jensen@example.com,Sales,12/01/2026 08:30,Delivered,No,2,0,12/01/2026 09:50,No
cyber-aware-2026q1,liam.fischer@example.com,Finance,12/01/2026 08:30,Delivered,No,0,0,,No
cyber-aware-2026q1,wei.chen3@example.com,Operations,12/01/2026 08:30,Delivered,No,0,0,,No
cyber-aware-2026q1,ines.fischer3@example.com,Manufacturing,12/01/2026 08:30,Delivered,No,0,0,,No
cyber-aware-2026q1,ines.lopez2@example.com,Sales,12/01/2026 08:30,Bounced,Yes,0,0,,No
cyber-aware-2026q1,ines.jensen@example.com,Operations,12/01/2026 08:30,Delivered,No,1,0,13/01/2026 04:47,No
cyber-aware-2026q1,kira.brown3@example.com,Operations,12/01/2026 08:30,Delivered,No,1,0,12/01/2026 10:23,No
cyber-aware-2026q1,yusuf.okafor2@example.com,Manufacturing,12/01/2026 08:30,Delivered,No,0,0,,No
cyber-aware-2026q1,ben.rossi2@example.com,Sales,12/01/2026 08:30,Delivered,No,1,0,12/01/2026 12:52,No
cyber-aware-2026q1,olu.ueda@example.com,Marketing,12/01/2026 08:30,Delivered,No,0,0,,No
cyber-aware-2026q1,elena.jensen@example.com,Operations,12/01/2026 08:30,Delivered,No,1,0,12/01/2026 09:55,No
cyber-aware-2026q1,xenia.yilmaz2@example.com,Manufacturing,12/01/2026 08:30,Delivered,No,0,0,,No
cyber-aware-2026q1,noah.walsh@example.com,Marketing,12/01/2026 08:30,Delivered,No,1,1,12/01/2026 12:53,No
cyber-aware-2026q1,quinn.fischer@example.com,Manufacturing,12/01/2026 08:30,Delivered,No,0,0,,No
cyber-aware-2026q1,tariq.dubois@example.com,Manufacturing,12/01/2026 08:30,Delivered,No,3,1,12/01/2026 12:38,No
cyber-aware-2026q1,noah.novak@example.com,Manufacturing,12/01/2026 08:30,Delivered,No,0,0,,No
cyber-aware-2026q1,dmitri.hansen2@example.com,Sales,12/01/2026 08:30,Delivered,No,0,0,,No
cyber-aware-2026q1,cara.chen@example.com,Manufacturing,12/01/2026 08:30,Delivered,No,0,0,,No
cyber-aware-2026q1,tariq.kowalski@example.com,Operations,12/01/2026 08:30,Delivered,No,0,0,,No
cyber-aware-2026q1,amara.hansen@example.com,Manufacturing,12/01/2026 08:30,Delivered,No,1,0,12/01/2026 13:01,No
cyber-aware-2026q1,wei.silva@example.com,Sales,12/01/2026 08:30,Delivered,No,0,0,,No
cyber-aware-2026q1,daniel.jensen2@example.com,Technology,12/01/2026 08:30,Delivered,No,1,0,12/01/2026 12:49,No
cyber-aware-2026q1,noah.fischer@example.com,Manufacturing,12/01/2026 08:30,Delivered,No,2,0,12/01/2026 13:24,No
cyber-aware-2026q1,grace.yilmaz3@example.com,Technology,12/01/2026 08:30,Bounced,Yes,0,0,,No
cyber-aware-2026q1,daniel.garcia@example.com,Marketing,12/01/2026 08:30,Delivered,No,0,0,,No
cyber-aware-2026q1,cara.garcia@example.com,Marketing,12/01/2026 08:30,Delivered,No,2,2,12/01/2026 09:39,No
cyber-aware-2026q1,noah.zhang2@example.com,Technology,12/01/2026 08:30,Delivered,No,2,2,12/01/2026 12:32,No
cyber-aware-2026q1,olu.muller2@example.com,Technology,12/01/2026 08:30,Delivered,No,0,0,,No
cyber-aware-2026q1,maya.yilmaz@example.com,Marketing,12/01/2026 08:30,Delivered,No,0,0,,No
cyber-aware-2026q1,elena.jensen2@example.com,Manufacturing,12/01/2026 08:30,Delivered,No,0,0,,No
cyber-aware-2026q1,jonas.brown@example.com,Operations,12/01/2026 08:30,Delivered,No,1,0,12/01/2026 09:54,No
cyber-aware-2026q1,grace.muller2@example.com,Legal,12/01/2026 08:30,Delivered,No,0,0,,No
cyber-aware-2026q1,amara.novak@example.com,HR,12/01/2026 08:30,Delivered,No,2,0,14/01/2026 12:31,No
cyber-aware-2026q1,farid.rossi@example.com,Manufacturing,12/01/2026 08:30,Delivered,No,1,0,14/01/2026 12:51,No
cyber-aware-2026q1,bruno.garcia2@example.com,Manufacturing,12/01/2026 08:30,Delivered,No,0,0,,No
cyber-aware-2026q1,wei.brown2@example.com,Manufacturing,12/01/2026 08:30,Delivered,No,0,0,,No
cyber-aware-2026q1,noah.iyer3@example.com,Technology,12/01/2026 08:30,Delivered,No,3,0,12/01/2026 10:21,No
cyber-aware-2026q1,hiro.patel3@example.com,Marketing,12/01/2026 08:30,Delivered,No,0,0,,No
cyber-aware-2026q1,olu.kowalski2@example.com,Marketing,12/01/2026 08:30,Delivered,No,0,0,,No
cyber-aware-2026q1,chloe.fischer@example.com,Manufacturing,12/01/2026 08:30,Delivered,No,0,0,,No
cyber-aware-2026q1,xenia.ahmed2@example.com,Operations,12/01/2026 08:30,Delivered,No,0,0,,No
cyber-aware-2026q1,sam.ueda@example.com,Sales,12/01/2026 08:30,Delivered,No,2,0,12/01/2026 09:57,No
cyber-aware-2026q1,ben.muller2@example.com,Technology,12/01/2026 08:30,Delivered,No,0,0,,No
cyber-aware-2026q1,yusuf.yilmaz2@example.com,Manufacturing,12/01/2026 08:30,Delivered,No,0,0,,No
cyber-aware-2026q1,cara.kowalski3@example.com,Technology,12/01/2026 08:30,Delivered,No,1,0,12/01/2026 10:01,No
cyber-aware-2026q1,viktor.lopez2@example.com,Operations,12/01/2026 08:30,Delivered,No,1,1,12/01/2026 13:25,No
cyber-aware-2026q1,wei.rossi2@example.com,Operations,12/01/2026 08:30,Delivered,No,0,0,,No
cyber-aware-2026q1,bruno.kowalski3@example.com,Manufacturing,12/01/2026 08:30,Delivered,No,1,0,12/01/2026 12:32,No
cyber-aware-2026q1,uma.jensen3@example.com,Marketing,12/01/2026 08:30,Delivered,No,0,0,,No
cyber-aware-2026q1,ben.iyer@example.com,Finance,12/01/2026 08:30,Bounced,Yes,0,0,,No
cyber-aware-2026q1,liam.yilmaz2@example.com,Manufacturing,12/01/2026 08:30,Delivered,No,0,0,,No
cyber-aware-2026q1,dmitri.garcia@example.com,Manufacturing,12/01/2026 08:30,Delivered,No,0,0,,No
cyber-aware-2026q1,elena.vargas2@example.com,Technology,12/01/2026 08:30,Delivered,No,1,1,12/01/2026 12:32,No
cyber-aware-2026q1,uma.tanaka2@example.com,Marketing,12/01/2026 08:30,Delivered,No,3,0,14/01/2026 13:28,No
cyber-aware-2026q1,maya.jensen@example.com,Marketing,12/01/2026 08:30,Delivered,No,1,1,12/01/2026 09:48,No
cyber-aware-2026q1,liam.okafor@example.com,Sales,12/01/2026 08:30,Delivered,No,2,1,12/01/2026 09:43,No
cyber-aware-2026q1,aisha.silva3@example.com,Manufacturing,12/01/2026 08:30,Delivered,No,3,0,12/01/2026 12:40,No
cyber-aware-2026q1,liam.jensen2@example.com,Sales,12/01/2026 08:30,Delivered,No,2,0,12/01/2026 13:20,No
cyber-aware-2026q1,viktor.yilmaz2@example.com,HR,12/01/2026 08:30,Delivered,No,2,1,12/01/2026 09:55,No
cyber-aware-2026q1,tariq.kowalski2@example.com,Technology,12/01/2026 08:30,Delivered,No,1,1,12/01/2026 13:02,No
cyber-aware-2026q1,priya.muller@example.com,Finance,12/01/2026 08:30,Delivered,No,1,0,12/01/2026 12:44,No
cyber-aware-2026q1,rosa.garcia@example.com,Manufacturing,12/01/2026 08:30,Delivered,No,0,0,,No
cyber-aware-2026q1,ben.novak@example.com,Technology,12/01/2026 08:30,Delivered,No,1,0,12/01/2026 13:16,No
cyber-aware-2026q1,kira.tanaka2@example.com,Operations,12/01/2026 08:30,Delivered,No,0,0,,No
cyber-aware-2026q1,kira.ahmed@example.com,Marketing,12/01/2026 08:30,Delivered,No,0,0,,No
cyber-aware-2026q1,xenia.chen4@example.com,Operations,12/01/2026 08:30,Delivered,No,0,0,,No
cyber-aware-2026q1,jonas.fischer@example.com,Operations,12/01/2026 08:30,Delivered,No,0,0,,No
cyber-aware-2026q1,olu.dubois@example.com,Marketing,12/01/2026 08:30,Delivered,No,2,4,12/01/2026 13:22,No
cyber-aware-2026q1,xenia.evans3@example.com,Operations,12/01/2026 08:30,Delivered,No,0,0,,No
cyber-aware-2026q1,kira.ahmed2@example.com,Operations,12/01/2026 08:30,Delivered,No,1,2,13/01/2026 05:11,No
cyber-aware-2026q1,bruno.vargas@example.com,Manufacturing,12/01/2026 08:30,Delivered,No,0,0,,No
cyber-aware-2026q1,zoe.chen@example.com,Finance,12/01/2026 08:30,Delivered,No,0,0,,No
cyber-aware-2026q1,daniel.brown@example.com,Legal,12/01/2026 08:30,Delivered,No,0,0,,No
cyber-aware-2026q1,quinn.ueda@example.com,Manufacturing,12/01/2026 08:30,Delivered,No,2,0,14/01/2026 13:03,No
cyber-aware-2026q1,jonas.iyer@example.com,Operations,12/01/2026 08:30,Delivered,No,0,0,,No
cyber-aware-2026q1,sam.walsh3@example.com,Technology,12/01/2026 08:30,Delivered,No,0,0,,No
cyber-aware-2026q1,grace.novak@example.com,Finance,12/01/2026 08:30,Delivered,No,0,0,,No
cyber-aware-2026q1,priya.ueda@example.com,Operations,12/01/2026 08:30,Delivered,No,0,0,,No
cyber-aware-2026q1,wei.silva2@example.com,Manufacturing,12/01/2026 08:30,Delivered,No,0,0,,No
cyber-aware-2026q1,quinn.brown@example.com,HR,12/01/2026 08:30,Delivered,No,1,0,13/01/2026 04:38,No
cyber-aware-2026q1,grace.tanaka3@example.com,Marketing,12/01/2026 08:30,Delivered,No,1,0,12/01/2026 12:47,No
cyber-aware-2026q1,sam.garcia@example.com,Marketing,12/01/2026 08:30,Delivered,No,1,0,12/01/2026 09:51,No
cyber-aware-2026q1,daniel.dubois3@example.com,Operations,12/01/2026 08:30,Delivered,No,0,0,,No
cyber-aware-2026q1,tariq.okafor2@example.com,Technology,12/01/2026 08:30,Delivered,No,0,0,,No
cyber-aware-2026q1,liam.muller@example.com,Manufacturing,12/01/2026 08:30,Delivered,No,0,0,,No
cyber-aware-2026q1,viktor.patel4@example.com,Operations,12/01/2026 08:30,Delivered,No,1,1,13/01/2026 05:00,No
cyber-aware-2026q1,cara.chen2@example.com,Technology,12/01/2026 08:30,Delivered,No,2,0,12/01/2026 10:26,No
cyber-aware-2026q1,uma.ahmed2@example.com,Manufacturing,12/01/2026 08:30,Delivered,No,0,0,,No
cyber-aware-2026q1,chloe.novak2@example.com,Marketing,12/01/2026 08:30,Delivered,No,2,0,12/01/2026 12:49,No
cyber-aware-2026q1,yusuf.lopez@example.com,Manufacturing,12/01/2026 08:30,Delivered,No,0,0,,Yes
cyber-aware-2026q1,wei.tanaka3@example.com,Operations,12/01/2026 08:30,Delivered,No,0,0,,No
cyber-aware-2026q1,farid.muller2@example.com,Manufacturing,12/01/2026 08:30,Bounced,Yes,0,0,,No
cyber-aware-2026q1,olu.zhang@example.com,Sales,12/01/2026 08:30,Delivered,No,1,2,12/01/2026 09:43,No
cyber-aware-2026q1,amara.walsh4@example.com,Marketing,12/01/2026 08:30,Delivered,No,0,0,,No
cyber-aware-2026q1,ben.muller3@example.com,Technology,12/01/2026 08:30,Delivered,No,1,1,12/01/2026 10:17,No
cyber-aware-2026q1,ben.rossi3@example.com,Operations,12/01/2026 08:30,Delivered,No,2,0,13/01/2026 04:46,No
cyber-aware-2026q1,xenia.lopez@example.com,Manufacturing,12/01/2026 08:30,Delivered,No,1,0,12/01/2026 12:56,No
cyber-aware-2026q1,amara.yilmaz@example.com,Sales,12/01/2026 08:30,Delivered,No,3,0,12/01/2026 09:31,No
cyber-aware-2026q1,maya.tanaka@example.com,Manufacturing,12/01/2026 08:30,Delivered,No,0,0,,No
cyber-aware-2026q1,priya.silva@example.com,Marketing,12/01/2026 08:30,Delivered,No,0,0,,No
cyber-aware-2026q1,kira.ahmed3@example.com,Sales,12/01/2026 08:30,Delivered,No,3,0,14/01/2026 12:54,No
cyber-aware-2026q1,amara.iyer@example.com,HR,12/01/2026 08:30,Delivered,No,0,0,,No
cyber-aware-2026q1,farid.patel@example.com,Manufacturing,12/01/2026 08:30,Delivered,No,0,0,,No
cyber-aware-2026q1,kira.evans@example.com,Marketing,12/01/2026 08:30,Delivered,No,1,0,13/01/2026 04:42,No
cyber-aware-2026q1,tariq.ahmed@example.com,Operations,12/01/2026 08:30,Delivered,No,0,0,,No
cyber-aware-2026q1,chloe.lopez2@example.com,Manufacturing,12/01/2026 08:30,Delivered,No,0,0,,No
cyber-aware-2026q1,tariq.muller2@example.com,Legal,12/01/2026 08:30,Delivered,No,1,0,12/01/2026 13:05,No
cyber-aware-2026q1,noah.iyer4@example.com,Technology,12/01/2026 08:30,Delivered,No,0,0,,No
cyber-aware-2026q1,noah.tanaka2@example.com,Legal,12/01/2026 08:30,Delivered,No,1,0,13/01/2026 04:37,No
cyber-aware-2026q1,quinn.walsh2@example.com,Manufacturing,12/01/2026 08:30,Delivered,No,0,0,,No
cyber-aware-2026q1,farid.fischer2@example.com,Manufacturing,12/01/2026 08:30,Delivered,No,0,0,,No
cyber-aware-2026q1,priya.jensen2@example.com,Operations,12/01/2026 08:30,Delivered,No,0,0,,No
cyber-aware-2026q1,jonas.rossi@example.com,Technology,12/01/2026 08:30,Delivered,No,0,0,,No
cyber-aware-2026q1,quinn.muller2@example.com,Technology,12/01/2026 08:30,Delivered,No,0,0,,No
cyber-aware-2026q1,chloe.silva2@example.com,Sales,12/01/2026 08:30,Delivered,No,1,0,13/01/2026 05:09,No
cyber-aware-2026q1,farid.vargas3@example.com,Sales,12/01/2026 08:30,Delivered,No,1,0,12/01/2026 13:27,No
cyber-aware-2026q1,liam.vargas@example.com,Manufacturing,12/01/2026 08:30,Delivered,No,0,0,,No
cyber-aware-2026q1,tariq.zhang2@example.com,Manufacturing,12/01/2026 08:30,Delivered,No,0,0,,No
cyber-aware-2026q1,uma.silva@example.com,Technology,12/01/2026 08:30,Delivered,No,0,0,,No
cyber-aware-2026q1,olu.ahmed@example.com,Marketing,12/01/2026 08:30,Delivered,No,0,0,,No
cyber-aware-2026q1,ines.iyer2@example.com,Sales,12/01/2026 08:30,Delivered,No,0,0,,No
cyber-aware-2026q1,liam.garcia2@example.com,Operations,12/01/2026 08:30,Delivered,No,0,0,,No
cyber-aware-2026q1,priya.fischer2@example.com,Technology,12/01/2026 08:30,Delivered,No,1,0,13/01/2026 05:16,No
cyber-aware-2026q1,grace.lopez2@example.com,Manufacturing,12/01/2026 08:30,Delivered,No,0,0,,No
cyber-aware-2026q1,uma.hansen@example.com,Operations,12/01/2026 08:30,Delivered,No,1,0,12/01/2026 09:43,No
cyber-aware-2026q1,noah.hansen2@example.com,Manufacturing,12/01/2026 08:30,Delivered,No,1,0,13/01/2026 05:17,No
cyber-aware-2026q1,noah.tanaka3@example.com,Manufacturing,12/01/2026 08:30,Delivered,No,0,0,,No
cyber-aware-2026q1,ines.chen@example.com,Operations,12/01/2026 08:30,Delivered,No,2,0,12/01/2026 09:57,No
cyber-aware-2026q1,wei.evans2@example.com,Manufacturing,12/01/2026 08:30,Delivered,No,1,0,12/01/2026 12:44,No
cyber-aware-2026q1,noah.evans@example.com,HR,12/01/2026 08:30,Delivered,No,0,0,,No
cyber-aware-2026q1,amara.lopez2@example.com,Technology,12/01/2026 08:30,Delivered,No,0,0,,No
cyber-aware-2026q1,kira.okafor2@example.com,Sales,12/01/2026 08:30,Delivered,No,2,2,12/01/2026 09:36,No
cyber-aware-2026q1,chloe.chen@example.com,Finance,12/01/2026 08:30,Delivered,No,0,0,,No
cyber-aware-2026q1,cara.yilmaz2@example.com,Manufacturing,12/01/2026 08:30,Delivered,No,0,0,,No
cyber-aware-2026q1,liam.okafor2@example.com,HR,12/01/2026 08:30,Delivered,No,1,0,12/01/2026 10:22,No
cyber-aware-2026q1,sam.ahmed@example.com,Technology,12/01/2026 08:30,Delivered,No,0,0,,No
cyber-aware-2026q1,farid.garcia@example.com,Manufacturing,12/01/2026 08:30,Delivered,No,1,1,13/01/2026 05:24,No
cyber-aware-2026q1,viktor.patel5@example.com,Technology,12/01/2026 08:30,Delivered,No,1,0,12/01/2026 09:42,No
cyber-aware-2026q1,kira.tanaka3@example.com,Sales,12/01/2026 08:30,Delivered,No,1,0,12/01/2026 10:21,No
cyber-aware-2026q1,chloe.hansen@example.com,Technology,12/01/2026 08:30,Delivered,No,0,0,,No
cyber-aware-2026q1,kira.yilmaz2@example.com,Marketing,12/01/2026 08:30,Delivered,No,2,1,12/01/2026 13:11,No
cyber-aware-2026q1,xenia.garcia3@example.com,Manufacturing,12/01/2026 08:30,Delivered,No,0,0,,No
cyber-aware-2026q1,viktor.yilmaz3@example.com,Manufacturing,12/01/2026 08:30,Delivered,No,0,0,,No
cyber-aware-2026q1,cara.ahmed3@example.com,Marketing,12/01/2026 08:30,Delivered,No,0,0,,No
cyber-aware-2026q1,yusuf.lopez2@example.com,Sales,12/01/2026 08:30,Delivered,No,1,1,12/01/2026 09:55,No
cyber-aware-2026q1,cara.kowalski4@example.com,Manufacturing,12/01/2026 08:30,Delivered,No,0,0,,No
cyber-aware-2026q1,xenia.okafor@example.com,Operations,12/01/2026 08:30,Delivered,No,0,0,,No
cyber-aware-2026q1,wei.kowalski@example.com,Sales,12/01/2026 08:30,Delivered,No,0,0,,No
cyber-aware-2026q1,ben.evans4@example.com,Finance,12/01/2026 08:30,Delivered,No,0,0,,No
cyber-aware-2026q1,liam.ueda2@example.com,Operations,12/01/2026 08:30,Delivered,No,2,0,12/01/2026 13:26,No
cyber-aware-2026q1,tariq.kowalski3@example.com,Legal,12/01/2026 08:30,Delivered,No,1,0,12/01/2026 12:51,No
cyber-aware-2026q1,farid.hansen3@example.com,Manufacturing,12/01/2026 08:30,Delivered,No,0,0,,No
cyber-aware-2026q1,amara.novak2@example.com,Operations,12/01/2026 08:30,Delivered,No,0,0,,No
cyber-aware-2026q1,wei.muller@example.com,Sales,12/01/2026 08:30,Delivered,No,0,0,,No
cyber-aware-2026q1,uma.novak2@example.com,Marketing,12/01/2026 08:30,Delivered,No,1,0,12/01/2026 10:00,No
cyber-aware-2026q1,rosa.ueda2@example.com,Technology,12/01/2026 08:30,Delivered,No,1,1,12/01/2026 09:43,No
cyber-aware-2026q1,maya.garcia2@example.com,Operations,12/01/2026 08:30,Delivered,No,0,0,,No
cyber-aware-2026q1,elena.yilmaz@example.com,Manufacturing,12/01/2026 08:30,Delivered,No,0,0,,No
cyber-aware-2026q1,daniel.chen3@example.com,Manufacturing,12/01/2026 08:30,Delivered,No,1,0,12/01/2026 13:23,No
cyber-aware-2026q1,jonas.chen2@example.com,Manufacturing,12/01/2026 08:30,Delivered,No,0,0,,No
cyber-aware-2026q1,yusuf.dubois2@example.com,Finance,12/01/2026 08:30,Delivered,No,0,0,,No
cyber-aware-2026q1,kira.zhang@example.com,HR,12/01/2026 08:30,Delivered,No,1,2,12/01/2026 09:43,No
cyber-aware-2026q1,ines.lopez3@example.com,Manufacturing,12/01/2026 08:30,Delivered,No,0,0,,No
cyber-aware-2026q1,elena.okafor@example.com,Manufacturing,12/01/2026 08:30,Delivered,No,0,0,,No
cyber-aware-2026q1,uma.silva2@example.com,Technology,12/01/2026 08:30,Delivered,No,0,0,,No
cyber-aware-2026q1,priya.tanaka3@example.com,Operations,12/01/2026 08:30,Delivered,No,0,0,,No
cyber-aware-2026q1,bruno.okafor@example.com,Technology,12/01/2026 08:30,Delivered,No,1,0,13/01/2026 05:00,No
cyber-aware-2026q1,dmitri.kowalski@example.com,Manufacturing,12/01/2026 08:30,Delivered,No,0,0,,No
cyber-aware-2026q1,xenia.vargas5@example.com,Marketing,12/01/2026 08:30,Delivered,No,1,0,13/01/2026 05:14,No
cyber-aware-2026q1,quinn.fischer2@example.com,Manufacturing,12/01/2026 08:30,Delivered,No,0,0,,No
cyber-aware-2026q1,grace.okafor@example.com,Manufacturing,12/01/2026 08:30,Delivered,No,0,0,,No
cyber-aware-2026q1,quinn.okafor2@example.com,Manufacturing,12/01/2026 08:30,Delivered,No,0,0,,No
cyber-aware-2026q1,ines.tanaka2@example.com,Legal,12/01/2026 08:30,Delivered,No,0,0,,No
cyber-aware-2026q1,hiro.zhang3@example.com,HR,12/01/2026 08:30,Delivered,No,0,0,,No
cyber-aware-2026q1,cara.walsh@example.com,Technology,12/01/2026 08:30,Delivered,No,0,0,,No
cyber-aware-2026q1,grace.muller3@example.com,Marketing,12/01/2026 08:30,Delivered,No,3,0,12/01/2026 09:57,No
cyber-aware-2026q1,maya.walsh@example.com,Operations,12/01/2026 08:30,Delivered,No,2,0,12/01/2026 13:25,No
cyber-aware-2026q1,kira.zhang2@example.com,Manufacturing,12/01/2026 08:30,Delivered,No,0,0,,No
cyber-aware-2026q1,ines.kowalski@example.com,Manufacturing,12/01/2026 08:30,Delivered,No,0,0,,No
cyber-aware-2026q1,viktor.fischer@example.com,Sales,12/01/2026 08:30,Delivered,No,0,0,,No
cyber-aware-2026q1,amara.jensen@example.com,Technology,12/01/2026 08:30,Delivered,No,0,0,,No
cyber-aware-2026q1,aisha.brown2@example.com,Technology,12/01/2026 08:30,Delivered,No,0,0,,No
cyber-aware-2026q1,hiro.zhang4@example.com,Manufacturing,12/01/2026 08:30,Bounced,Yes,0,0,,No
cyber-aware-2026q1,kira.ahmed4@example.com,Manufacturing,12/01/2026 08:30,Delivered,No,0,0,,No
cyber-aware-2026q1,amara.lopez3@example.com,Technology,12/01/2026 08:30,Delivered,No,1,1,12/01/2026 09:40,No
cyber-aware-2026q1,olu.iyer@example.com,Technology,12/01/2026 08:30,Delivered,No,0,0,,No
cyber-aware-2026q1,chloe.walsh2@example.com,HR,12/01/2026 08:30,Delivered,No,0,0,,No
cyber-aware-2026q1,zoe.walsh2@example.com,Operations,12/01/2026 08:30,Delivered,No,2,0,12/01/2026 09:47,No
cyber-aware-2026q1,farid.brown@example.com,Marketing,12/01/2026 08:30,Delivered,No,0,0,,No
cyber-aware-2026q1,daniel.chen4@example.com,Marketing,12/01/2026 08:30,Delivered,No,2,0,13/01/2026 05:04,No
cyber-aware-2026q1,noah.dubois2@example.com,Operations,12/01/2026 08:30,Delivered,No,0,0,,No
cyber-aware-2026q1,elena.lopez2@example.com,Manufacturing,12/01/2026 08:30,Delivered,No,0,0,,No
cyber-aware-2026q1,yusuf.hansen2@example.com,Operations,12/01/2026 08:30,Delivered,No,0,0,,No
cyber-aware-2026q1,wei.rossi3@example.com,Sales,12/01/2026 08:30,Delivered,No,0,0,,No
cyber-aware-2026q1,viktor.brown4@example.com,Technology,12/01/2026 08:30,Delivered,No,0,0,,No
cyber-aware-2026q1,hiro.dubois2@example.com,Manufacturing,12/01/2026 08:30,Delivered,No,0,0,,No
cyber-aware-2026q1,elena.rossi2@example.com,Technology,12/01/2026 08:30,Delivered,No,1,2,12/01/2026 12:58,Yes
cyber-aware-2026q1,xenia.yilmaz3@example.com,Finance,12/01/2026 08:30,Delivered,No,1,0,13/01/2026 05:06,No
cyber-aware-2026q1,hiro.zhang5@example.com,Marketing,12/01/2026 08:30,Delivered,No,0,0,,No
cyber-aware-2026q1,hiro.silva@example.com,Manufacturing,12/01/2026 08:30,Delivered,No,0,0,,No
cyber-aware-2026q1,daniel.brown2@example.com,Finance,12/01/2026 08:30,Delivered,No,0,0,,No
cyber-aware-2026q1,grace.hansen2@example.com,Operations,12/01/2026 08:30,Bounced,Yes,0,0,,No
cyber-aware-2026q1,dmitri.zhang2@example.com,Manufacturing,12/01/2026 08:30,Delivered,No,0,0,,No
cyber-aware-2026q1,maya.evans2@example.com,Operations,12/01/2026 08:30,Delivered,No,2,0,12/01/2026 10:12,No
cyber-aware-2026q1,liam.ueda3@example.com,Manufacturing,12/01/2026 08:30,Delivered,No,0,0,,No
cyber-aware-2026q1,jonas.walsh4@example.com,Sales,12/01/2026 08:30,Bounced,Yes,0,0,,No
cyber-aware-2026q1,amara.fischer2@example.com,HR,12/01/2026 08:30,Delivered,No,1,0,13/01/2026 05:10,No
cyber-aware-2026q1,tariq.muller3@example.com,Operations,12/01/2026 08:30,Delivered,No,0,0,,No
cyber-aware-2026q1,viktor.garcia@example.com,HR,12/01/2026 08:30,Delivered,No,0,0,,No
cyber-aware-2026q1,noah.rossi2@example.com,Operations,12/01/2026 08:30,Delivered,No,0,0,,No
cyber-aware-2026q1,yusuf.brown2@example.com,Sales,12/01/2026 08:30,Delivered,No,0,0,,No
cyber-aware-2026q1,elena.evans@example.com,Manufacturing,12/01/2026 08:30,Delivered,No,1,0,12/01/2026 10:16,No
cyber-aware-2026q1,hiro.lopez3@example.com,Marketing,12/01/2026 08:30,Delivered,No,2,2,12/01/2026 10:11,No
cyber-aware-2026q1,chloe.ueda2@example.com,Operations,12/01/2026 08:30,Delivered,No,1,1,12/01/2026 09:40,No
cyber-aware-2026q1,hiro.lopez4@example.com,Manufacturing,12/01/2026 08:30,Delivered,No,0,0,,No
cyber-aware-2026q1,cara.chen3@example.com,Finance,12/01/2026 08:30,Delivered,No,2,1,12/01/2026 13:29,No
cyber-aware-2026q1,viktor.patel6@example.com,Manufacturing,12/01/2026 08:30,Delivered,No,0,0,,No
cyber-aware-2026q1,priya.garcia@example.com,Operations,12/01/2026 08:30,Delivered,No,1,0,12/01/2026 10:13,No
cyber-aware-2026q1,olu.fischer2@example.com,Sales,12/01/2026 08:30,Delivered,No,3,0,12/01/2026 13:29,No
cyber-aware-2026q1,maya.kowalski@example.com,Manufacturing,12/01/2026 08:30,Delivered,No,0,0,,No
cyber-aware-2026q1,uma.kowalski@example.com,Legal,12/01/2026 08:30,Delivered,No,0,0,,No
cyber-aware-2026q1,hiro.brown2@example.com,Operations,12/01/2026 08:30,Delivered,No,1,0,12/01/2026 12:35,No
cyber-aware-2026q1,grace.novak2@example.com,Operations,12/01/2026 08:30,Delivered,No,0,0,,No
cyber-aware-2026q1,elena.jensen3@example.com,Marketing,12/01/2026 08:30,Delivered,No,0,0,,No
cyber-aware-2026q1,aisha.rossi3@example.com,Finance,12/01/2026 08:30,Bounced,Yes,0,0,,No
cyber-aware-2026q1,yusuf.iyer2@example.com,Operations,12/01/2026 08:30,Delivered,No,0,0,,No
cyber-aware-2026q1,ines.muller@example.com,Sales,12/01/2026 08:30,Delivered,No,0,0,,No
cyber-aware-2026q1,maya.hansen3@example.com,Marketing,12/01/2026 08:30,Delivered,No,0,0,,No
cyber-aware-2026q1,bruno.okafor2@example.com,HR,12/01/2026 08:30,Delivered,No,2,1,12/01/2026 10:23,No
cyber-aware-2026q1,jonas.chen3@example.com,Technology,12/01/2026 08:30,Delivered,No,1,2,12/01/2026 10:07,No
cyber-aware-2026q1,kira.brown4@example.com,Manufacturing,12/01/2026 08:30,Delivered,No,1,0,12/01/2026 12:56,No
cyber-aware-2026q1,jonas.dubois2@example.com,Manufacturing,12/01/2026 08:30,Delivered,No,0,0,,No
cyber-aware-2026q1,sam.hansen@example.com,Sales,12/01/2026 08:30,Delivered,No,0,0,,No
cyber-aware-2026q1,wei.hansen3@example.com,Sales,12/01/2026 08:30,Delivered,No,0,0,,No
cyber-aware-2026q1,bruno.silva2@example.com,Operations,12/01/2026 08:30,Delivered,No,0,0,,No
cyber-aware-2026q1,maya.tanaka2@example.com,Manufacturing,12/01/2026 08:30,Delivered,No,0,0,,No
cyber-aware-2026q1,ben.ueda2@example.com,Manufacturing,12/01/2026 08:30,Delivered,No,1,1,12/01/2026 09:40,No
cyber-aware-2026q1,liam.novak2@example.com,Technology,12/01/2026 08:30,Delivered,No,2,0,13/01/2026 04:47,No
cyber-aware-2026q1,elena.dubois@example.com,Manufacturing,12/01/2026 08:30,Delivered,No,0,0,,No
cyber-aware-2026q1,daniel.garcia2@example.com,Marketing,12/01/2026 08:30,Delivered,No,0,0,,No
cyber-aware-2026q1,sam.chen2@example.com,Manufacturing,12/01/2026 08:30,Delivered,No,0,0,,No
cyber-aware-2026q1,bruno.garcia3@example.com,Manufacturing,12/01/2026 08:30,Delivered,No,1,0,13/01/2026 05:27,No
cyber-aware-2026q1,daniel.okafor@example.com,Legal,12/01/2026 08:30,Delivered,No,0,0,,No
cyber-aware-2026q1,hiro.lopez5@example.com,Finance,12/01/2026 08:30,Delivered,No,1,2,12/01/2026 10:22,No
cyber-aware-2026q1,hiro.brown3@example.com,Marketing,12/01/2026 08:30,Bounced,Yes,0,0,,No
cyber-aware-2026q1,amara.iyer2@example.com,HR,12/01/2026 08:30,Delivered,No,0,0,,No
cyber-aware-2026q1,noah.iyer5@example.com,Sales,12/01/2026 08:30,Delivered,No,2,0,12/01/2026 09:49,No
cyber-aware-2026q1,kira.evans2@example.com,Operations,12/01/2026 08:30,Delivered,No,0,0,,No
cyber-aware-2026q1,farid.lopez@example.com,Finance,12/01/2026 08:30,Delivered,No,0,0,,No
cyber-aware-2026q1,chloe.ahmed@example.com,Technology,12/01/2026 08:30,Delivered,No,1,1,13/01/2026 04:38,No
cyber-aware-2026q1,bruno.patel@example.com,Sales,12/01/2026 08:30,Delivered,No,0,0,,No
cyber-aware-2026q1,farid.hansen4@example.com,Technology,12/01/2026 08:30,Delivered,No,0,0,,No
cyber-aware-2026q1,tariq.yilmaz2@example.com,Manufacturing,12/01/2026 08:30,Delivered,No,0,0,,No
cyber-aware-2026q1,noah.hansen3@example.com,Technology,12/01/2026 08:30,Delivered,No,0,0,,No
cyber-aware-2026q1,bruno.novak2@example.com,Manufacturing,12/01/2026 08:30,Delivered,No,0,0,,No
cyber-aware-2026q1,yusuf.evans@example.com,Manufacturing,12/01/2026 08:30,Delivered,No,1,0,13/01/2026 05:07,No
cyber-aware-2026q1,elena.muller3@example.com,Marketing,12/01/2026 08:30,Delivered,No,0,0,,No
cyber-aware-2026q1,xenia.walsh2@example.com,Manufacturing,12/01/2026 08:30,Delivered,No,0,0,,No
cyber-aware-2026q1,kira.ueda4@example.com,Technology,12/01/2026 08:30,Delivered,No,1,0,12/01/2026 10:22,No
cyber-aware-2026q1,chloe.hansen2@example.com,Operations,12/01/2026 08:30,Delivered,No,0,0,,No
cyber-aware-2026q1,noah.evans2@example.com,Technology,12/01/2026 08:30,Delivered,No,2,0,12/01/2026 10:07,No
cyber-aware-2026q1,olu.evans@example.com,Technology,12/01/2026 08:30,Delivered,No,1,0,12/01/2026 12:39,No
cyber-aware-2026q1,sam.walsh4@example.com,HR,12/01/2026 08:30,Delivered,No,5,0,12/01/2026 12:50,No
cyber-aware-2026q1,chloe.silva3@example.com,Sales,12/01/2026 08:30,Delivered,No,0,0,,No
cyber-aware-2026q1,yusuf.patel@example.com,Manufacturing,12/01/2026 08:30,Bounced,Yes,0,0,,No
cyber-aware-2026q1,ben.muller4@example.com,Manufacturing,12/01/2026 08:30,Delivered,No,0,0,,No
cyber-aware-2026q1,grace.walsh2@example.com,Sales,12/01/2026 08:30,Delivered,No,0,0,,No
cyber-aware-2026q1,viktor.hansen3@example.com,Manufacturing,12/01/2026 08:30,Delivered,No,0,0,,No
cyber-aware-2026q1,dmitri.lopez2@example.com,Manufacturing,12/01/2026 08:30,Delivered,No,0,0,,No
cyber-aware-2026q1,farid.muller3@example.com,Marketing,12/01/2026 08:30,Delivered,No,1,1,13/01/2026 05:08,No
cyber-aware-2026q1,hiro.kowalski2@example.com,Technology,12/01/2026 08:30,Delivered,No,0,0,,No
cyber-aware-2026q1,dmitri.iyer@example.com,Operations,12/01/2026 08:30,Delivered,No,1,0,12/01/2026 10:05,No
cyber-aware-2026q1,cara.silva@example.com,Technology,12/01/2026 08:30,Delivered,No,1,0,12/01/2026 10:16,No
cyber-aware-2026q1,ines.silva@example.com,HR,12/01/2026 08:30,Delivered,No,0,0,,No
cyber-aware-2026q1,zoe.zhang@example.com,Technology,12/01/2026 08:30,Delivered,No,1,0,12/01/2026 12:31,No
cyber-aware-2026q1,rosa.brown@example.com,HR,12/01/2026 08:30,Delivered,No,0,0,,No
cyber-aware-2026q1,hiro.okafor2@example.com,HR,12/01/2026 08:30,Delivered,No,1,0,12/01/2026 12:36,No
cyber-aware-2026q1,viktor.evans2@example.com,Marketing,12/01/2026 08:30,Delivered,No,1,0,12/01/2026 09:57,No
cyber-aware-2026q1,uma.ueda3@example.com,Marketing,12/01/2026 08:30,Delivered,No,2,1,13/01/2026 04:46,No
cyber-aware-2026q1,rosa.yilmaz2@example.com,Finance,12/01/2026 08:30,Delivered,No,0,0,,No
cyber-aware-2026q1,xenia.ueda@example.com,Legal,12/01/2026 08:30,Delivered,No,3,1,12/01/2026 12:32,No
cyber-aware-2026q1,aisha.zhang@example.com,HR,12/01/2026 08:30,Delivered,No,3,0,12/01/2026 12:54,No
cyber-aware-2026q1,jonas.lopez2@example.com,Operations,12/01/2026 08:30,Delivered,No,1,0,12/01/2026 13:12,No
cyber-aware-2026q1,rosa.okafor4@example.com,Marketing,12/01/2026 08:30,Delivered,No,2,1,13/01/2026 04:31,No
cyber-aware-2026q1,daniel.novak2@example.com,Manufacturing,12/01/2026 08:30,Delivered,No,2,1,12/01/2026 12:39,No
cyber-aware-2026q1,zoe.jensen@example.com,Legal,12/01/2026 08:30,Delivered,No,1,1,12/01/2026 09:41,No
cyber-aware-2026q1,tariq.fischer2@example.com,Manufacturing,12/01/2026 08:30,Delivered,No,0,0,,No
cyber-aware-2026q1,amara.okafor@example.com,Technology,12/01/2026 08:30,Delivered,No,3,0,12/01/2026 10:14,No
cyber-aware-2026q1,sam.ahmed2@example.com,Sales,12/01/2026 08:30,Delivered,No,0,0,,No
cyber-aware-2026q1,quinn.yilmaz3@example.com,Sales,12/01/2026 08:30,Delivered,No,1,0,13/01/2026 05:20,No
cyber-aware-2026q1,cara.walsh2@example.com,Technology,12/01/2026 08:30,Delivered,No,0,0,,No
cyber-aware-2026q1,amara.silva3@example.com,Sales,12/01/2026 08:30,Delivered,No,1,0,13/01/2026 05:29,No
cyber-aware-2026q1,chloe.okafor3@example.com,Sales,12/01/2026 08:30,Delivered,No,0,0,,No
cyber-aware-2026q1,quinn.jensen2@example.com,Manufacturing,12/01/2026 08:30,Delivered,No,0,0,,No
cyber-aware-2026q1,xenia.hansen2@example.com,Sales,12/01/2026 08:30,Delivered,No,0,0,,No
cyber-aware-2026q1,daniel.dubois4@example.com,Operations,12/01/2026 08:30,Delivered,No,0,0,,No
cyber-aware-2026q1,sam.novak@example.com,Manufacturing,12/01/2026 08:30,Delivered,No,0,0,,No
cyber-aware-2026q1,kira.rossi2@example.com,Operations,12/01/2026 08:30,Delivered,No,1,0,12/01/2026 13:28,No
cyber-aware-2026q1,xenia.kowalski2@example.com,Manufacturing,12/01/2026 08:30,Delivered,No,0,0,,No
cyber-aware-2026q1,quinn.iyer2@example.com,Technology,12/01/2026 08:30,Delivered,No,2,1,12/01/2026 13:22,No
cyber-aware-2026q1,ben.iyer2@example.com,Manufacturing,12/01/2026 08:30,Delivered,No,0,0,,No
cyber-aware-2026q1,viktor.ueda2@example.com,Manufacturing,12/01/2026 08:30,Delivered,No,0,0,,No
cyber-aware-2026q1,bruno.okafor3@example.com,Manufacturing,12/01/2026 08:30,Delivered,No,3,0,12/01/2026 09:34,No
cyber-aware-2026q1,elena.kowalski2@example.com,Manufacturing,12/01/2026 08:30,Delivered,No,0,0,,No
cyber-aware-2026q1,tariq.yilmaz3@example.com,Manufacturing,12/01/2026 08:30,Delivered,No,0,0,,No
cyber-aware-2026q1,zoe.garcia@example.com,Manufacturing,12/01/2026 08:30,Delivered,No,0,0,,No
cyber-aware-2026q1,ines.muller2@example.com,Sales,12/01/2026 08:30,Delivered,No,2,0,12/01/2026 12:53,No
cyber-aware-2026q1,dmitri.evans2@example.com,Marketing,12/01/2026 08:30,Delivered,No,1,0,12/01/2026 09:54,No
cyber-aware-2026q1,zoe.lopez@example.com,Operations,12/01/2026 08:30,Delivered,No,1,0,12/01/2026 12:54,No
cyber-aware-2026q1,dmitri.patel@example.com,Sales,12/01/2026 08:30,Delivered,No,1,0,13/01/2026 04:39,No
cyber-aware-2026q1,wei.dubois@example.com,Manufacturing,12/01/2026 08:30,Delivered,No,0,0,,No
cyber-aware-2026q1,tariq.brown@example.com,Manufacturing,12/01/2026 08:30,Delivered,No,0,0,,No
cyber-aware-2026q1,farid.patel2@example.com,Manufacturing,12/01/2026 08:30,Bounced,Yes,0,0,,No
cyber-aware-2026q1,rosa.hansen@example.com,Marketing,12/01/2026 08:30,Delivered,No,0,0,,No
cyber-aware-2026q1,viktor.novak@example.com,HR,12/01/2026 08:30,Delivered,No,0,0,,No
cyber-aware-2026q1,tariq.fischer3@example.com,Marketing,12/01/2026 08:30,Delivered,No,1,0,12/01/2026 13:18,No
cyber-aware-2026q1,wei.vargas@example.com,Operations,12/01/2026 08:30,Delivered,No,1,0,13/01/2026 05:19,No
cyber-aware-2026q1,ben.iyer3@example.com,Manufacturing,12/01/2026 08:30,Delivered,No,0,0,,No
cyber-aware-2026q1,quinn.ahmed2@example.com,Manufacturing,12/01/2026 08:30,Delivered,No,0,0,,No
cyber-aware-2026q1,amara.jensen2@example.com,Marketing,12/01/2026 08:30,Delivered,No,0,0,,No
cyber-aware-2026q1,yusuf.jensen@example.com,Finance,12/01/2026 08:30,Delivered,No,0,0,,No
cyber-aware-2026q1,grace.dubois@example.com,Operations,12/01/2026 08:30,Delivered,No,1,0,12/01/2026 12:42,No
cyber-aware-2026q1,grace.muller4@example.com,Manufacturing,12/01/2026 08:30,Delivered,No,0,0,,No
cyber-aware-2026q1,farid.novak@example.com,Manufacturing,12/01/2026 08:30,Delivered,No,0,0,,No
cyber-aware-2026q1,zoe.iyer@example.com,Sales,12/01/2026 08:30,Delivered,No,0,0,,No
cyber-aware-2026q1,tariq.brown2@example.com,Marketing,12/01/2026 08:30,Delivered,No,0,0,,No
cyber-aware-2026q1,amara.novak3@example.com,Manufacturing,12/01/2026 08:30,Delivered,No,0,0,,No
cyber-aware-2026q1,cara.silva2@example.com,Manufacturing,12/01/2026 08:30,Delivered,No,0,0,,No
cyber-aware-2026q1,noah.yilmaz@example.com,HR,12/01/2026 08:30,Delivered,No,0,0,,No
cyber-aware-2026q1,bruno.dubois2@example.com,Operations,12/01/2026 08:30,Delivered,No,3,1,13/01/2026 04:43,No
cyber-aware-2026q1,ben.brown3@example.com,Sales,12/01/2026 08:30,Delivered,No,1,4,12/01/2026 10:03,No
cyber-aware-2026q1,liam.jensen3@example.com,Sales,12/01/2026 08:30,Delivered,No,5,0,12/01/2026 09:57,No
cyber-aware-2026q1,maya.hansen4@example.com,Marketing,12/01/2026 08:30,Delivered,No,1,0,12/01/2026 09:50,No
cyber-aware-2026q1,viktor.dubois@example.com,Manufacturing,12/01/2026 08:30,Delivered,No,2,2,12/01/2026 10:17,No
cyber-aware-2026q1,hiro.patel4@example.com,Finance,12/01/2026 08:30,Delivered,No,2,0,12/01/2026 10:08,No
cyber-aware-2026q1,ben.silva4@example.com,Technology,12/01/2026 08:30,Delivered,No,1,0,13/01/2026 05:08,No
cyber-aware-2026q1,xenia.lopez2@example.com,Operations,12/01/2026 08:30,Delivered,No,0,0,,No
cyber-aware-2026q1,noah.iyer6@example.com,Manufacturing,12/01/2026 08:30,Delivered,No,0,0,,No
cyber-aware-2026q1,viktor.vargas2@example.com,Manufacturing,12/01/2026 08:30,Delivered,No,1,0,13/01/2026 05:29,No
cyber-aware-2026q1,grace.iyer@example.com,Legal,12/01/2026 08:30,Delivered,No,0,0,,No
cyber-aware-2026q1,viktor.iyer@example.com,Finance,12/01/2026 08:30,Delivered,No,0,0,,No
cyber-aware-2026q1,viktor.patel7@example.com,Manufacturing,12/01/2026 08:30,Delivered,No,0,0,,No
cyber-aware-2026q1,bruno.fischer2@example.com,Manufacturing,12/01/2026 08:30,Delivered,No,0,0,,Yes
cyber-aware-2026q1,dmitri.okafor@example.com,Manufacturing,12/01/2026 08:30,Delivered,No,1,0,12/01/2026 13:17,No
cyber-aware-2026q1,zoe.evans2@example.com,Manufacturing,12/01/2026 08:30,Delivered,No,0,0,,No
cyber-aware-2026q1,sam.walsh5@example.com,Marketing,12/01/2026 08:30,Delivered,No,0,0,,No
cyber-aware-2026q1,olu.fischer3@example.com,Marketing,12/01/2026 08:30,Delivered,No,0,0,,No
cyber-aware-2026q1,elena.hansen@example.com,Legal,12/01/2026 08:30,Delivered,No,2,0,12/01/2026 13:04,No
cyber-aware-2026q1,kira.silva@example.com,Finance,12/01/2026 08:30,Delivered,No,2,0,12/01/2026 09:53,No
cyber-aware-2026q1,elena.novak2@example.com,Sales,12/01/2026 08:30,Delivered,No,1,0,12/01/2026 10:04,No
cyber-aware-2026q1,yusuf.muller2@example.com,HR,12/01/2026 08:30,Delivered,No,0,0,,No
cyber-aware-2026q1,jonas.dubois3@example.com,Legal,12/01/2026 08:30,Delivered,No,2,0,13/01/2026 04:33,No
cyber-aware-2026q1,cara.rossi2@example.com,Sales,12/01/2026 08:30,Delivered,No,0,0,,No
cyber-aware-2026q1,bruno.chen@example.com,Manufacturing,12/01/2026 08:30,Delivered,No,0,0,,No
cyber-aware-2026q1,jonas.iyer2@example.com,Marketing,12/01/2026 08:30,Delivered,No,0,0,,No
cyber-aware-2026q1,cara.okafor2@example.com,Finance,12/01/2026 08:30,Delivered,No,0,0,,No
cyber-aware-2026q1,sam.patel@example.com,Operations,12/01/2026 08:30,Delivered,No,0,0,,No
cyber-aware-2026q1,viktor.patel8@example.com,Finance,12/01/2026 08:30,Delivered,No,0,0,,No
cyber-aware-2026q1,elena.novak3@example.com,Operations,12/01/2026 08:30,Delivered,No,0,0,,No
cyber-aware-2026q1,maya.brown2@example.com,Sales,12/01/2026 08:30,Bounced,Yes,0,0,,No
cyber-aware-2026q1,rosa.okafor5@example.com,Finance,12/01/2026 08:30,Delivered,No,5,1,12/01/2026 12:48,No
cyber-aware-2026q1,cara.zhang@example.com,Operations,12/01/2026 08:30,Delivered,No,0,0,,No
cyber-aware-2026q1,viktor.walsh2@example.com,Operations,12/01/2026 08:30,Delivered,No,0,0,,No
cyber-aware-2026q1,aisha.lopez@example.com,HR,12/01/2026 08:30,Delivered,No,1,1,12/01/2026 12:35,No
cyber-aware-2026q1,jonas.walsh5@example.com,Technology,12/01/2026 08:30,Delivered,No,1,0,12/01/2026 10:22,No
cyber-aware-2026q1,ines.zhang@example.com,Marketing,12/01/2026 08:30,Delivered,No,2,0,12/01/2026 10:18,No
cyber-aware-2026q1,dmitri.rossi2@example.com,Manufacturing,12/01/2026 08:30,Delivered,No,0,0,,No
cyber-aware-2026q1,quinn.dubois2@example.com,Manufacturing,12/01/2026 08:30,Delivered,No,1,0,13/01/2026 05:09,No
cyber-aware-2026q1,cara.zhang2@example.com,Manufacturing,12/01/2026 08:30,Delivered,No,0,0,,No
cyber-aware-2026q1,daniel.garcia3@example.com,Manufacturing,12/01/2026 08:30,Delivered,No,0,0,,No
cyber-aware-2026q1,uma.silva3@example.com,Operations,12/01/2026 08:30,Delivered,No,0,0,,No
cyber-aware-2026q1,daniel.hansen@example.com,Manufacturing,12/01/2026 08:30,Delivered,No,0,0,,No
cyber-aware-2026q1,ben.vargas@example.com,Legal,12/01/2026 08:30,Delivered,No,0,0,,No
cyber-aware-2026q1,liam.hansen@example.com,Technology,12/01/2026 08:30,Delivered,No,0,0,,No
cyber-aware-2026q1,kira.kowalski@example.com,Marketing,12/01/2026 08:30,Delivered,No,0,0,,No
cyber-aware-2026q1,zoe.silva@example.com,Manufacturing,12/01/2026 08:30,Bounced,Yes,0,0,,No
cyber-aware-2026q1,grace.silva@example.com,Marketing,12/01/2026 08:30,Bounced,Yes,0,0,,No
cyber-aware-2026q1,daniel.tanaka@example.com,Technology,12/01/2026 08:30,Delivered,No,3,4,12/01/2026 10:02,No
cyber-aware-2026q1,daniel.zhang3@example.com,Technology,12/01/2026 08:30,Delivered,No,0,0,,No
cyber-aware-2026q1,liam.garcia3@example.com,Operations,12/01/2026 08:30,Delivered,No,0,0,,No
cyber-aware-2026q1,maya.ahmed@example.com,Marketing,12/01/2026 08:30,Delivered,No,0,0,,No
cyber-aware-2026q1,maya.lopez@example.com,Operations,12/01/2026 08:30,Delivered,No,1,0,12/01/2026 13:29,No
cyber-aware-2026q1,ines.tanaka3@example.com,Operations,12/01/2026 08:30,Delivered,No,0,0,,No
cyber-aware-2026q1,bruno.evans@example.com,Sales,12/01/2026 08:30,Delivered,No,0,0,,No
cyber-aware-2026q1,rosa.lopez@example.com,Sales,12/01/2026 08:30,Delivered,No,1,1,12/01/2026 10:28,No
cyber-aware-2026q1,rosa.walsh2@example.com,Technology,12/01/2026 08:30,Delivered,No,2,0,12/01/2026 12:45,No
cyber-aware-2026q1,cara.fischer2@example.com,Finance,12/01/2026 08:30,Delivered,No,0,0,,No
cyber-aware-2026q1,tariq.jensen@example.com,HR,12/01/2026 08:30,Delivered,No,0,0,,No
cyber-aware-2026q1,aisha.rossi4@example.com,Operations,12/01/2026 08:30,Delivered,No,0,0,,No
cyber-aware-2026q1,elena.walsh@example.com,Manufacturing,12/01/2026 08:30,Delivered,No,0,0,,No
cyber-aware-2026q1,liam.zhang@example.com,Operations,12/01/2026 08:30,Bounced,Yes,0,0,,No
cyber-aware-2026q1,priya.yilmaz@example.com,Finance,12/01/2026 08:30,Delivered,No,3,0,12/01/2026 10:08,No
cyber-aware-2026q1,yusuf.walsh2@example.com,Finance,12/01/2026 08:30,Delivered,No,0,0,,No
cyber-aware-2026q1,xenia.fischer@example.com,Manufacturing,12/01/2026 08:30,Delivered,No,0,0,,No
cyber-aware-2026q1,kira.tanaka4@example.com,Operations,12/01/2026 08:30,Delivered,No,0,0,,No
cyber-aware-2026q1,ben.chen@example.com,HR,12/01/2026 08:30,Delivered,No,1,0,12/01/2026 09:42,No
cyber-aware-2026q1,daniel.patel@example.com,HR,12/01/2026 08:30,Delivered,No,1,1,12/01/2026 13:07,No
cyber-aware-2026q1,elena.ueda2@example.com,Sales,12/01/2026 08:30,Delivered,No,0,0,,No
cyber-aware-2026q1,dmitri.ahmed2@example.com,Operations,12/01/2026 08:30,Delivered,No,0,0,,No
cyber-aware-2026q1,ben.fischer@example.com,Operations,12/01/2026 08:30,Delivered,No,1,0,14/01/2026 12:56,No
cyber-aware-2026q1,amara.brown2@example.com,Manufacturing,12/01/2026 08:30,Delivered,No,0,0,,No
cyber-aware-2026q1,sam.rossi2@example.com,Technology,12/01/2026 08:30,Delivered,No,0,0,,No
cyber-aware-2026q1,rosa.hansen2@example.com,Marketing,12/01/2026 08:30,Delivered,No,0,0,,No
cyber-aware-2026q1,zoe.okafor@example.com,Technology,12/01/2026 08:30,Delivered,No,1,0,12/01/2026 12:55,No
cyber-aware-2026q1,farid.ueda@example.com,Technology,12/01/2026 08:30,Delivered,No,0,0,,No
cyber-aware-2026q1,viktor.garcia2@example.com,Technology,12/01/2026 08:30,Delivered,No,1,0,12/01/2026 12:55,No
cyber-aware-2026q1,jonas.ueda@example.com,Operations,12/01/2026 08:30,Delivered,No,0,0,,No
cyber-aware-2026q1,chloe.brown2@example.com,Marketing,12/01/2026 08:30,Delivered,No,1,4,12/01/2026 13:22,No
cyber-aware-2026q1,wei.rossi4@example.com,Technology,12/01/2026 08:30,Delivered,No,0,0,,No
cyber-aware-2026q1,rosa.muller2@example.com,Sales,12/01/2026 08:30,Delivered,No,2,2,12/01/2026 13:13,No
cyber-aware-2026q1,ben.novak2@example.com,Manufacturing,12/01/2026 08:30,Delivered,No,0,0,,No
cyber-aware-2026q1,grace.silva2@example.com,Operations,12/01/2026 08:30,Delivered,No,0,0,,No
cyber-aware-2026q1,kira.muller@example.com,Manufacturing,12/01/2026 08:30,Delivered,No,3,0,13/01/2026 04:50,No
cyber-aware-2026q1,grace.lopez3@example.com,Finance,12/01/2026 08:30,Delivered,No,1,0,12/01/2026 09:46,No
cyber-aware-2026q1,farid.brown2@example.com,Finance,12/01/2026 08:30,Delivered,No,0,0,,No
cyber-aware-2026q1,ines.dubois2@example.com,Manufacturing,12/01/2026 08:30,Delivered,No,0,0,,No
cyber-aware-2026q1,ines.dubois3@example.com,Manufacturing,12/01/2026 08:30,Delivered,No,0,0,,No
cyber-aware-2026q1,aisha.fischer@example.com,HR,12/01/2026 08:30,Delivered,No,0,0,,No
cyber-aware-2026q1,priya.silva2@example.com,Legal,12/01/2026 08:30,Delivered,No,0,0,,No
cyber-aware-2026q1,sam.evans3@example.com,Manufacturing,12/01/2026 08:30,Delivered,No,0,0,,No
cyber-aware-2026q1,noah.silva@example.com,Technology,12/01/2026 08:30,Delivered,No,1,1,12/01/2026 10:16,No
cyber-aware-2026q1,xenia.yilmaz4@example.com,HR,12/01/2026 08:30,Delivered,No,1,0,12/01/2026 13:08,No
cyber-aware-2026q1,maya.chen2@example.com,Manufacturing,12/01/2026 08:30,Delivered,No,0,0,,No
cyber-aware-2026q1,hiro.jensen2@example.com,Technology,12/01/2026 08:30,Delivered,No,1,1,12/01/2026 10:18,No
cyber-aware-2026q1,rosa.yilmaz3@example.com,Manufacturing,12/01/2026 08:30,Delivered,No,0,0,,No
cyber-aware-2026q1,priya.lopez@example.com,Manufacturing,12/01/2026 08:30,Delivered,No,1,2,12/01/2026 09:51,No
cyber-aware-2026q1,chloe.rossi@example.com,Technology,12/01/2026 08:30,Delivered,No,1,0,13/01/2026 05:14,No
cyber-aware-2026q1,aisha.muller@example.com,Finance,12/01/2026 08:30,Delivered,No,0,0,,No
cyber-aware-2026q1,chloe.ahmed2@example.com,Manufacturing,12/01/2026 08:30,Delivered,No,0,0,,No
cyber-aware-2026q1,sam.garcia2@example.com,Operations,12/01/2026 08:30,Delivered,No,0,0,,No
cyber-aware-2026q1,wei.chen4@example.com,HR,12/01/2026 08:30,Delivered,No,1,1,12/01/2026 09:51,No
cyber-aware-2026q1,xenia.yilmaz5@example.com,Operations,12/01/2026 08:30,Delivered,No,0,0,,No
cyber-aware-2026q1,olu.muller3@example.com,Operations,12/01/2026 08:30,Delivered,No,2,4,12/01/2026 10:23,No
cyber-aware-2026q1,ines.garcia2@example.com,Manufacturing,12/01/2026 08:30,Delivered,No,0,0,,No
cyber-aware-2026q1,ben.rossi4@example.com,Manufacturing,12/01/2026 08:30,Delivered,No,0,0,,No
cyber-aware-2026q1,farid.fischer3@example.com,Operations,12/01/2026 08:30,Delivered,No,1,0,14/01/2026 13:23,No
cyber-aware-2026q1,amara.kowalski@example.com,Manufacturing,12/01/2026 08:30,Delivered,No,1,0,14/01/2026 12:39,No
cyber-aware-2026q1,xenia.patel2@example.com,Operations,12/01/2026 08:30,Delivered,No,0,0,,No
cyber-aware-2026q1,liam.walsh@example.com,Manufacturing,12/01/2026 08:30,Delivered,No,0,0,,No
cyber-aware-2026q1,tariq.rossi3@example.com,Sales,12/01/2026 08:30,Delivered,No,0,0,,No
cyber-aware-2026q1,daniel.ueda4@example.com,Manufacturing,12/01/2026 08:30,Delivered,No,0,0,,No
cyber-aware-2026q1,rosa.lopez2@example.com,Manufacturing,12/01/2026 08:30,Delivered,No,0,0,,No
cyber-aware-2026q1,cara.kowalski5@example.com,Manufacturing,12/01/2026 08:30,Delivered,No,0,0,,No
cyber-aware-2026q1,yusuf.novak2@example.com,Legal,12/01/2026 08:30,Bounced,Yes,0,0,,No
cyber-aware-2026q1,grace.dubois2@example.com,Marketing,12/01/2026 08:30,Delivered,No,1,0,12/01/2026 13:26,No
cyber-aware-2026q1,elena.lopez3@example.com,Sales,12/01/2026 08:30,Delivered,No,1,1,13/01/2026 05:28,No
cyber-aware-2026q1,xenia.dubois@example.com,Technology,12/01/2026 08:30,Delivered,No,0,0,,No
cyber-aware-2026q1,sam.ueda2@example.com,Manufacturing,12/01/2026 08:30,Delivered,No,1,0,12/01/2026 10:26,No
cyber-aware-2026q1,farid.dubois@example.com,Sales,12/01/2026 08:30,Delivered,No,0,0,,No
cyber-aware-2026q1,cara.silva3@example.com,Sales,12/01/2026 08:30,Delivered,No,0,0,,No
cyber-aware-2026q1,rosa.dubois2@example.com,Sales,12/01/2026 08:30,Delivered,No,0,0,,No
cyber-aware-2026q1,zoe.ahmed2@example.com,Operations,12/01/2026 08:30,Delivered,No,2,2,12/01/2026 10:29,No
cyber-aware-2026q1,kira.evans3@example.com,Manufacturing,12/01/2026 08:30,Delivered,No,0,0,,No
cyber-aware-2026q1,priya.ueda2@example.com,Sales,12/01/2026 08:30,Delivered,No,1,0,13/01/2026 05:23,No
cyber-aware-2026q1,farid.evans@example.com,Finance,12/01/2026 08:30,Delivered,No,2,0,13/01/2026 05:03,No
cyber-aware-2026q1,elena.ahmed2@example.com,Marketing,12/01/2026 08:30,Delivered,No,2,0,12/01/2026 10:13,No
cyber-aware-2026q1,olu.okafor2@example.com,Finance,12/01/2026 08:30,Delivered,No,0,0,,No
cyber-aware-2026q1,yusuf.novak3@example.com,Finance,12/01/2026 08:30,Delivered,No,0,0,,No
cyber-aware-2026q1,uma.hansen2@example.com,HR,12/01/2026 08:30,Delivered,No,0,0,,No
cyber-aware-2026q1,kira.vargas2@example.com,Legal,12/01/2026 08:30,Delivered,No,0,0,,No
cyber-aware-2026q1,jonas.zhang2@example.com,Finance,12/01/2026 08:30,Delivered,No,0,0,,No
cyber-aware-2026q1,maya.chen3@example.com,Manufacturing,12/01/2026 08:30,Delivered,No,0,0,,No
cyber-aware-2026q1,sam.okafor2@example.com,Finance,12/01/2026 08:30,Delivered,No,0,0,,No
cyber-aware-2026q1,grace.zhang@example.com,Technology,12/01/2026 08:30,Delivered,No,0,0,,No
cyber-aware-2026q1,hiro.tanaka@example.com,Manufacturing,12/01/2026 08:30,Delivered,No,0,0,,No
cyber-aware-2026q1,sam.iyer@example.com,Operations,12/01/2026 08:30,Delivered,No,1,0,12/01/2026 09:56,No
cyber-aware-2026q1,olu.chen3@example.com,Manufacturing,12/01/2026 08:30,Delivered,No,0,0,,No
cyber-aware-2026q1,jonas.vargas@example.com,Sales,12/01/2026 08:30,Delivered,No,0,0,,No
cyber-aware-2026q1,maya.chen4@example.com,Finance,12/01/2026 08:30,Delivered,No,0,0,,No
cyber-aware-2026q1,zoe.muller@example.com,Sales,12/01/2026 08:30,Delivered,No,0,0,,No
cyber-aware-2026q1,bruno.walsh@example.com,Manufacturing,12/01/2026 08:30,Delivered,No,0,0,,No
cyber-aware-2026q1,ben.walsh2@example.com,Sales,12/01/2026 08:30,Delivered,No,0,0,,No
cyber-aware-2026q1,ben.walsh3@example.com,Sales,12/01/2026 08:30,Delivered,No,0,0,,No
cyber-aware-2026q1,aisha.brown3@example.com,Technology,12/01/2026 08:30,Delivered,No,0,0,,No
cyber-aware-2026q1,chloe.yilmaz2@example.com,Sales,12/01/2026 08:30,Delivered,No,0,0,,No
cyber-aware-2026q1,xenia.brown@example.com,Technology,12/01/2026 08:30,Delivered,No,1,1,12/01/2026 13:05,No
cyber-aware-2026q1,zoe.okafor2@example.com,Manufacturing,12/01/2026 08:30,Delivered,No,0,0,,No
cyber-aware-2026q1,hiro.garcia@example.com,Sales,12/01/2026 08:30,Delivered,No,1,1,12/01/2026 12:58,No
cyber-aware-2026q1,bruno.chen2@example.com,Operations,12/01/2026 08:30,Delivered,No,0,0,,No
cyber-aware-2026q1,zoe.garcia2@example.com,Technology,12/01/2026 08:30,Delivered,No,0,0,,No
cyber-aware-2026q1,jonas.novak3@example.com,Manufacturing,12/01/2026 08:30,Delivered,No,0,0,,No
cyber-aware-2026q1,dmitri.ahmed3@example.com,Technology,12/01/2026 08:30,Delivered,No,1,1,14/01/2026 12:43,No
cyber-aware-2026q1,quinn.vargas@example.com,Sales,12/01/2026 08:30,Delivered,No,0,0,,No
cyber-aware-2026q1,daniel.tanaka2@example.com,Manufacturing,12/01/2026 08:30,Delivered,No,0,0,,No
cyber-aware-2026q1,maya.brown3@example.com,Operations,12/01/2026 08:30,Delivered,No,0,0,,No
cyber-aware-2026q1,viktor.zhang3@example.com,Marketing,12/01/2026 08:30,Delivered,No,0,0,,No
cyber-aware-2026q1,priya.fischer3@example.com,Technology,12/01/2026 08:30,Delivered,No,1,0,12/01/2026 10:11,No
cyber-aware-2026q1,maya.zhang2@example.com,Marketing,12/01/2026 08:30,Delivered,No,2,0,12/01/2026 09:59,No
cyber-aware-2026q1,priya.ahmed4@example.com,Manufacturing,12/01/2026 08:30,Delivered,No,1,0,12/01/2026 12:43,No
cyber-aware-2026q1,hiro.yilmaz2@example.com,Legal,12/01/2026 08:30,Delivered,No,0,0,,No
cyber-aware-2026q1,elena.brown2@example.com,Sales,12/01/2026 08:30,Delivered,No,0,0,,No
cyber-aware-2026q1,olu.hansen@example.com,Manufacturing,12/01/2026 08:30,Delivered,No,0,0,,No
cyber-aware-2026q1,amara.novak4@example.com,Legal,12/01/2026 08:30,Delivered,No,2,1,12/01/2026 09:46,No
cyber-aware-2026q1,quinn.ahmed3@example.com,Technology,12/01/2026 08:30,Delivered,No,3,1,12/01/2026 13:26,No
cyber-aware-2026q1,zoe.kowalski2@example.com,Finance,12/01/2026 08:30,Delivered,No,2,0,13/01/2026 04:44,No
cyber-aware-2026q1,tariq.okafor3@example.com,Operations,12/01/2026 08:30,Delivered,No,0,0,,No
cyber-aware-2026q1,yusuf.rossi4@example.com,Manufacturing,12/01/2026 08:30,Delivered,No,0,0,,No
cyber-aware-2026q1,xenia.walsh3@example.com,Operations,12/01/2026 08:30,Delivered,No,0,0,,No
cyber-aware-2026q1,elena.silva@example.com,Sales,12/01/2026 08:30,Delivered,No,3,0,12/01/2026 10:28,No
cyber-aware-2026q1,noah.lopez3@example.com,HR,12/01/2026 08:30,Delivered,No,0,0,,No
cyber-aware-2026q1,dmitri.vargas3@example.com,Manufacturing,12/01/2026 08:30,Delivered,No,0,0,,No
cyber-aware-2026q1,elena.kowalski3@example.com,Finance,12/01/2026 08:30,Delivered,No,1,0,13/01/2026 04:52,No
cyber-aware-2026q1,ben.rossi5@example.com,Marketing,12/01/2026 08:30,Delivered,No,0,0,,No
cyber-aware-2026q1,sam.tanaka2@example.com,Operations,12/01/2026 08:30,Delivered,No,0,0,,No
cyber-aware-2026q1,viktor.tanaka@example.com,Technology,12/01/2026 08:30,Delivered,No,1,0,14/01/2026 13:00,No
cyber-aware-2026q1,hiro.chen3@example.com,Finance,12/01/2026 08:30,Delivered,No,3,1,12/01/2026 09:52,No
cyber-aware-2026q1,kira.jensen2@example.com,Manufacturing,12/01/2026 08:30,Delivered,No,0,0,,No
cyber-aware-2026q1,quinn.muller3@example.com,Manufacturing,12/01/2026 08:30,Delivered,No,0,0,,No
cyber-aware-2026q1,dmitri.kowalski2@example.com,Operations,12/01/2026 08:30,Delivered,No,0,0,,No
cyber-aware-2026q1,amara.patel@example.com,Manufacturing,12/01/2026 08:30,Delivered,No,0,0,,No
cyber-aware-2026q1,liam.garcia4@example.com,Operations,12/01/2026 08:30,Delivered,No,0,0,,No
cyber-aware-2026q1,quinn.chen2@example.com,Manufacturing,12/01/2026 08:30,Delivered,No,0,0,,No
cyber-aware-2026q1,amara.fischer3@example.com,Finance,12/01/2026 08:30,Delivered,No,0,0,,No
cyber-aware-2026q1,priya.silva3@example.com,Sales,12/01/2026 08:30,Delivered,No,1,1,12/01/2026 09:57,No
cyber-aware-2026q1,zoe.jensen2@example.com,Marketing,12/01/2026 08:30,Delivered,No,0,0,,No
cyber-aware-2026q1,grace.kowalski2@example.com,Manufacturing,12/01/2026 08:30,Delivered,No,0,0,,No
cyber-aware-2026q1,elena.tanaka2@example.com,Operations,12/01/2026 08:30,Delivered,No,0,0,,No
cyber-aware-2026q1,cara.silva4@example.com,Manufacturing,12/01/2026 08:30,Delivered,No,1,0,12/01/2026 10:20,Yes
cyber-aware-2026q1,noah.evans3@example.com,Manufacturing,12/01/2026 08:30,Delivered,No,0,0,,No
cyber-aware-2026q1,zoe.kowalski3@example.com,Marketing,12/01/2026 08:30,Delivered,No,2,1,12/01/2026 10:16,No
cyber-aware-2026q1,aisha.patel3@example.com,Finance,12/01/2026 08:30,Delivered,No,1,0,12/01/2026 13:23,No
cyber-aware-2026q1,viktor.ueda3@example.com,Operations,12/01/2026 08:30,Delivered,No,0,0,,No
cyber-aware-2026q1,yusuf.okafor3@example.com,Manufacturing,12/01/2026 08:30,Delivered,No,0,0,,No
cyber-aware-2026q1,olu.evans2@example.com,Finance,12/01/2026 08:30,Delivered,No,1,0,12/01/2026 10:05,No
cyber-aware-2026q1,ben.chen2@example.com,Manufacturing,12/01/2026 08:30,Delivered,No,1,0,12/01/2026 12:36,No
cyber-aware-2026q1,elena.rossi3@example.com,Manufacturing,12/01/2026 08:30,Delivered,No,0,0,,No
cyber-aware-2026q1,rosa.lopez3@example.com,Technology,12/01/2026 08:30,Delivered,No,1,1,12/01/2026 10:13,No
cyber-aware-2026q1,aisha.fischer2@example.com,Marketing,12/01/2026 08:30,Delivered,No,0,0,,No
cyber-aware-2026q1,maya.hansen5@example.com,Operations,12/01/2026 08:30,Delivered,No,0,0,,No
cyber-aware-2026q1,quinn.hansen@example.com,Marketing,12/01/2026 08:30,Delivered,No,0,0,,No
cyber-aware-2026q1,liam.novak3@example.com,Operations,12/01/2026 08:30,Delivered,No,0,0,,No
cyber-aware-2026q1,farid.garcia2@example.com,Sales,12/01/2026 08:30,Delivered,No,1,0,12/01/2026 12:57,No
cyber-aware-2026q1,ines.hansen@example.com,Marketing,12/01/2026 08:30,Delivered,No,0,0,,No
cyber-aware-2026q1,chloe.kowalski2@example.com,Manufacturing,12/01/2026 08:30,Delivered,No,0,0,,No
cyber-aware-2026q1,tariq.silva2@example.com,Manufacturing,12/01/2026 08:30,Delivered,No,0,0,,No
cyber-aware-2026q1,liam.novak4@example.com,Operations,12/01/2026 08:30,Bounced,Yes,0,0,,No
cyber-aware-2026q1,amara.chen@example.com,Sales,12/01/2026 08:30,Delivered,No,0,0,,No
cyber-aware-2026q1,kira.garcia2@example.com,Sales,12/01/2026 08:30,Delivered,No,1,1,12/01/2026 09:51,No
cyber-aware-2026q1,wei.kowalski2@example.com,HR,12/01/2026 08:30,Delivered,No,1,1,12/01/2026 09:49,No
cyber-aware-2026q1,uma.iyer@example.com,Manufacturing,12/01/2026 08:30,Delivered,No,0,0,,No
cyber-aware-2026q1,priya.iyer2@example.com,Manufacturing,12/01/2026 08:30,Delivered,No,0,0,,No
cyber-aware-2026q1,kira.brown5@example.com,Sales,12/01/2026 08:30,Delivered,No,0,0,,No
cyber-aware-2026q1,yusuf.walsh3@example.com,Manufacturing,12/01/2026 08:30,Delivered,No,0,0,,No
cyber-aware-2026q1,sam.rossi3@example.com,Manufacturing,12/01/2026 08:30,Delivered,No,0,0,,No
cyber-aware-2026q1,xenia.fischer2@example.com,Sales,12/01/2026 08:30,Delivered,No,2,0,13/01/2026 05:11,No
cyber-aware-2026q1,wei.ueda@example.com,HR,12/01/2026 08:30,Bounced,Yes,0,0,,No
cyber-aware-2026q1,ben.zhang4@example.com,Finance,12/01/2026 08:30,Delivered,No,1,1,12/01/2026 09:56,No
cyber-aware-2026q1,grace.dubois3@example.com,Marketing,12/01/2026 08:30,Delivered,No,0,0,,No
cyber-aware-2026q1,chloe.patel2@example.com,Sales,12/01/2026 08:30,Delivered,No,2,2,12/01/2026 10:08,No
cyber-aware-2026q1,zoe.zhang2@example.com,Marketing,12/01/2026 08:30,Delivered,No,0,0,,No
cyber-aware-2026q1,farid.hansen5@example.com,Manufacturing,12/01/2026 08:30,Delivered,No,2,0,12/01/2026 13:15,No
cyber-aware-2026q1,chloe.kowalski3@example.com,Technology,12/01/2026 08:30,Delivered,No,0,0,,No
cyber-aware-2026q1,bruno.okafor4@example.com,Sales,12/01/2026 08:30,Delivered,No,0,0,,No
cyber-aware-2026q1,chloe.patel3@example.com,Manufacturing,12/01/2026 08:30,Delivered,No,0,0,,No
cyber-aware-2026q1,daniel.rossi@example.com,Finance,12/01/2026 08:30,Delivered,No,0,0,,No
cyber-aware-2026q1,yusuf.novak4@example.com,Manufacturing,12/01/2026 08:30,Delivered,No,0,0,,No
cyber-aware-2026q1,hiro.rossi2@example.com,Marketing,12/01/2026 08:30,Delivered,No,2,0,12/01/2026 13:05,No
cyber-aware-2026q1,quinn.iyer3@example.com,Marketing,12/01/2026 08:30,Delivered,No,1,0,12/01/2026 10:20,No
cyber-aware-2026q1,amara.yilmaz2@example.com,Manufacturing,12/01/2026 08:30,Delivered,No,1,0,13/01/2026 05:04,No
cyber-aware-2026q1,dmitri.walsh2@example.com,Sales,12/01/2026 08:30,Delivered,No,0,0,,No
cyber-aware-2026q1,olu.jensen3@example.com,Technology,12/01/2026 08:30,Delivered,No,0,0,,No
cyber-aware-2026q1,wei.evans3@example.com,Technology,12/01/2026 08:30,Delivered,No,0,0,,No
cyber-aware-2026q1,olu.jensen4@example.com,Marketing,12/01/2026 08:30,Delivered,No,1,1,12/01/2026 10:26,No
cyber-aware-2026q1,wei.fischer3@example.com,Manufacturing,12/01/2026 08:30,Delivered,No,0,0,,No
cyber-aware-2026q1,ines.iyer3@example.com,Manufacturing,12/01/2026 08:30,Delivered,No,0,0,,No
cyber-aware-2026q1,amara.tanaka@example.com,Marketing,12/01/2026 08:30,Delivered,No,1,0,12/01/2026 13:00,No
cyber-aware-2026q1,liam.lopez@example.com,Manufacturing,12/01/2026 08:30,Delivered,No,0,0,,No
cyber-aware-2026q1,aisha.ahmed3@example.com,Marketing,12/01/2026 08:30,Delivered,No,0,0,,No
cyber-aware-2026q1,noah.zhang3@example.com,Manufacturing,12/01/2026 08:30,Delivered,No,1,1,14/01/2026 12:31,No
cyber-aware-2026q1,priya.tanaka4@example.com,Manufacturing,12/01/2026 08:30,Delivered,No,3,0,13/01/2026 05:20,No
cyber-aware-2026q1,elena.patel2@example.com,Manufacturing,12/01/2026 08:30,Delivered,No,0,0,,No
cyber-aware-2026q1,cara.yilmaz3@example.com,Technology,12/01/2026 08:30,Delivered,No,2,2,13/01/2026 04:31,No
cyber-aware-2026q1,rosa.ahmed3@example.com,Operations,12/01/2026 08:30,Delivered,No,0,0,,No
cyber-aware-2026q1,priya.okafor2@example.com,Sales,12/01/2026 08:30,Delivered,No,2,1,12/01/2026 10:00,No
cyber-aware-2026q1,chloe.ahmed3@example.com,Manufacturing,12/01/2026 08:30,Delivered,No,0,0,,No
cyber-aware-2026q1,amara.ueda2@example.com,Technology,12/01/2026 08:30,Delivered,No,0,0,,No
cyber-aware-2026q1,elena.lopez4@example.com,Operations,12/01/2026 08:30,Delivered,No,1,1,13/01/2026 04:44,No
cyber-aware-2026q1,tariq.garcia@example.com,Sales,12/01/2026 08:30,Delivered,No,1,1,12/01/2026 13:21,No
cyber-aware-2026q1,uma.chen2@example.com,Sales,12/01/2026 08:30,Delivered,No,0,0,,No
cyber-aware-2026q1,liam.chen2@example.com,Marketing,12/01/2026 08:30,Delivered,No,0,0,,No
cyber-aware-2026q1,xenia.tanaka2@example.com,Manufacturing,12/01/2026 08:30,Delivered,No,0,0,,No
cyber-aware-2026q1,uma.chen3@example.com,Manufacturing,12/01/2026 08:30,Delivered,No,0,0,,No
cyber-aware-2026q1,aisha.jensen3@example.com,Marketing,12/01/2026 08:30,Delivered,No,1,0,12/01/2026 12:32,No
cyber-aware-2026q1,uma.muller2@example.com,Finance,12/01/2026 08:30,Delivered,No,1,0,13/01/2026 05:12,No
cyber-aware-2026q1,olu.jensen5@example.com,Technology,12/01/2026 08:30,Bounced,Yes,0,0,,No
cyber-aware-2026q1,olu.rossi@example.com,Technology,12/01/2026 08:30,Delivered,No,0,0,,No
cyber-aware-2026q1,cara.garcia2@example.com,Sales,12/01/2026 08:30,Delivered,No,0,0,,No
cyber-aware-2026q1,hiro.silva2@example.com,Technology,12/01/2026 08:30,Bounced,Yes,0,0,,No
cyber-aware-2026q1,kira.fischer2@example.com,Manufacturing,12/01/2026 08:30,Delivered,No,0,0,,No
cyber-aware-2026q1,priya.evans2@example.com,Marketing,12/01/2026 08:30,Delivered,No,1,0,12/01/2026 10:03,No
cyber-aware-2026q1,yusuf.patel2@example.com,Marketing,12/01/2026 08:30,Delivered,No,5,0,12/01/2026 13:10,No
cyber-aware-2026q1,xenia.zhang@example.com,Legal,12/01/2026 08:30,Delivered,No,0,0,,No
cyber-aware-2026q1,amara.yilmaz3@example.com,Sales,12/01/2026 08:30,Delivered,No,1,1,12/01/2026 13:26,No
cyber-aware-2026q1,cara.walsh3@example.com,Manufacturing,12/01/2026 08:30,Delivered,No,1,0,13/01/2026 05:20,No
cyber-aware-2026q1,elena.fischer4@example.com,HR,12/01/2026 08:30,Delivered,No,0,0,,No
cyber-aware-2026q1,jonas.iyer3@example.com,Operations,12/01/2026 08:30,Delivered,No,1,0,12/01/2026 10:27,No
cyber-aware-2026q1,hiro.walsh2@example.com,Technology,12/01/2026 08:30,Delivered,No,0,0,,No
cyber-aware-2026q1,kira.novak2@example.com,Manufacturing,12/01/2026 08:30,Delivered,No,0,0,,No
cyber-aware-2026q1,quinn.yilmaz4@example.com,Technology,12/01/2026 08:30,Delivered,No,0,0,,No
cyber-aware-2026q1,ines.chen2@example.com,Manufacturing,12/01/2026 08:30,Delivered,No,0,0,,No
cyber-aware-2026q1,noah.novak2@example.com,Technology,12/01/2026 08:30,Delivered,No,0,0,,No
cyber-aware-2026q1,jonas.brown2@example.com,Operations,12/01/2026 08:30,Delivered,No,0,0,,No
cyber-aware-2026q1,ben.fischer2@example.com,Sales,12/01/2026 08:30,Bounced,Yes,0,0,,No
cyber-aware-2026q1,chloe.evans2@example.com,Sales,12/01/2026 08:30,Delivered,No,0,0,,No
cyber-aware-2026q1,zoe.garcia3@example.com,Technology,12/01/2026 08:30,Delivered,No,3,0,13/01/2026 04:41,No
cyber-aware-2026q1,sam.ahmed3@example.com,Sales,12/01/2026 08:30,Delivered,No,1,0,13/01/2026 05:15,No
cyber-aware-2026q1,rosa.garcia2@example.com,Operations,12/01/2026 08:30,Delivered,No,0,0,,No
cyber-aware-2026q1,bruno.vargas2@example.com,Finance,12/01/2026 08:30,Delivered,No,0,0,,No
cyber-aware-2026q1,hiro.fischer2@example.com,Manufacturing,12/01/2026 08:30,Delivered,No,0,0,,No
cyber-aware-2026q1,uma.patel@example.com,Manufacturing,12/01/2026 08:30,Delivered,No,0,0,,No
cyber-aware-2026q1,xenia.garcia4@example.com,Manufacturing,12/01/2026 08:30,Delivered,No,0,0,,No
cyber-aware-2026q1,rosa.iyer3@example.com,Manufacturing,12/01/2026 08:30,Delivered,No,1,0,12/01/2026 09:45,No
cyber-aware-2026q1,daniel.evans3@example.com,Marketing,12/01/2026 08:30,Delivered,No,0,0,,No
cyber-aware-2026q1,xenia.fischer3@example.com,Manufacturing,12/01/2026 08:30,Delivered,No,1,0,12/01/2026 13:17,No
cyber-aware-2026q1,grace.rossi@example.com,Manufacturing,12/01/2026 08:30,Delivered,No,0,0,,No
cyber-aware-2026q1,noah.garcia2@example.com,HR,12/01/2026 08:30,Delivered,No,1,0,12/01/2026 13:00,No
cyber-aware-2026q1,ben.patel2@example.com,Technology,12/01/2026 08:30,Delivered,No,2,0,12/01/2026 13:20,No
cyber-aware-2026q1,ben.silva5@example.com,Legal,12/01/2026 08:30,Delivered,No,0,0,,No
cyber-aware-2026q1,farid.yilmaz@example.com,Sales,12/01/2026 08:30,Delivered,No,0,0,,No
cyber-aware-2026q1,daniel.ueda5@example.com,Finance,12/01/2026 08:30,Delivered,No,2,0,12/01/2026 09:47,No
cyber-aware-2026q1,ines.tanaka4@example.com,Operations,12/01/2026 08:30,Delivered,No,0,0,,No
cyber-aware-2026q1,grace.patel2@example.com,Operations,12/01/2026 08:30,Delivered,No,0,0,,No
cyber-aware-2026q1,grace.jensen3@example.com,HR,12/01/2026 08:30,Delivered,No,5,0,13/01/2026 04:56,No
cyber-aware-2026q1,bruno.muller3@example.com,Legal,12/01/2026 08:30,Delivered,No,0,0,,No
cyber-aware-2026q1,aisha.brown4@example.com,Finance,12/01/2026 08:30,Delivered,No,2,0,12/01/2026 12:48,No
cyber-aware-2026q1,uma.muller3@example.com,Manufacturing,12/01/2026 08:30,Delivered,No,0,0,,No
cyber-aware-2026q1,chloe.walsh3@example.com,Marketing,12/01/2026 08:30,Delivered,No,0,0,,No
cyber-aware-2026q1,uma.rossi@example.com,HR,12/01/2026 08:30,Delivered,No,1,0,12/01/2026 10:22,No
cyber-aware-2026q1,quinn.vargas2@example.com,Technology,12/01/2026 08:30,Delivered,No,1,0,14/01/2026 13:06,No
cyber-aware-2026q1,bruno.chen3@example.com,HR,12/01/2026 08:30,Delivered,No,1,0,12/01/2026 13:01,No
cyber-aware-2026q1,uma.garcia@example.com,Manufacturing,12/01/2026 08:30,Delivered,No,0,0,,No
cyber-aware-2026q1,kira.evans4@example.com,Sales,12/01/2026 08:30,Delivered,No,0,0,,No
cyber-aware-2026q1,farid.walsh@example.com,Manufacturing,12/01/2026 08:30,Delivered,No,0,0,,No
cyber-aware-2026q1,olu.muller4@example.com,Operations,12/01/2026 08:30,Delivered,No,1,1,12/01/2026 12:43,No
cyber-aware-2026q1,uma.chen4@example.com,Manufacturing,12/01/2026 08:30,Delivered,No,0,0,,No
cyber-aware-2026q1,sam.silva3@example.com,Operations,12/01/2026 08:30,Delivered,No,0,0,,No
cyber-aware-2026q1,uma.rossi2@example.com,Manufacturing,12/01/2026 08:30,Delivered,No,0,0,,No
cyber-aware-2026q1,maya.dubois2@example.com,Legal,12/01/2026 08:30,Delivered,No,0,0,,No
cyber-aware-2026q1,kira.okafor3@example.com,Sales,12/01/2026 08:30,Delivered,No,0,0,,No
cyber-aware-2026q1,ben.walsh4@example.com,HR,12/01/2026 08:30,Delivered,No,1,1,12/01/2026 09:52,No
cyber-aware-2026q1,kira.muller2@example.com,Technology,12/01/2026 08:30,Delivered,No,1,1,12/01/2026 10:04,No
cyber-aware-2026q1,maya.dubois3@example.com,Operations,12/01/2026 08:30,Delivered,No,2,0,13/01/2026 05:09,No
cyber-aware-2026q1,priya.okafor3@example.com,Manufacturing,12/01/2026 08:30,Delivered,No,1,0,13/01/2026 05:14,No
cyber-aware-2026q1,xenia.iyer2@example.com,Technology,12/01/2026 08:30,Delivered,No,0,0,,No
cyber-aware-2026q1,noah.iyer7@example.com,Technology,12/01/2026 08:30,Delivered,No,2,0,13/01/2026 04:47,No
cyber-aware-2026q1,grace.tanaka4@example.com,Operations,12/01/2026 08:30,Bounced,Yes,0,0,,No
cyber-aware-2026q1,kira.evans5@example.com,Legal,12/01/2026 08:30,Delivered,No,2,1,12/01/2026 10:17,No
cyber-aware-2026q1,hiro.vargas4@example.com,Operations,12/01/2026 08:30,Delivered,No,3,0,12/01/2026 10:10,No
cyber-aware-2026q1,olu.patel@example.com,Manufacturing,12/01/2026 08:30,Delivered,No,0,0,,No
cyber-aware-2026q1,grace.brown@example.com,Marketing,12/01/2026 08:30,Delivered,No,0,0,,No
cyber-aware-2026q1,wei.dubois2@example.com,Operations,12/01/2026 08:30,Delivered,No,0,0,,No
cyber-aware-2026q1,dmitri.zhang3@example.com,Manufacturing,12/01/2026 08:30,Delivered,No,0,0,,No
cyber-aware-2026q1,priya.jensen3@example.com,Technology,12/01/2026 08:30,Delivered,No,0,0,,No
cyber-aware-2026q1,noah.vargas@example.com,Manufacturing,12/01/2026 08:30,Delivered,No,0,0,,No
cyber-aware-2026q1,hiro.hansen@example.com,Finance,12/01/2026 08:30,Delivered,No,1,0,12/01/2026 10:06,No
cyber-aware-2026q1,ben.silva6@example.com,Manufacturing,12/01/2026 08:30,Delivered,No,1,0,12/01/2026 09:30,No
cyber-aware-2026q1,daniel.rossi2@example.com,Manufacturing,12/01/2026 08:30,Bounced,Yes,0,0,,No
cyber-aware-2026q1,maya.fischer3@example.com,Manufacturing,12/01/2026 08:30,Delivered,No,0,0,,No
cyber-aware-2026q1,uma.jensen4@example.com,Sales,12/01/2026 08:30,Delivered,No,0,0,,No
cyber-aware-2026q1,hiro.evans@example.com,HR,12/01/2026 08:30,Delivered,No,1,0,13/01/2026 04:59,No
cyber-aware-2026q1,noah.novak3@example.com,Operations,12/01/2026 08:30,Delivered,No,1,0,12/01/2026 13:28,No
cyber-aware-2026q1,cara.zhang3@example.com,Manufacturing,12/01/2026 08:30,Delivered,No,0,0,,No
cyber-aware-2026q1,ben.okafor3@example.com,Sales,12/01/2026 08:30,Delivered,No,2,0,14/01/2026 12:58,No
cyber-aware-2026q1,olu.yilmaz@example.com,Operations,12/01/2026 08:30,Delivered,No,1,1,13/01/2026 04:54,No
cyber-aware-2026q1,xenia.ahmed3@example.com,Manufacturing,12/01/2026 08:30,Delivered,No,1,0,12/01/2026 13:18,No
cyber-aware-2026q1,xenia.jensen@example.com,Manufacturing,12/01/2026 08:30,Delivered,No,0,0,,No
cyber-aware-2026q1,daniel.brown3@example.com,Operations,12/01/2026 08:30,Delivered,No,0,0,,No
cyber-aware-2026q1,zoe.garcia4@example.com,Operations,12/01/2026 08:30,Delivered,No,0,0,,No
cyber-aware-2026q1,maya.dubois4@example.com,Manufacturing,12/01/2026 08:30,Bounced,Yes,0,0,,No
cyber-aware-2026q1,grace.dubois4@example.com,Legal,12/01/2026 08:30,Delivered,No,0,0,,No
cyber-aware-2026q1,kira.silva2@example.com,Legal,12/01/2026 08:30,Delivered,No,0,0,,No
cyber-aware-2026q1,daniel.okafor2@example.com,Operations,12/01/2026 08:30,Delivered,No,1,1,13/01/2026 04:51,No
cyber-aware-2026q1,dmitri.yilmaz@example.com,Finance,12/01/2026 08:30,Delivered,No,0,0,,No
cyber-aware-2026q1,rosa.tanaka2@example.com,Finance,12/01/2026 08:30,Delivered,No,5,0,12/01/2026 12:47,No
cyber-aware-2026q1,rosa.muller3@example.com,Sales,12/01/2026 08:30,Delivered,No,0,0,,No
cyber-aware-2026q1,noah.muller@example.com,Legal,12/01/2026 08:30,Delivered,No,0,0,,No
cyber-aware-2026q1,quinn.tanaka@example.com,HR,12/01/2026 08:30,Delivered,No,0,0,,No
cyber-aware-2026q1,priya.fischer4@example.com,Manufacturing,12/01/2026 08:30,Delivered,No,1,0,12/01/2026 09:53,No
cyber-aware-2026q1,zoe.jensen3@example.com,Sales,12/01/2026 08:30,Delivered,No,1,0,12/01/2026 12:45,No
cyber-aware-2026q1,quinn.yilmaz5@example.com,Operations,12/01/2026 08:30,Delivered,No,1,0,13/01/2026 05:25,No
cyber-aware-2026q1,xenia.evans4@example.com,HR,12/01/2026 08:30,Delivered,No,0,0,,No
cyber-aware-2026q1,noah.patel@example.com,Marketing,12/01/2026 08:30,Delivered,No,2,0,12/01/2026 12:31,No
cyber-aware-2026q1,noah.novak4@example.com,Operations,12/01/2026 08:30,Delivered,No,1,2,12/01/2026 10:21,No
cyber-aware-2026q1,olu.vargas@example.com,Sales,12/01/2026 08:30,Delivered,No,5,1,12/01/2026 09:31,No
cyber-aware-2026q1,amara.garcia@example.com,HR,12/01/2026 08:30,Delivered,No,0,0,,No
cyber-aware-2026q1,dmitri.silva2@example.com,Manufacturing,12/01/2026 08:30,Delivered,No,0,0,,No
cyber-aware-2026q1,quinn.novak@example.com,Technology,12/01/2026 08:30,Delivered,No,2,0,12/01/2026 09:52,No
code-of-conduct-2026,cara.ahmed@example.com,Manufacturing,02/02/2026 08:30,Delivered,No,1,0,02/02/2026 12:37,No
code-of-conduct-2026,xenia.rossi@example.com,Marketing,02/02/2026 08:30,Delivered,No,1,0,02/02/2026 10:23,No
code-of-conduct-2026,ben.zhang@example.com,Operations,02/02/2026 08:30,Delivered,No,0,0,,No
code-of-conduct-2026,yusuf.hansen@example.com,HR,02/02/2026 08:30,Delivered,No,0,0,,No
code-of-conduct-2026,grace.jensen@example.com,Finance,02/02/2026 08:30,Delivered,No,3,0,02/02/2026 10:15,No
code-of-conduct-2026,wei.yilmaz@example.com,Operations,02/02/2026 08:30,Delivered,No,0,0,,No
code-of-conduct-2026,ben.zhang2@example.com,Manufacturing,02/02/2026 08:30,Delivered,No,0,0,,No
code-of-conduct-2026,hiro.patel@example.com,HR,02/02/2026 08:30,Delivered,No,0,0,,No
code-of-conduct-2026,farid.fischer@example.com,Marketing,02/02/2026 08:30,Delivered,No,0,0,,No
code-of-conduct-2026,wei.rossi@example.com,Manufacturing,02/02/2026 08:30,Delivered,No,1,0,02/02/2026 12:40,No
code-of-conduct-2026,quinn.okafor@example.com,HR,02/02/2026 08:30,Delivered,No,0,0,,No
code-of-conduct-2026,viktor.patel@example.com,Finance,02/02/2026 08:30,Delivered,No,1,0,02/02/2026 10:18,No
code-of-conduct-2026,elena.tanaka@example.com,Operations,02/02/2026 08:30,Delivered,No,0,0,,No
code-of-conduct-2026,ines.lopez@example.com,Technology,02/02/2026 08:30,Delivered,No,1,1,02/02/2026 12:46,No
code-of-conduct-2026,ben.jensen@example.com,Finance,02/02/2026 08:30,Delivered,No,1,0,03/02/2026 04:30,No
code-of-conduct-2026,maya.hansen@example.com,Technology,02/02/2026 08:30,Delivered,No,1,0,02/02/2026 09:48,No
code-of-conduct-2026,quinn.muller@example.com,Manufacturing,02/02/2026 08:30,Delivered,No,0,0,,No
code-of-conduct-2026,grace.lopez@example.com,Marketing,02/02/2026 08:30,Delivered,No,1,1,02/02/2026 12:30,No
code-of-conduct-2026,kira.ueda@example.com,Finance,02/02/2026 08:30,Delivered,No,1,0,02/02/2026 09:32,No
code-of-conduct-2026,elena.iyer@example.com,Technology,02/02/2026 08:30,Delivered,No,2,0,03/02/2026 04:47,No
code-of-conduct-2026,yusuf.kowalski@example.com,Operations,02/02/2026 08:30,Delivered,No,0,0,,No
code-of-conduct-2026,priya.ahmed@example.com,Sales,02/02/2026 08:30,Delivered,No,0,0,,No
code-of-conduct-2026,yusuf.iyer@example.com,Manufacturing,02/02/2026 08:30,Delivered,No,1,0,02/02/2026 09:51,No
code-of-conduct-2026,grace.hansen@example.com,Manufacturing,02/02/2026 08:30,Bounced,Yes,0,0,,No
code-of-conduct-2026,bruno.silva@example.com,Marketing,02/02/2026 08:30,Delivered,No,0,0,,No
code-of-conduct-2026,olu.chen@example.com,Manufacturing,02/02/2026 08:30,Delivered,No,0,0,,No
code-of-conduct-2026,wei.hansen@example.com,Marketing,02/02/2026 08:30,Delivered,No,1,0,02/02/2026 10:16,No
code-of-conduct-2026,aisha.novak@example.com,Technology,02/02/2026 08:30,Delivered,No,0,0,,No
code-of-conduct-2026,dmitri.vargas@example.com,Sales,02/02/2026 08:30,Delivered,No,0,0,,No
code-of-conduct-2026,ben.evans@example.com,Marketing,02/02/2026 08:30,Delivered,No,2,1,02/02/2026 09:39,No
code-of-conduct-2026,hiro.lopez@example.com,Legal,02/02/2026 08:30,Delivered,No,1,2,02/02/2026 13:16,No
code-of-conduct-2026,aisha.patel@example.com,Manufacturing,02/02/2026 08:30,Delivered,No,0,0,,No
code-of-conduct-2026,rosa.yilmaz@example.com,Sales,02/02/2026 08:30,Delivered,No,0,0,,Yes
code-of-conduct-2026,daniel.fischer@example.com,Finance,02/02/2026 08:30,Delivered,No,5,0,02/02/2026 09:49,No
code-of-conduct-2026,maya.zhang@example.com,Technology,02/02/2026 08:30,Delivered,No,3,1,02/02/2026 12:42,No
code-of-conduct-2026,grace.tanaka@example.com,Marketing,02/02/2026 08:30,Delivered,No,1,0,02/02/2026 10:06,No
code-of-conduct-2026,amara.walsh@example.com,Operations,02/02/2026 08:30,Delivered,No,0,0,,No
code-of-conduct-2026,wei.novak@example.com,Manufacturing,02/02/2026 08:30,Delivered,No,0,0,,No
code-of-conduct-2026,wei.yilmaz2@example.com,Manufacturing,02/02/2026 08:30,Delivered,No,0,0,,No
code-of-conduct-2026,grace.fischer@example.com,Marketing,02/02/2026 08:30,Delivered,No,1,0,03/02/2026 05:15,No
code-of-conduct-2026,ben.dubois@example.com,Manufacturing,02/02/2026 08:30,Delivered,No,0,0,,No
code-of-conduct-2026,wei.walsh@example.com,Marketing,02/02/2026 08:30,Delivered,No,1,1,02/02/2026 09:48,No
code-of-conduct-2026,olu.chen2@example.com,Finance,02/02/2026 08:30,Delivered,No,0,0,,No
code-of-conduct-2026,chloe.okafor@example.com,Sales,02/02/2026 08:30,Bounced,Yes,0,0,,No
code-of-conduct-2026,bruno.rossi@example.com,Operations,02/02/2026 08:30,Delivered,No,0,0,,No
code-of-conduct-2026,dmitri.lopez@example.com,HR,02/02/2026 08:30,Delivered,No,0,0,,No
code-of-conduct-2026,bruno.ueda@example.com,Technology,02/02/2026 08:30,Delivered,No,1,0,02/02/2026 09:30,No
code-of-conduct-2026,grace.tanaka2@example.com,Technology,02/02/2026 08:30,Delivered,No,0,0,,No
code-of-conduct-2026,ben.ahmed@example.com,Manufacturing,02/02/2026 08:30,Delivered,No,0,0,,No
code-of-conduct-2026,amara.walsh2@example.com,Technology,02/02/2026 08:30,Delivered,No,0,0,,No
code-of-conduct-2026,jonas.kowalski@example.com,Manufacturing,02/02/2026 08:30,Delivered,No,1,0,02/02/2026 09:57,No
code-of-conduct-2026,aisha.ahmed@example.com,Operations,02/02/2026 08:30,Delivered,No,1,0,02/02/2026 10:29,No
code-of-conduct-2026,viktor.patel2@example.com,Technology,02/02/2026 08:30,Delivered,No,0,0,,No
code-of-conduct-2026,yusuf.brown@example.com,Manufacturing,02/02/2026 08:30,Delivered,No,0,0,,No
code-of-conduct-2026,xenia.silva@example.com,Marketing,02/02/2026 08:30,Delivered,No,0,0,,No
code-of-conduct-2026,liam.ahmed@example.com,Manufacturing,02/02/2026 08:30,Delivered,No,2,0,03/02/2026 04:53,No
code-of-conduct-2026,zoe.hansen@example.com,Operations,02/02/2026 08:30,Delivered,No,0,0,,No
code-of-conduct-2026,rosa.chen@example.com,Manufacturing,02/02/2026 08:30,Delivered,No,0,0,,No
code-of-conduct-2026,viktor.yilmaz@example.com,Sales,02/02/2026 08:30,Delivered,No,0,0,,No
code-of-conduct-2026,grace.muller@example.com,Marketing,02/02/2026 08:30,Delivered,No,1,0,02/02/2026 13:23,No
code-of-conduct-2026,tariq.zhang@example.com,Marketing,02/02/2026 08:30,Delivered,No,0,0,,No
code-of-conduct-2026,kira.jensen@example.com,Operations,02/02/2026 08:30,Delivered,No,1,0,02/02/2026 10:05,No
code-of-conduct-2026,sam.silva@example.com,Legal,02/02/2026 08:30,Delivered,No,0,0,,No
code-of-conduct-2026,grace.walsh@example.com,Operations,02/02/2026 08:30,Delivered,No,0,0,,No
code-of-conduct-2026,olu.lopez@example.com,Technology,02/02/2026 08:30,Delivered,No,0,0,,No
code-of-conduct-2026,ben.muller@example.com,Manufacturing,02/02/2026 08:30,Delivered,No,0,0,,No
code-of-conduct-2026,noah.lopez@example.com,Operations,02/02/2026 08:30,Delivered,No,0,0,,No
code-of-conduct-2026,quinn.yilmaz@example.com,Technology,02/02/2026 08:30,Delivered,No,0,0,,No
code-of-conduct-2026,chloe.yilmaz@example.com,Technology,02/02/2026 08:30,Bounced,Yes,0,0,,No
code-of-conduct-2026,farid.muller@example.com,Sales,02/02/2026 08:30,Delivered,No,1,0,02/02/2026 10:13,No
code-of-conduct-2026,hiro.okafor@example.com,Sales,02/02/2026 08:30,Delivered,No,2,0,03/02/2026 05:09,No
code-of-conduct-2026,ben.walsh@example.com,Marketing,02/02/2026 08:30,Delivered,No,2,0,02/02/2026 12:39,No
code-of-conduct-2026,maya.fischer@example.com,Manufacturing,02/02/2026 08:30,Bounced,Yes,0,0,,No
code-of-conduct-2026,uma.jensen@example.com,Manufacturing,02/02/2026 08:30,Delivered,No,0,0,,No
code-of-conduct-2026,rosa.okafor@example.com,Marketing,02/02/2026 08:30,Delivered,No,0,0,,No
code-of-conduct-2026,aisha.rossi@example.com,Sales,02/02/2026 08:30,Delivered,No,0,0,,No
code-of-conduct-2026,uma.muller@example.com,Manufacturing,02/02/2026 08:30,Delivered,No,2,0,02/02/2026 13:02,No
code-of-conduct-2026,tariq.vargas@example.com,Operations,02/02/2026 08:30,Delivered,No,1,0,03/02/2026 05:29,No
code-of-conduct-2026,yusuf.tanaka@example.com,Marketing,02/02/2026 08:30,Delivered,No,3,0,02/02/2026 10:23,No
code-of-conduct-2026,xenia.tanaka@example.com,Technology,02/02/2026 08:30,Delivered,No,0,0,,No
code-of-conduct-2026,dmitri.dubois@example.com,Sales,02/02/2026 08:30,Delivered,No,2,0,02/02/2026 10:01,No
code-of-conduct-2026,quinn.iyer@example.com,Technology,02/02/2026 08:30,Delivered,No,2,0,02/02/2026 13:02,No
code-of-conduct-2026,farid.kowalski@example.com,Marketing,02/02/2026 08:30,Delivered,No,2,0,03/02/2026 04:35,No
code-of-conduct-2026,daniel.chen@example.com,Technology,02/02/2026 08:30,Delivered,No,0,0,,No
code-of-conduct-2026,cara.kowalski@example.com,Operations,02/02/2026 08:30,Delivered,No,0,0,,No
code-of-conduct-2026,cara.vargas@example.com,Technology,02/02/2026 08:30,Delivered,No,0,0,,No
code-of-conduct-2026,amara.silva@example.com,Operations,02/02/2026 08:30,Delivered,No,2,0,02/02/2026 12:54,No
code-of-conduct-2026,amara.zhang@example.com,Marketing,02/02/2026 08:30,Delivered,No,1,0,02/02/2026 10:17,No
code-of-conduct-2026,wei.novak2@example.com,HR,02/02/2026 08:30,Delivered,No,1,1,03/02/2026 05:13,No
code-of-conduct-2026,quinn.walsh@example.com,Operations,02/02/2026 08:30,Delivered,No,0,0,,No
code-of-conduct-2026,aisha.novak2@example.com,Manufacturing,02/02/2026 08:30,Delivered,No,0,0,,No
code-of-conduct-2026,yusuf.ueda@example.com,Manufacturing,02/02/2026 08:30,Delivered,No,0,0,,No
code-of-conduct-2026,zoe.novak@example.com,Manufacturing,02/02/2026 08:30,Delivered,No,0,0,,No
code-of-conduct-2026,xenia.chen@example.com,Technology,02/02/2026 08:30,Delivered,No,2,0,02/02/2026 13:04,No
code-of-conduct-2026,hiro.jensen@example.com,Manufacturing,02/02/2026 08:30,Delivered,No,0,0,,No
code-of-conduct-2026,cara.fischer@example.com,Technology,02/02/2026 08:30,Delivered,No,1,1,02/02/2026 10:14,No
code-of-conduct-2026,yusuf.novak@example.com,Operations,02/02/2026 08:30,Delivered,No,0,0,,No
code-of-conduct-2026,jonas.zhang@example.com,Manufacturing,02/02/2026 08:30,Delivered,No,5,1,02/02/2026 10:12,No
code-of-conduct-2026,chloe.patel@example.com,HR,02/02/2026 08:30,Delivered,No,1,0,02/02/2026 09:44,No
code-of-conduct-2026,jonas.walsh@example.com,Manufacturing,02/02/2026 08:30,Delivered,No,1,0,02/02/2026 09:59,No
code-of-conduct-2026,xenia.patel@example.com,Manufacturing,02/02/2026 08:30,Delivered,No,1,0,03/02/2026 05:16,No
code-of-conduct-2026,cara.ahmed2@example.com,HR,02/02/2026 08:30,Delivered,No,1,1,02/02/2026 09:51,No
code-of-conduct-2026,xenia.vargas@example.com,Manufacturing,02/02/2026 08:30,Delivered,No,0,0,,No
code-of-conduct-2026,elena.kowalski@example.com,Technology,02/02/2026 08:30,Delivered,No,1,0,03/02/2026 05:25,No
code-of-conduct-2026,aisha.silva@example.com,Operations,02/02/2026 08:30,Delivered,No,0,0,,No
code-of-conduct-2026,viktor.okafor@example.com,Operations,02/02/2026 08:30,Delivered,No,1,1,02/02/2026 10:25,No
code-of-conduct-2026,chloe.muller@example.com,Marketing,02/02/2026 08:30,Delivered,No,0,0,,No
code-of-conduct-2026,ines.walsh@example.com,Finance,02/02/2026 08:30,Delivered,No,0,0,,No
code-of-conduct-2026,ben.dubois2@example.com,Technology,02/02/2026 08:30,Delivered,No,0,0,,No
code-of-conduct-2026,aisha.yilmaz@example.com,Manufacturing,02/02/2026 08:30,Delivered,No,0,0,,No
code-of-conduct-2026,liam.yilmaz@example.com,Manufacturing,02/02/2026 08:30,Delivered,No,0,0,,No
code-of-conduct-2026,hiro.yilmaz@example.com,Finance,02/02/2026 08:30,Delivered,No,1,0,02/02/2026 13:29,No
code-of-conduct-2026,hiro.fischer@example.com,Operations,02/02/2026 08:30,Delivered,No,0,0,,No
code-of-conduct-2026,ines.garcia@example.com,Manufacturing,02/02/2026 08:30,Delivered,No,0,0,,No
code-of-conduct-2026,elena.brown@example.com,Manufacturing,02/02/2026 08:30,Delivered,No,0,0,,No
code-of-conduct-2026,rosa.patel@example.com,Legal,02/02/2026 08:30,Delivered,No,0,0,,No
code-of-conduct-2026,elena.patel@example.com,Manufacturing,02/02/2026 08:30,Delivered,No,0,0,,No
code-of-conduct-2026,hiro.vargas@example.com,Manufacturing,02/02/2026 08:30,Delivered,No,0,0,,No
code-of-conduct-2026,jonas.yilmaz@example.com,Manufacturing,02/02/2026 08:30,Delivered,No,2,2,04/02/2026 13:22,No
code-of-conduct-2026,tariq.silva@example.com,Finance,02/02/2026 08:30,Delivered,No,2,1,02/02/2026 10:22,No
code-of-conduct-2026,xenia.evans@example.com,Operations,02/02/2026 08:30,Delivered,No,2,2,03/02/2026 04:48,No
code-of-conduct-2026,daniel.novak@example.com,Technology,02/02/2026 08:30,Delivered,No,0,0,,No
code-of-conduct-2026,bruno.rossi2@example.com,Manufacturing,02/02/2026 08:30,Delivered,No,0,0,,No
code-of-conduct-2026,noah.garcia@example.com,Operations,02/02/2026 08:30,Delivered,No,1,0,03/02/2026 04:53,No
code-of-conduct-2026,daniel.ueda@example.com,HR,02/02/2026 08:30,Delivered,No,1,1,03/02/2026 05:14,No
code-of-conduct-2026,kira.okafor@example.com,Finance,02/02/2026 08:30,Delivered,No,3,0,04/02/2026 13:04,No
code-of-conduct-2026,aisha.jensen@example.com,Finance,02/02/2026 08:30,Delivered,No,0,0,,No
code-of-conduct-2026,jonas.walsh2@example.com,Operations,02/02/2026 08:30,Delivered,No,1,0,02/02/2026 12:45,No
code-of-conduct-2026,hiro.novak@example.com,Technology,02/02/2026 08:30,Delivered,No,1,1,03/02/2026 05:13,No
code-of-conduct-2026,ben.dubois3@example.com,Operations,02/02/2026 08:30,Delivered,No,0,0,,No
code-of-conduct-2026,grace.jensen2@example.com,Manufacturing,02/02/2026 08:30,Delivered,No,0,0,,No
code-of-conduct-2026,dmitri.rossi@example.com,Marketing,02/02/2026 08:30,Delivered,No,0,0,,No
code-of-conduct-2026,quinn.rossi@example.com,Manufacturing,02/02/2026 08:30,Delivered,No,0,0,,No
code-of-conduct-2026,sam.yilmaz@example.com,Manufacturing,02/02/2026 08:30,Delivered,No,0,0,,No
code-of-conduct-2026,viktor.kowalski@example.com,HR,02/02/2026 08:30,Delivered,No,0,0,,No
code-of-conduct-2026,wei.fischer@example.com,Finance,02/02/2026 08:30,Delivered,No,0,0,,No
code-of-conduct-2026,yusuf.tanaka2@example.com,Manufacturing,02/02/2026 08:30,Delivered,No,0,0,,No
code-of-conduct-2026,xenia.chen2@example.com,Sales,02/02/2026 08:30,Delivered,No,0,0,,No
code-of-conduct-2026,hiro.brown@example.com,Operations,02/02/2026 08:30,Delivered,No,0,0,,No
code-of-conduct-2026,jonas.kowalski2@example.com,Operations,02/02/2026 08:30,Delivered,No,2,0,04/02/2026 12:30,No
code-of-conduct-2026,viktor.rossi@example.com,HR,02/02/2026 08:30,Delivered,No,0,0,,No
code-of-conduct-2026,aisha.tanaka@example.com,Operations,02/02/2026 08:30,Delivered,No,0,0,,No
code-of-conduct-2026,olu.jensen@example.com,Manufacturing,02/02/2026 08:30,Delivered,No,0,0,,No
code-of-conduct-2026,liam.garcia@example.com,Manufacturing,02/02/2026 08:30,Bounced,Yes,0,0,,No
code-of-conduct-2026,amara.dubois@example.com,Technology,02/02/2026 08:30,Bounced,Yes,0,0,,No
code-of-conduct-2026,bruno.yilmaz@example.com,Manufacturing,02/02/2026 08:30,Delivered,No,1,1,02/02/2026 12:33,No
code-of-conduct-2026,maya.hansen2@example.com,Technology,02/02/2026 08:30,Delivered,No,5,0,02/02/2026 12:42,No
code-of-conduct-2026,rosa.ahmed@example.com,Marketing,02/02/2026 08:30,Delivered,No,1,0,02/02/2026 13:24,No
code-of-conduct-2026,sam.rossi@example.com,Technology,02/02/2026 08:30,Delivered,No,3,0,02/02/2026 12:53,No
code-of-conduct-2026,quinn.chen@example.com,Manufacturing,02/02/2026 08:30,Delivered,No,0,0,,No
code-of-conduct-2026,sam.evans@example.com,Technology,02/02/2026 08:30,Delivered,No,2,0,02/02/2026 10:20,No
code-of-conduct-2026,bruno.yilmaz2@example.com,Technology,02/02/2026 08:30,Delivered,No,0,0,,No
code-of-conduct-2026,ben.silva@example.com,Operations,02/02/2026 08:30,Delivered,No,0,0,,No
code-of-conduct-2026,maya.rossi@example.com,Operations,02/02/2026 08:30,Delivered,No,0,0,,No
code-of-conduct-2026,cara.iyer@example.com,Marketing,02/02/2026 08:30,Delivered,No,0,0,,No
code-of-conduct-2026,amara.silva2@example.com,Manufacturing,02/02/2026 08:30,Delivered,No,0,0,,No
code-of-conduct-2026,cara.iyer2@example.com,Operations,02/02/2026 08:30,Delivered,No,0,0,,No
code-of-conduct-2026,bruno.kowalski@example.com,Manufacturing,02/02/2026 08:30,Delivered,No,1,0,02/02/2026 09:43,No
code-of-conduct-2026,uma.lopez@example.com,Sales,02/02/2026 08:30,Delivered,No,0,0,,No
code-of-conduct-2026,elena.muller@example.com,Operations,02/02/2026 08:30,Delivered,No,0,0,,No
code-of-conduct-2026,cara.ueda@example.com,Operations,02/02/2026 08:30,Delivered,No,1,0,02/02/2026 12:39,No
code-of-conduct-2026,chloe.novak@example.com,Sales,02/02/2026 08:30,Delivered,No,1,0,03/02/2026 05:17,No
code-of-conduct-2026,viktor.brown@example.com,Marketing,02/02/2026 08:30,Delivered,No,1,0,02/02/2026 09:34,No
code-of-conduct-2026,ines.dubois@example.com,Marketing,02/02/2026 08:30,Delivered,No,0,0,,No
code-of-conduct-2026,xenia.silva2@example.com,Operations,02/02/2026 08:30,Delivered,No,0,0,,No
code-of-conduct-2026,viktor.hansen@example.com,Manufacturing,02/02/2026 08:30,Delivered,No,1,0,02/02/2026 10:19,No
code-of-conduct-2026,tariq.evans@example.com,Legal,02/02/2026 08:30,Delivered,No,1,0,02/02/2026 10:09,No
code-of-conduct-2026,kira.fischer@example.com,Legal,02/02/2026 08:30,Delivered,No,0,0,,No
code-of-conduct-2026,hiro.ahmed@example.com,Operations,02/02/2026 08:30,Delivered,No,0,0,,No
code-of-conduct-2026,rosa.dubois@example.com,Manufacturing,02/02/2026 08:30,Delivered,No,1,1,04/02/2026 13:03,No
code-of-conduct-2026,liam.chen@example.com,HR,02/02/2026 08:30,Delivered,No,0,0,,No
code-of-conduct-2026,amara.rossi@example.com,Sales,02/02/2026 08:30,Delivered,No,0,0,,No
code-of-conduct-2026,wei.tanaka@example.com,Manufacturing,02/02/2026 08:30,Delivered,No,1,0,02/02/2026 10:17,No
code-of-conduct-2026,chloe.lopez@example.com,Technology,02/02/2026 08:30,Delivered,No,0,0,,Yes
code-of-conduct-2026,cara.yilmaz@example.com,HR,02/02/2026 08:30,Delivered,No,0,0,,No
code-of-conduct-2026,uma.zhang@example.com,Technology,02/02/2026 08:30,Delivered,No,1,0,03/02/2026 05:04,No
code-of-conduct-2026,liam.tanaka@example.com,Technology,02/02/2026 08:30,Delivered,No,1,2,02/02/2026 09:41,No
code-of-conduct-2026,rosa.iyer@example.com,Sales,02/02/2026 08:30,Delivered,No,1,4,02/02/2026 09:54,No
code-of-conduct-2026,chloe.kowalski@example.com,Marketing,02/02/2026 08:30,Delivered,No,0,0,,No
code-of-conduct-2026,chloe.walsh@example.com,Legal,02/02/2026 08:30,Bounced,Yes,0,0,,No
code-of-conduct-2026,cara.rossi@example.com,Operations,02/02/2026 08:30,Delivered,No,1,0,02/02/2026 09:51,No
code-of-conduct-2026,rosa.kowalski@example.com,Sales,02/02/2026 08:30,Delivered,No,0,0,,No
code-of-conduct-2026,maya.fischer2@example.com,Operations,02/02/2026 08:30,Delivered,No,1,0,02/02/2026 09:39,No
code-of-conduct-2026,hiro.chen@example.com,Manufacturing,02/02/2026 08:30,Delivered,No,1,0,02/02/2026 09:40,No
code-of-conduct-2026,dmitri.evans@example.com,Manufacturing,02/02/2026 08:30,Delivered,No,0,0,,No
code-of-conduct-2026,ben.okafor@example.com,Manufacturing,02/02/2026 08:30,Delivered,No,0,0,,No
code-of-conduct-2026,wei.jensen@example.com,Marketing,02/02/2026 08:30,Delivered,No,1,1,02/02/2026 13:06,No
code-of-conduct-2026,priya.jensen@example.com,Technology,02/02/2026 08:30,Delivered,No,2,1,02/02/2026 09:44,No
code-of-conduct-2026,rosa.okafor2@example.com,Legal,02/02/2026 08:30,Delivered,No,1,1,04/02/2026 12:56,No
code-of-conduct-2026,ben.silva2@example.com,Marketing,02/02/2026 08:30,Delivered,No,0,0,,No
code-of-conduct-2026,ines.fischer@example.com,Finance,02/02/2026 08:30,Delivered,No,1,0,02/02/2026 12:30,No
code-of-conduct-2026,priya.fischer@example.com,Manufacturing,02/02/2026 08:30,Delivered,No,2,0,02/02/2026 13:26,No
code-of-conduct-2026,rosa.ueda@example.com,Operations,02/02/2026 08:30,Delivered,No,0,0,,No
code-of-conduct-2026,viktor.walsh@example.com,Technology,02/02/2026 08:30,Delivered,No,0,0,,No
code-of-conduct-2026,olu.jensen2@example.com,Finance,02/02/2026 08:30,Delivered,No,5,0,02/02/2026 09:47,No
code-of-conduct-2026,cara.muller@example.com,Manufacturing,02/02/2026 08:30,Delivered,No,0,0,,No
code-of-conduct-2026,bruno.fischer@example.com,Technology,02/02/2026 08:30,Delivered,No,2,1,02/02/2026 12:58,No
code-of-conduct-2026,grace.kowalski@example.com,Manufacturing,02/02/2026 08:30,Delivered,No,1,0,03/02/2026 04:42,No
code-of-conduct-2026,hiro.novak2@example.com,Manufacturing,02/02/2026 08:30,Delivered,No,0,0,,No
code-of-conduct-2026,xenia.iyer@example.com,Manufacturing,02/02/2026 08:30,Delivered,No,0,0,,No
code-of-conduct-2026,jonas.patel@example.com,Technology,02/02/2026 08:30,Delivered,No,1,0,02/02/2026 10:29,No
code-of-conduct-2026,ben.yilmaz@example.com,Technology,02/02/2026 08:30,Delivered,No,1,0,02/02/2026 09:52,No
code-of-conduct-2026,viktor.hansen2@example.com,Manufacturing,02/02/2026 08:30,Delivered,No,0,0,,No
code-of-conduct-2026,wei.brown@example.com,Manufacturing,02/02/2026 08:30,Delivered,No,0,0,,No
code-of-conduct-2026,xenia.vargas2@example.com,Sales,02/02/2026 08:30,Delivered,No,1,0,02/02/2026 10:14,No
code-of-conduct-2026,ben.patel@example.com,Technology,02/02/2026 08:30,Delivered,No,0,0,,No
code-of-conduct-2026,sam.evans2@example.com,Manufacturing,02/02/2026 08:30,Bounced,Yes,0,0,,No
code-of-conduct-2026,viktor.brown2@example.com,Sales,02/02/2026 08:30,Delivered,No,3,1,02/02/2026 09:47,No
code-of-conduct-2026,olu.okafor@example.com,Technology,02/02/2026 08:30,Delivered,No,1,1,02/02/2026 12:35,No
code-of-conduct-2026,noah.dubois@example.com,Operations,02/02/2026 08:30,Delivered,No,0,0,,No
code-of-conduct-2026,daniel.dubois@example.com,Manufacturing,02/02/2026 08:30,Delivered,No,0,0,,No
code-of-conduct-2026,bruno.rossi3@example.com,Marketing,02/02/2026 08:30,Bounced,Yes,0,0,,No
code-of-conduct-2026,viktor.lopez@example.com,Sales,02/02/2026 08:30,Delivered,No,2,0,02/02/2026 09:52,No
code-of-conduct-2026,quinn.zhang@example.com,Manufacturing,02/02/2026 08:30,Delivered,No,0,0,,No
code-of-conduct-2026,ben.okafor2@example.com,Sales,02/02/2026 08:30,Delivered,No,1,0,04/02/2026 13:20,No
code-of-conduct-2026,noah.lopez2@example.com,HR,02/02/2026 08:30,Delivered,No,2,4,02/02/2026 10:17,No
code-of-conduct-2026,kira.tanaka@example.com,Technology,02/02/2026 08:30,Delivered,No,1,1,02/02/2026 09:55,No
code-of-conduct-2026,ben.brown@example.com,Sales,02/02/2026 08:30,Delivered,No,1,0,02/02/2026 10:01,No
code-of-conduct-2026,farid.tanaka@example.com,Manufacturing,02/02/2026 08:30,Delivered,No,0,0,,No
code-of-conduct-2026,hiro.chen2@example.com,Finance,02/02/2026 08:30,Delivered,No,0,0,,No
code-of-conduct-2026,xenia.ahmed@example.com,Operations,02/02/2026 08:30,Delivered,No,3,2,02/02/2026 10:04,No
code-of-conduct-2026,zoe.brown@example.com,Manufacturing,02/02/2026 08:30,Delivered,No,2,1,02/02/2026 10:17,No
code-of-conduct-2026,aisha.brown@example.com,Marketing,02/02/2026 08:30,Delivered,No,0,0,,No
code-of-conduct-2026,olu.muller@example.com,Sales,02/02/2026 08:30,Delivered,No,0,0,,No
code-of-conduct-2026,farid.hansen@example.com,Manufacturing,02/02/2026 08:30,Delivered,No,3,0,02/02/2026 10:00,No
code-of-conduct-2026,priya.kowalski@example.com,Marketing,02/02/2026 08:30,Delivered,No,1,0,02/02/2026 10:00,No
code-of-conduct-2026,amara.brown@example.com,Finance,02/02/2026 08:30,Delivered,No,0,0,,No
code-of-conduct-2026,wei.chen@example.com,Manufacturing,02/02/2026 08:30,Delivered,No,0,0,,No
code-of-conduct-2026,priya.ahmed2@example.com,Manufacturing,02/02/2026 08:30,Delivered,No,0,0,,No
code-of-conduct-2026,hiro.walsh@example.com,Marketing,02/02/2026 08:30,Delivered,No,1,1,02/02/2026 09:43,No
code-of-conduct-2026,yusuf.okafor@example.com,Finance,02/02/2026 08:30,Delivered,No,2,1,03/02/2026 04:44,No
code-of-conduct-2026,farid.kowalski2@example.com,HR,02/02/2026 08:30,Delivered,No,0,0,,No
code-of-conduct-2026,cara.jensen@example.com,Operations,02/02/2026 08:30,Delivered,No,0,0,,No
code-of-conduct-2026,noah.iyer@example.com,Finance,02/02/2026 08:30,Delivered,No,0,0,,No
code-of-conduct-2026,amara.ahmed@example.com,Technology,02/02/2026 08:30,Delivered,No,0,0,,No
code-of-conduct-2026,uma.ueda@example.com,Manufacturing,02/02/2026 08:30,Delivered,No,0,0,,No
code-of-conduct-2026,kira.yilmaz@example.com,Technology,02/02/2026 08:30,Delivered,No,2,0,03/02/2026 05:29,No
code-of-conduct-2026,tariq.okafor@example.com,Manufacturing,02/02/2026 08:30,Delivered,No,0,0,,No
code-of-conduct-2026,bruno.garcia@example.com,Sales,02/02/2026 08:30,Delivered,No,1,0,02/02/2026 10:00,No
code-of-conduct-2026,maya.garcia@example.com,Manufacturing,02/02/2026 08:30,Delivered,No,0,0,,No
code-of-conduct-2026,tariq.evans2@example.com,Sales,02/02/2026 08:30,Delivered,No,0,0,,No
code-of-conduct-2026,tariq.muller@example.com,Finance,02/02/2026 08:30,Bounced,Yes,0,0,,No
code-of-conduct-2026,hiro.zhang@example.com,Finance,02/02/2026 08:30,Delivered,No,0,0,,No
code-of-conduct-2026,amara.lopez@example.com,HR,02/02/2026 08:30,Delivered,No,0,0,,No
code-of-conduct-2026,uma.tanaka@example.com,Marketing,02/02/2026 08:30,Delivered,No,0,0,,No
code-of-conduct-2026,daniel.vargas@example.com,Technology,02/02/2026 08:30,Delivered,No,0,0,,No
code-of-conduct-2026,zoe.novak2@example.com,Manufacturing,02/02/2026 08:30,Delivered,No,0,0,,No
code-of-conduct-2026,sam.okafor@example.com,Manufacturing,02/02/2026 08:30,Delivered,No,0,0,,No
code-of-conduct-2026,priya.tanaka@example.com,Operations,02/02/2026 08:30,Delivered,No,2,0,02/02/2026 13:23,No
code-of-conduct-2026,elena.novak@example.com,Marketing,02/02/2026 08:30,Delivered,No,2,0,04/02/2026 13:06,No
code-of-conduct-2026,jonas.garcia@example.com,Manufacturing,02/02/2026 08:30,Delivered,No,0,0,,No
code-of-conduct-2026,dmitri.vargas2@example.com,Sales,02/02/2026 08:30,Delivered,No,0,0,,No
code-of-conduct-2026,daniel.ueda2@example.com,Operations,02/02/2026 08:30,Delivered,No,2,0,02/02/2026 12:40,No
code-of-conduct-2026,uma.jensen2@example.com,Manufacturing,02/02/2026 08:30,Delivered,No,0,0,,No
code-of-conduct-2026,chloe.evans@example.com,Finance,02/02/2026 08:30,Delivered,No,0,0,,No
code-of-conduct-2026,jonas.hansen@example.com,Manufacturing,02/02/2026 08:30,Delivered,No,0,0,,No
code-of-conduct-2026,noah.rossi@example.com,Manufacturing,02/02/2026 08:30,Delivered,No,0,0,,No
code-of-conduct-2026,daniel.zhang@example.com,Manufacturing,02/02/2026 08:30,Delivered,No,0,0,,No
code-of-conduct-2026,priya.okafor@example.com,Manufacturing,02/02/2026 08:30,Delivered,No,0,0,,No
code-of-conduct-2026,viktor.brown3@example.com,Marketing,02/02/2026 08:30,Delivered,No,0,0,,No
code-of-conduct-2026,rosa.muller@example.com,Sales,02/02/2026 08:30,Delivered,No,0,0,,No
code-of-conduct-2026,kira.chen@example.com,Marketing,02/02/2026 08:30,Delivered,No,0,0,,No
code-of-conduct-2026,cara.kowalski2@example.com,HR,02/02/2026 08:30,Delivered,No,1,1,02/02/2026 09:58,No
code-of-conduct-2026,priya.novak@example.com,Marketing,02/02/2026 08:30,Delivered,No,1,0,02/02/2026 13:18,No
code-of-conduct-2026,xenia.evans2@example.com,Technology,02/02/2026 08:30,Delivered,No,3,0,03/02/2026 05:20,No
code-of-conduct-2026,elena.ahmed@example.com,Manufacturing,02/02/2026 08:30,Delivered,No,0,0,,No
code-of-conduct-2026,maya.chen@example.com,Sales,02/02/2026 08:30,Bounced,Yes,0,0,,No
code-of-conduct-2026,zoe.rossi@example.com,Manufacturing,02/02/2026 08:30,Delivered,No,0,0,,No
code-of-conduct-2026,elena.ueda@example.com,HR,02/02/2026 08:30,Delivered,No,1,0,02/02/2026 13:26,No
code-of-conduct-2026,wei.yilmaz3@example.com,Technology,02/02/2026 08:30,Delivered,No,1,1,02/02/2026 09:48,No
code-of-conduct-2026,dmitri.hansen@example.com,Technology,02/02/2026 08:30,Delivered,No,0,0,,No
code-of-conduct-2026,bruno.muller@example.com,Finance,02/02/2026 08:30,Delivered,No,0,0,,No
code-of-conduct-2026,liam.tanaka2@example.com,Technology,02/02/2026 08:30,Delivered,No,0,0,,No
code-of-conduct-2026,quinn.lopez@example.com,Sales,02/02/2026 08:30,Delivered,No,0,0,,No
code-of-conduct-2026,xenia.vargas3@example.com,Technology,02/02/2026 08:30,Delivered,No,0,0,,No
code-of-conduct-2026,liam.rossi@example.com,Manufacturing,02/02/2026 08:30,Delivered,No,0,0,,No
code-of-conduct-2026,jonas.yilmaz2@example.com,Legal,02/02/2026 08:30,Delivered,No,0,0,,No
code-of-conduct-2026,aisha.garcia@example.com,Marketing,02/02/2026 08:30,Delivered,No,2,0,03/02/2026 05:19,No
code-of-conduct-2026,sam.tanaka@example.com,Finance,02/02/2026 08:30,Delivered,No,1,1,02/02/2026 13:21,No
code-of-conduct-2026,farid.okafor@example.com,Marketing,02/02/2026 08:30,Delivered,No,0,0,,No
code-of-conduct-2026,aisha.garcia2@example.com,Legal,02/02/2026 08:30,Delivered,No,1,0,02/02/2026 09:36,No
code-of-conduct-2026,hiro.rossi@example.com,HR,02/02/2026 08:30,Delivered,No,1,1,03/02/2026 04:47,No
code-of-conduct-2026,wei.chen2@example.com,Technology,02/02/2026 08:30,Delivered,No,0,0,,No
code-of-conduct-2026,zoe.kowalski@example.com,Manufacturing,02/02/2026 08:30,Delivered,No,3,0,02/02/2026 13:01,No
code-of-conduct-2026,chloe.iyer@example.com,Manufacturing,02/02/2026 08:30,Delivered,No,0,0,,No
code-of-conduct-2026,jonas.novak@example.com,HR,02/02/2026 08:30,Delivered,No,2,0,03/02/2026 04:55,No
code-of-conduct-2026,priya.iyer@example.com,Operations,02/02/2026 08:30,Delivered,No,1,1,02/02/2026 12:53,No
code-of-conduct-2026,ben.brown2@example.com,Sales,02/02/2026 08:30,Delivered,No,5,0,02/02/2026 09:56,No
code-of-conduct-2026,priya.evans@example.com,Operations,02/02/2026 08:30,Delivered,No,2,0,02/02/2026 13:20,No
code-of-conduct-2026,yusuf.fischer@example.com,Manufacturing,02/02/2026 08:30,Delivered,No,0,0,,No
code-of-conduct-2026,xenia.kowalski@example.com,Manufacturing,02/02/2026 08:30,Delivered,No,2,0,02/02/2026 09:36,No
code-of-conduct-2026,noah.hansen@example.com,Technology,02/02/2026 08:30,Delivered,No,0,0,,No
code-of-conduct-2026,xenia.vargas4@example.com,Operations,02/02/2026 08:30,Delivered,No,3,0,02/02/2026 12:31,No
code-of-conduct-2026,xenia.garcia@example.com,Manufacturing,02/02/2026 08:30,Bounced,Yes,0,0,,No
code-of-conduct-2026,noah.zhang@example.com,Manufacturing,02/02/2026 08:30,Delivered,No,0,0,,No
code-of-conduct-2026,maya.brown@example.com,Manufacturing,02/02/2026 08:30,Delivered,No,3,0,03/02/2026 05:24,No
code-of-conduct-2026,daniel.evans@example.com,Manufacturing,02/02/2026 08:30,Delivered,No,0,0,,No
code-of-conduct-2026,hiro.vargas2@example.com,Manufacturing,02/02/2026 08:30,Delivered,No,0,0,,No
code-of-conduct-2026,yusuf.muller@example.com,Marketing,02/02/2026 08:30,Delivered,No,1,0,02/02/2026 13:07,No
code-of-conduct-2026,hiro.kowalski@example.com,Operations,02/02/2026 08:30,Delivered,No,0,0,,No
code-of-conduct-2026,chloe.okafor2@example.com,Manufacturing,02/02/2026 08:30,Delivered,No,0,0,,No
code-of-conduct-2026,yusuf.rossi@example.com,Finance,02/02/2026 08:30,Delivered,No,0,0,,No
code-of-conduct-2026,kira.iyer@example.com,Manufacturing,02/02/2026 08:30,Delivered,No,0,0,,No
code-of-conduct-2026,rosa.kowalski2@example.com,Finance,02/02/2026 08:30,Delivered,No,0,0,,No
code-of-conduct-2026,yusuf.walsh@example.com,HR,02/02/2026 08:30,Bounced,Yes,0,0,,No
code-of-conduct-2026,daniel.silva@example.com,Finance,02/02/2026 08:30,Delivered,No,0,0,,No
code-of-conduct-2026,aisha.rossi2@example.com,Manufacturing,02/02/2026 08:30,Delivered,No,0,0,,No
code-of-conduct-2026,bruno.tanaka@example.com,HR,02/02/2026 08:30,Delivered,No,0,0,,No
code-of-conduct-2026,quinn.yilmaz2@example.com,Manufacturing,02/02/2026 08:30,Delivered,No,0,0,,No
code-of-conduct-2026,bruno.ahmed@example.com,Finance,02/02/2026 08:30,Delivered,No,1,0,02/02/2026 09:44,No
code-of-conduct-2026,farid.jensen@example.com,Technology,02/02/2026 08:30,Delivered,No,0,0,,No
code-of-conduct-2026,jonas.novak2@example.com,Finance,02/02/2026 08:30,Delivered,No,0,0,,No
code-of-conduct-2026,liam.novak@example.com,Manufacturing,02/02/2026 08:30,Delivered,No,0,0,,No
code-of-conduct-2026,elena.rossi@example.com,Technology,02/02/2026 08:30,Bounced,Yes,0,0,,No
code-of-conduct-2026,viktor.patel3@example.com,Legal,02/02/2026 08:30,Delivered,No,2,0,03/02/2026 04:43,No
code-of-conduct-2026,hiro.iyer@example.com,Sales,02/02/2026 08:30,Delivered,No,1,2,04/02/2026 12:43,No
code-of-conduct-2026,aisha.ueda@example.com,Manufacturing,02/02/2026 08:30,Delivered,No,0,0,,No
code-of-conduct-2026,viktor.okafor2@example.com,Finance,02/02/2026 08:30,Delivered,No,0,0,,No
code-of-conduct-2026,tariq.rossi@example.com,Finance,02/02/2026 08:30,Delivered,No,1,0,04/02/2026 12:47,No
code-of-conduct-2026,zoe.patel@example.com,Manufacturing,02/02/2026 08:30,Delivered,No,0,0,,No
code-of-conduct-2026,maya.dubois@example.com,Marketing,02/02/2026 08:30,Delivered,No,2,0,02/02/2026 10:18,No
code-of-conduct-2026,tariq.hansen@example.com,Marketing,02/02/2026 08:30,Delivered,No,1,1,02/02/2026 12:34,No
code-of-conduct-2026,kira.ueda2@example.com,Operations,02/02/2026 08:30,Delivered,No,0,0,,No
code-of-conduct-2026,jonas.muller@example.com,Finance,02/02/2026 08:30,Delivered,No,1,0,02/02/2026 09:49,No
code-of-conduct-2026,sam.chen@example.com,HR,02/02/2026 08:30,Delivered,No,1,0,02/02/2026 13:26,No
code-of-conduct-2026,aisha.evans@example.com,Technology,02/02/2026 08:30,Delivered,No,1,0,03/02/2026 05:06,No
code-of-conduct-2026,wei.tanaka2@example.com,Technology,02/02/2026 08:30,Delivered,No,1,1,02/02/2026 13:24,No
code-of-conduct-2026,kira.garcia@example.com,Technology,02/02/2026 08:30,Delivered,No,1,0,02/02/2026 10:20,No
code-of-conduct-2026,elena.muller2@example.com,Legal,02/02/2026 08:30,Delivered,No,0,0,,No
code-of-conduct-2026,jonas.kowalski3@example.com,Manufacturing,02/02/2026 08:30,Delivered,No,1,1,02/02/2026 12:31,No
code-of-conduct-2026,xenia.chen3@example.com,Technology,02/02/2026 08:30,Bounced,Yes,0,0,,No
code-of-conduct-2026,chloe.brown@example.com,Finance,02/02/2026 08:30,Delivered,No,2,1,03/02/2026 05:16,No
code-of-conduct-2026,amara.rossi2@example.com,Marketing,02/02/2026 08:30,Delivered,No,1,0,02/02/2026 13:13,No
code-of-conduct-2026,daniel.chen2@example.com,Finance,02/02/2026 08:30,Delivered,No,0,0,,No
code-of-conduct-2026,liam.kowalski@example.com,Manufacturing,02/02/2026 08:30,Delivered,No,0,0,,No
code-of-conduct-2026,cara.lopez@example.com,Manufacturing,02/02/2026 08:30,Delivered,No,1,1,02/02/2026 10:21,No
code-of-conduct-2026,farid.vargas@example.com,Finance,02/02/2026 08:30,Delivered,No,1,0,02/02/2026 13:03,No
code-of-conduct-2026,hiro.zhang2@example.com,Sales,02/02/2026 08:30,Delivered,No,2,0,02/02/2026 10:27,No
code-of-conduct-2026,jonas.chen@example.com,Operations,02/02/2026 08:30,Delivered,No,0,0,,No
code-of-conduct-2026,priya.hansen@example.com,Finance,02/02/2026 08:30,Delivered,No,0,0,,No
code-of-conduct-2026,wei.hansen2@example.com,Sales,02/02/2026 08:30,Delivered,No,1,0,02/02/2026 12:34,No
code-of-conduct-2026,uma.dubois@example.com,Sales,02/02/2026 08:30,Delivered,No,1,0,02/02/2026 09:45,No
code-of-conduct-2026,viktor.zhang@example.com,Manufacturing,02/02/2026 08:30,Delivered,No,0,0,,No
code-of-conduct-2026,uma.chen@example.com,Marketing,02/02/2026 08:30,Delivered,No,0,0,,No
code-of-conduct-2026,xenia.yilmaz@example.com,Manufacturing,02/02/2026 08:30,Delivered,No,1,1,02/02/2026 12:58,No
code-of-conduct-2026,dmitri.zhang@example.com,Operations,02/02/2026 08:30,Delivered,No,0,0,,No
code-of-conduct-2026,dmitri.ahmed@example.com,Marketing,02/02/2026 08:30,Delivered,No,0,0,,No
code-of-conduct-2026,priya.kowalski2@example.com,Operations,02/02/2026 08:30,Delivered,No,0,0,,No
code-of-conduct-2026,hiro.patel2@example.com,Sales,02/02/2026 08:30,Delivered,No,1,0,04/02/2026 13:04,No
code-of-conduct-2026,zoe.tanaka@example.com,Marketing,02/02/2026 08:30,Delivered,No,1,0,02/02/2026 09:31,No
code-of-conduct-2026,elena.fischer@example.com,Operations,02/02/2026 08:30,Delivered,No,1,0,03/02/2026 04:50,No
code-of-conduct-2026,rosa.tanaka@example.com,Operations,02/02/2026 08:30,Delivered,No,0,0,,No
code-of-conduct-2026,jonas.walsh3@example.com,Manufacturing,02/02/2026 08:30,Delivered,No,2,0,02/02/2026 12:53,No
code-of-conduct-2026,grace.yilmaz@example.com,Marketing,02/02/2026 08:30,Delivered,No,2,0,02/02/2026 09:36,No
code-of-conduct-2026,ben.evans2@example.com,Legal,02/02/2026 08:30,Delivered,No,0,0,,No
code-of-conduct-2026,kira.walsh@example.com,Manufacturing,02/02/2026 08:30,Delivered,No,0,0,,No
code-of-conduct-2026,kira.brown@example.com,Technology,02/02/2026 08:30,Delivered,No,0,0,,No
code-of-conduct-2026,zoe.evans@example.com,Finance,02/02/2026 08:30,Delivered,No,0,0,,No
code-of-conduct-2026,zoe.brown2@example.com,Finance,02/02/2026 08:30,Delivered,No,0,0,,No
code-of-conduct-2026,dmitri.muller@example.com,Operations,02/02/2026 08:30,Delivered,No,0,0,,No
code-of-conduct-2026,tariq.yilmaz@example.com,Manufacturing,02/02/2026 08:30,Delivered,No,0,0,,No
code-of-conduct-2026,noah.ueda@example.com,Technology,02/02/2026 08:30,Delivered,No,0,0,,No
code-of-conduct-2026,hiro.dubois@example.com,Manufacturing,02/02/2026 08:30,Delivered,No,0,0,,No
code-of-conduct-2026,aisha.jensen2@example.com,Technology,02/02/2026 08:30,Delivered,No,1,0,02/02/2026 09:38,No
code-of-conduct-2026,grace.patel@example.com,Manufacturing,02/02/2026 08:30,Delivered,No,0,0,,No
code-of-conduct-2026,daniel.ueda3@example.com,Sales,02/02/2026 08:30,Delivered,No,3,1,03/02/2026 05:27,No
code-of-conduct-2026,uma.novak@example.com,Manufacturing,02/02/2026 08:30,Delivered,No,0,0,,No
code-of-conduct-2026,kira.novak@example.com,Marketing,02/02/2026 08:30,Delivered,No,1,0,02/02/2026 10:29,No
code-of-conduct-2026,chloe.muller2@example.com,Operations,02/02/2026 08:30,Delivered,No,2,1,03/02/2026 04:57,No
code-of-conduct-2026,daniel.iyer@example.com,Manufacturing,02/02/2026 08:30,Delivered,No,0,0,,No
code-of-conduct-2026,rosa.okafor3@example.com,HR,02/02/2026 08:30,Delivered,No,1,2,02/02/2026 13:02,No
code-of-conduct-2026,ben.ahmed2@example.com,Operations,02/02/2026 08:30,Delivered,No,1,0,03/02/2026 05:25,No
code-of-conduct-2026,ben.ueda@example.com,Manufacturing,02/02/2026 08:30,Bounced,Yes,0,0,,No
code-of-conduct-2026,liam.ueda@example.com,Manufacturing,02/02/2026 08:30,Delivered,No,0,0,,No
code-of-conduct-2026,xenia.garcia2@example.com,Operations,02/02/2026 08:30,Delivered,No,0,0,,No
code-of-conduct-2026,viktor.silva@example.com,Sales,02/02/2026 08:30,Bounced,Yes,0,0,,No
code-of-conduct-2026,bruno.ueda2@example.com,Manufacturing,02/02/2026 08:30,Delivered,No,0,0,,Yes
code-of-conduct-2026,elena.fischer2@example.com,Operations,02/02/2026 08:30,Delivered,No,0,0,,No
code-of-conduct-2026,liam.jensen@example.com,Operations,02/02/2026 08:30,Delivered,No,0,0,,No
code-of-conduct-2026,yusuf.rossi2@example.com,Manufacturing,02/02/2026 08:30,Delivered,No,0,0,,No
code-of-conduct-2026,wei.evans@example.com,Manufacturing,02/02/2026 08:30,Delivered,No,0,0,,No
code-of-conduct-2026,liam.brown@example.com,Sales,02/02/2026 08:30,Delivered,No,1,0,02/02/2026 10:17,No
code-of-conduct-2026,daniel.zhang2@example.com,Operations,02/02/2026 08:30,Delivered,No,0,0,,No
code-of-conduct-2026,priya.novak2@example.com,Manufacturing,02/02/2026 08:30,Delivered,No,0,0,,No
code-of-conduct-2026,ines.tanaka@example.com,Sales,02/02/2026 08:30,Delivered,No,0,0,,No
code-of-conduct-2026,quinn.rossi2@example.com,Sales,02/02/2026 08:30,Delivered,No,2,0,02/02/2026 09:32,No
code-of-conduct-2026,cara.okafor@example.com,Sales,02/02/2026 08:30,Bounced,Yes,0,0,,No
code-of-conduct-2026,maya.patel@example.com,Operations,02/02/2026 08:30,Delivered,No,0,0,,No
code-of-conduct-2026,wei.zhang@example.com,Finance,02/02/2026 08:30,Delivered,No,1,0,03/02/2026 05:09,No
code-of-conduct-2026,ines.fischer2@example.com,Manufacturing,02/02/2026 08:30,Delivered,No,0,0,,No
code-of-conduct-2026,chloe.ueda@example.com,Sales,02/02/2026 08:30,Delivered,No,1,0,02/02/2026 09:36,No
code-of-conduct-2026,priya.ahmed3@example.com,Sales,02/02/2026 08:30,Delivered,No,0,0,,No
code-of-conduct-2026,amara.dubois2@example.com,Manufacturing,02/02/2026 08:30,Delivered,No,0,0,,No
code-of-conduct-2026,noah.tanaka@example.com,Manufacturing,02/02/2026 08:30,Delivered,No,0,0,,No
code-of-conduct-2026,cara.iyer3@example.com,Technology,02/02/2026 08:30,Delivered,No,0,0,,No
code-of-conduct-2026,amara.rossi3@example.com,Manufacturing,02/02/2026 08:30,Bounced,Yes,0,0,,No
code-of-conduct-2026,rosa.iyer2@example.com,Operations,02/02/2026 08:30,Delivered,No,2,0,02/02/2026 10:13,No
code-of-conduct-2026,xenia.walsh@example.com,Operations,02/02/2026 08:30,Delivered,No,0,0,,No
code-of-conduct-2026,ines.yilmaz@example.com,Technology,02/02/2026 08:30,Delivered,No,2,0,03/02/2026 04:42,No
code-of-conduct-2026,ben.ahmed3@example.com,Operations,02/02/2026 08:30,Delivered,No,0,0,,No
code-of-conduct-2026,elena.lopez@example.com,Legal,02/02/2026 08:30,Delivered,No,0,0,,No
code-of-conduct-2026,tariq.chen@example.com,Finance,02/02/2026 08:30,Delivered,No,0,0,,No
code-of-conduct-2026,farid.vargas2@example.com,Operations,02/02/2026 08:30,Delivered,No,0,0,,No
code-of-conduct-2026,aisha.hansen@example.com,Operations,02/02/2026 08:30,Delivered,No,0,0,,No
code-of-conduct-2026,aisha.ahmed2@example.com,Operations,02/02/2026 08:30,Delivered,No,0,0,,No
code-of-conduct-2026,jonas.dubois@example.com,Manufacturing,02/02/2026 08:30,Delivered,No,0,0,,No
code-of-conduct-2026,wei.fischer2@example.com,Manufacturing,02/02/2026 08:30,Delivered,No,0,0,,No
code-of-conduct-2026,aisha.silva2@example.com,Technology,02/02/2026 08:30,Delivered,No,0,0,,No
code-of-conduct-2026,daniel.dubois2@example.com,Manufacturing,02/02/2026 08:30,Delivered,No,0,0,,No
code-of-conduct-2026,noah.iyer2@example.com,Manufacturing,02/02/2026 08:30,Delivered,No,0,0,,No
code-of-conduct-2026,ben.silva3@example.com,Operations,02/02/2026 08:30,Delivered,No,0,0,,No
code-of-conduct-2026,elena.vargas@example.com,Sales,02/02/2026 08:30,Delivered,No,0,0,,No
code-of-conduct-2026,daniel.silva2@example.com,Manufacturing,02/02/2026 08:30,Delivered,No,0,0,,No
code-of-conduct-2026,bruno.dubois@example.com,Manufacturing,02/02/2026 08:30,Delivered,No,0,0,,No
code-of-conduct-2026,sam.silva2@example.com,HR,02/02/2026 08:30,Delivered,No,3,0,02/02/2026 10:24,No
code-of-conduct-2026,rosa.chen2@example.com,Operations,02/02/2026 08:30,Delivered,No,1,0,02/02/2026 09:57,No
code-of-conduct-2026,yusuf.dubois@example.com,Manufacturing,02/02/2026 08:30,Delivered,No,0,0,,No
code-of-conduct-2026,ben.hansen@example.com,Manufacturing,02/02/2026 08:30,Delivered,No,0,0,,No
code-of-conduct-2026,chloe.silva@example.com,Legal,02/02/2026 08:30,Delivered,No,0,0,,No
code-of-conduct-2026,yusuf.chen@example.com,Technology,02/02/2026 08:30,Delivered,No,1,0,02/02/2026 09:39,No
code-of-conduct-2026,olu.kowalski@example.com,Manufacturing,02/02/2026 08:30,Delivered,No,0,0,,No
code-of-conduct-2026,sam.muller@example.com,Technology,02/02/2026 08:30,Delivered,No,2,0,02/02/2026 09:54,No
code-of-conduct-2026,sam.dubois@example.com,Finance,02/02/2026 08:30,Delivered,No,1,4,03/02/2026 04:58,No
code-of-conduct-2026,sam.walsh@example.com,Marketing,02/02/2026 08:30,Delivered,No,2,0,02/02/2026 12:41,No
code-of-conduct-2026,yusuf.rossi3@example.com,Manufacturing,02/02/2026 08:30,Delivered,No,0,0,,No
code-of-conduct-2026,kira.ueda3@example.com,Sales,02/02/2026 08:30,Delivered,No,0,0,,No
code-of-conduct-2026,dmitri.walsh@example.com,Operations,02/02/2026 08:30,Delivered,No,0,0,,No
code-of-conduct-2026,hiro.lopez2@example.com,Technology,02/02/2026 08:30,Delivered,No,0,0,,No
code-of-conduct-2026,yusuf.silva@example.com,Technology,02/02/2026 08:30,Delivered,No,1,0,02/02/2026 10:00,No
code-of-conduct-2026,farid.hansen2@example.com,Technology,02/02/2026 08:30,Delivered,No,1,0,02/02/2026 09:38,No
code-of-conduct-2026,viktor.ueda@example.com,Operations,02/02/2026 08:30,Delivered,No,1,0,02/02/2026 09:35,No
code-of-conduct-2026,olu.fischer@example.com,Manufacturing,02/02/2026 08:30,Delivered,No,0,0,,No
code-of-conduct-2026,aisha.patel2@example.com,Manufacturing,02/02/2026 08:30,Delivered,No,0,0,,No
code-of-conduct-2026,ben.rossi@example.com,Sales,02/02/2026 08:30,Delivered,No,0,0,,Yes
code-of-conduct-2026,farid.ahmed@example.com,Finance,02/02/2026 08:30,Delivered,No,0,0,,No
code-of-conduct-2026,ben.dubois4@example.com,Technology,02/02/2026 08:30,Delivered,No,5,2,02/02/2026 09:33,No
code-of-conduct-2026,ines.novak@example.com,Manufacturing,02/02/2026 08:30,Delivered,No,1,0,03/02/2026 04:31,No
code-of-conduct-2026,ben.hansen2@example.com,HR,02/02/2026 08:30,Delivered,No,0,0,,No
code-of-conduct-2026,viktor.vargas@example.com,Manufacturing,02/02/2026 08:30,Delivered,No,0,0,,No
code-of-conduct-2026,bruno.muller2@example.com,Technology,02/02/2026 08:30,Delivered,No,1,2,03/02/2026 05:18,No
code-of-conduct-2026,kira.chen2@example.com,HR,02/02/2026 08:30,Delivered,No,1,1,03/02/2026 04:45,No
code-of-conduct-2026,ines.iyer@example.com,HR,02/02/2026 08:30,Delivered,No,0,0,,No
code-of-conduct-2026,amara.ueda@example.com,Operations,02/02/2026 08:30,Delivered,No,1,0,02/02/2026 09:51,No
code-of-conduct-2026,daniel.jensen@example.com,Manufacturing,02/02/2026 08:30,Delivered,No,1,0,02/02/2026 09:55,No
code-of-conduct-2026,daniel.lopez@example.com,Marketing,02/02/2026 08:30,Delivered,No,0,0,,No
code-of-conduct-2026,quinn.evans@example.com,Finance,02/02/2026 08:30,Delivered,No,3,0,02/02/2026 12:39,No
code-of-conduct-2026,daniel.fischer2@example.com,Technology,02/02/2026 08:30,Delivered,No,0,0,,No
code-of-conduct-2026,rosa.walsh@example.com,Technology,02/02/2026 08:30,Delivered,No,0,0,,No
code-of-conduct-2026,priya.novak3@example.com,Operations,02/02/2026 08:30,Delivered,No,0,0,,No
code-of-conduct-2026,xenia.hansen@example.com,Technology,02/02/2026 08:30,Delivered,No,0,0,,No
code-of-conduct-2026,zoe.tanaka2@example.com,Sales,02/02/2026 08:30,Delivered,No,0,0,,No
code-of-conduct-2026,zoe.ahmed@example.com,Technology,02/02/2026 08:30,Delivered,No,2,0,02/02/2026 09:36,No
code-of-conduct-2026,cara.dubois@example.com,Manufacturing,02/02/2026 08:30,Delivered,No,0,0,,No
code-of-conduct-2026,priya.tanaka2@example.com,Manufacturing,02/02/2026 08:30,Delivered,No,0,0,,No
code-of-conduct-2026,elena.fischer3@example.com,Technology,02/02/2026 08:30,Delivered,No,1,1,03/02/2026 04:36,No
code-of-conduct-2026,xenia.novak@example.com,Technology,02/02/2026 08:30,Delivered,No,2,2,02/02/2026 09:45,No
code-of-conduct-2026,olu.garcia@example.com,Marketing,02/02/2026 08:30,Delivered,No,1,2,02/02/2026 12:47,No
code-of-conduct-2026,liam.evans@example.com,Manufacturing,02/02/2026 08:30,Delivered,No,0,0,,No
code-of-conduct-2026,grace.yilmaz2@example.com,HR,02/02/2026 08:30,Delivered,No,0,0,,No
code-of-conduct-2026,ines.novak2@example.com,Manufacturing,02/02/2026 08:30,Delivered,No,0,0,,No
code-of-conduct-2026,bruno.novak@example.com,Sales,02/02/2026 08:30,Delivered,No,0,0,,No
code-of-conduct-2026,viktor.evans@example.com,Marketing,02/02/2026 08:30,Delivered,No,3,0,02/02/2026 09:54,No
code-of-conduct-2026,ben.evans3@example.com,Finance,02/02/2026 08:30,Delivered,No,2,0,02/02/2026 13:18,No
code-of-conduct-2026,amara.fischer@example.com,Marketing,02/02/2026 08:30,Delivered,No,0,0,,No
code-of-conduct-2026,kira.rossi@example.com,Legal,02/02/2026 08:30,Delivered,No,0,0,,No
code-of-conduct-2026,viktor.rossi2@example.com,Operations,02/02/2026 08:30,Delivered,No,0,0,,No
code-of-conduct-2026,kira.brown2@example.com,Sales,02/02/2026 08:30,Delivered,No,0,0,,No
code-of-conduct-2026,dmitri.silva@example.com,Operations,02/02/2026 08:30,Delivered,No,0,0,,No
code-of-conduct-2026,daniel.evans2@example.com,Legal,02/02/2026 08:30,Delivered,No,0,0,,No
code-of-conduct-2026,yusuf.yilmaz@example.com,Marketing,02/02/2026 08:30,Delivered,No,0,0,,No
code-of-conduct-2026,farid.kowalski3@example.com,Technology,02/02/2026 08:30,Delivered,No,3,0,02/02/2026 13:11,No
code-of-conduct-2026,priya.brown@example.com,Finance,02/02/2026 08:30,Delivered,No,2,4,02/02/2026 10:22,No
code-of-conduct-2026,quinn.dubois@example.com,Legal,02/02/2026 08:30,Delivered,No,0,0,,No
code-of-conduct-2026,ben.zhang3@example.com,Sales,02/02/2026 08:30,Delivered,No,0,0,,No
code-of-conduct-2026,xenia.novak2@example.com,Marketing,02/02/2026 08:30,Delivered,No,3,1,02/02/2026 09:50,No
code-of-conduct-2026,rosa.ahmed2@example.com,Marketing,02/02/2026 08:30,Delivered,No,1,1,02/02/2026 13:26,No
code-of-conduct-2026,tariq.ueda@example.com,Sales,02/02/2026 08:30,Delivered,No,2,1,04/02/2026 12:55,No
code-of-conduct-2026,hiro.vargas3@example.com,Marketing,02/02/2026 08:30,Delivered,No,0,0,,No
code-of-conduct-2026,liam.evans2@example.com,Operations,02/02/2026 08:30,Delivered,No,0,0,,No
code-of-conduct-2026,wei.zhang2@example.com,Manufacturing,02/02/2026 08:30,Delivered,No,2,0,02/02/2026 12:39,No
code-of-conduct-2026,wei.iyer@example.com,Operations,02/02/2026 08:30,Delivered,No,0,0,,No
code-of-conduct-2026,rosa.evans@example.com,Sales,02/02/2026 08:30,Delivered,No,5,0,02/02/2026 10:29,No
code-of-conduct-2026,jonas.lopez@example.com,Marketing,02/02/2026 08:30,Delivered,No,0,0,,No
code-of-conduct-2026,tariq.fischer@example.com,Sales,02/02/2026 08:30,Delivered,No,2,1,04/02/2026 12:43,No
code-of-conduct-2026,zoe.walsh@example.com,Technology,02/02/2026 08:30,Delivered,No,0,0,,No
code-of-conduct-2026,sam.walsh2@example.com,Technology,02/02/2026 08:30,Delivered,No,2,0,03/02/2026 05:06,No
code-of-conduct-2026,zoe.dubois@example.com,Operations,02/02/2026 08:30,Delivered,No,0,0,,No
code-of-conduct-2026,kira.vargas@example.com,Legal,02/02/2026 08:30,Delivered,No,2,1,02/02/2026 10:21,No
code-of-conduct-2026,maya.evans@example.com,Marketing,02/02/2026 08:30,Delivered,No,2,0,02/02/2026 09:57,No
code-of-conduct-2026,zoe.rossi2@example.com,Legal,02/02/2026 08:30,Bounced,Yes,0,0,,No
code-of-conduct-2026,yusuf.vargas@example.com,Operations,02/02/2026 08:30,Delivered,No,0,0,,No
code-of-conduct-2026,noah.brown@example.com,Operations,02/02/2026 08:30,Delivered,No,0,0,,No
code-of-conduct-2026,cara.evans@example.com,Sales,02/02/2026 08:30,Delivered,No,0,0,,No
code-of-conduct-2026,priya.hansen2@example.com,Operations,02/02/2026 08:30,Delivered,No,0,0,,No
code-of-conduct-2026,viktor.zhang2@example.com,Sales,02/02/2026 08:30,Bounced,Yes,0,0,,No
code-of-conduct-2026,hiro.iyer2@example.com,Operations,02/02/2026 08:30,Delivered,No,1,0,02/02/2026 09:59,No
code-of-conduct-2026,uma.okafor@example.com,Marketing,02/02/2026 08:30,Delivered,No,2,0,03/02/2026 04:38,No
code-of-conduct-2026,chloe.tanaka@example.com,Sales,02/02/2026 08:30,Delivered,No,0,0,,No
code-of-conduct-2026,bruno.hansen@example.com,Operations,02/02/2026 08:30,Delivered,No,0,0,,No
code-of-conduct-2026,amara.walsh3@example.com,Manufacturing,02/02/2026 08:30,Delivered,No,0,0,,No
code-of-conduct-2026,bruno.kowalski2@example.com,Manufacturing,02/02/2026 08:30,Delivered,No,2,0,03/02/2026 04:39,No
code-of-conduct-2026,uma.ueda2@example.com,Technology,02/02/2026 08:30,Delivered,No,0,0,,No
code-of-conduct-2026,quinn.ahmed@example.com,Manufacturing,02/02/2026 08:30,Bounced,Yes,0,0,,No
code-of-conduct-2026,tariq.rossi2@example.com,Manufacturing,02/02/2026 08:30,Delivered,No,0,0,,No
code-of-conduct-2026,chloe.garcia@example.com,Marketing,02/02/2026 08:30,Delivered,No,0,0,,No
code-of-conduct-2026,tariq.novak@example.com,Manufacturing,02/02/2026 08:30,Delivered,No,0,0,,Yes
code-of-conduct-2026,cara.iyer4@example.com,Marketing,02/02/2026 08:30,Delivered,No,1,0,03/02/2026 04:37,No
code-of-conduct-2026,bruno.hansen2@example.com,Finance,02/02/2026 08:30,Delivered,No,0,0,,No
code-of-conduct-2026,uma.ahmed@example.com,Finance,02/02/2026 08:30,Delivered,No,2,0,02/02/2026 13:14,No
code-of-conduct-2026,jonas.kowalski4@example.com,Marketing,02/02/2026 08:30,Delivered,No,0,0,,No
code-of-conduct-2026,sam.zhang@example.com,Legal,02/02/2026 08:30,Delivered,No,3,1,03/02/2026 04:34,No
code-of-conduct-2026,chloe.dubois@example.com,Technology,02/02/2026 08:30,Delivered,No,1,2,02/02/2026 10:12,No
code-of-conduct-2026,grace.ueda@example.com,Manufacturing,02/02/2026 08:30,Delivered,No,2,0,04/02/2026 12:50,No
code-of-conduct-2026,quinn.jensen@example.com,Sales,02/02/2026 08:30,Delivered,No,0,0,,No
code-of-conduct-2026,liam.fischer@example.com,Finance,02/02/2026 08:30,Delivered,No,0,0,,No
code-of-conduct-2026,wei.chen3@example.com,Operations,02/02/2026 08:30,Delivered,No,0,0,,No
code-of-conduct-2026,ines.fischer3@example.com,Manufacturing,02/02/2026 08:30,Delivered,No,0,0,,No
code-of-conduct-2026,ines.lopez2@example.com,Sales,02/02/2026 08:30,Delivered,No,3,0,02/02/2026 10:27,No
code-of-conduct-2026,ines.jensen@example.com,Operations,02/02/2026 08:30,Delivered,No,0,0,,No
code-of-conduct-2026,kira.brown3@example.com,Operations,02/02/2026 08:30,Delivered,No,0,0,,No
code-of-conduct-2026,yusuf.okafor2@example.com,Manufacturing,02/02/2026 08:30,Delivered,No,1,0,02/02/2026 09:52,No
code-of-conduct-2026,ben.rossi2@example.com,Sales,02/02/2026 08:30,Delivered,No,5,0,02/02/2026 13:16,No
code-of-conduct-2026,olu.ueda@example.com,Marketing,02/02/2026 08:30,Delivered,No,0,0,,No
code-of-conduct-2026,elena.jensen@example.com,Operations,02/02/2026 08:30,Delivered,No,0,0,,No
code-of-conduct-2026,xenia.yilmaz2@example.com,Manufacturing,02/02/2026 08:30,Delivered,No,0,0,,No
code-of-conduct-2026,noah.walsh@example.com,Marketing,02/02/2026 08:30,Delivered,No,0,0,,No
code-of-conduct-2026,quinn.fischer@example.com,Manufacturing,02/02/2026 08:30,Delivered,No,0,0,,No
code-of-conduct-2026,tariq.dubois@example.com,Manufacturing,02/02/2026 08:30,Delivered,No,5,0,02/02/2026 09:39,No
code-of-conduct-2026,noah.novak@example.com,Manufacturing,02/02/2026 08:30,Delivered,No,2,0,02/02/2026 10:13,No
code-of-conduct-2026,dmitri.hansen2@example.com,Sales,02/02/2026 08:30,Delivered,No,0,0,,No
code-of-conduct-2026,cara.chen@example.com,Manufacturing,02/02/2026 08:30,Delivered,No,2,0,02/02/2026 13:15,No
code-of-conduct-2026,tariq.kowalski@example.com,Operations,02/02/2026 08:30,Delivered,No,1,0,02/02/2026 12:42,No
code-of-conduct-2026,amara.hansen@example.com,Manufacturing,02/02/2026 08:30,Delivered,No,1,1,02/02/2026 13:20,No
code-of-conduct-2026,wei.silva@example.com,Sales,02/02/2026 08:30,Delivered,No,0,0,,No
code-of-conduct-2026,daniel.jensen2@example.com,Technology,02/02/2026 08:30,Delivered,No,1,0,03/02/2026 04:30,No
code-of-conduct-2026,noah.fischer@example.com,Manufacturing,02/02/2026 08:30,Delivered,No,0,0,,No
code-of-conduct-2026,grace.yilmaz3@example.com,Technology,02/02/2026 08:30,Delivered,No,0,0,,No
code-of-conduct-2026,daniel.garcia@example.com,Marketing,02/02/2026 08:30,Delivered,No,1,1,02/02/2026 09:50,No
code-of-conduct-2026,cara.garcia@example.com,Marketing,02/02/2026 08:30,Bounced,Yes,0,0,,No
code-of-conduct-2026,noah.zhang2@example.com,Technology,02/02/2026 08:30,Delivered,No,2,0,02/02/2026 09:54,No
code-of-conduct-2026,olu.muller2@example.com,Technology,02/02/2026 08:30,Delivered,No,0,0,,No
code-of-conduct-2026,maya.yilmaz@example.com,Marketing,02/02/2026 08:30,Delivered,No,0,0,,No
code-of-conduct-2026,elena.jensen2@example.com,Manufacturing,02/02/2026 08:30,Delivered,No,0,0,,No
code-of-conduct-2026,jonas.brown@example.com,Operations,02/02/2026 08:30,Delivered,No,0,0,,No
code-of-conduct-2026,grace.muller2@example.com,Legal,02/02/2026 08:30,Delivered,No,1,0,02/02/2026 13:02,No
code-of-conduct-2026,amara.novak@example.com,HR,02/02/2026 08:30,Delivered,No,1,1,02/02/2026 12:49,No
code-of-conduct-2026,farid.rossi@example.com,Manufacturing,02/02/2026 08:30,Delivered,No,0,0,,No
code-of-conduct-2026,bruno.garcia2@example.com,Manufacturing,02/02/2026 08:30,Delivered,No,0,0,,No
code-of-conduct-2026,wei.brown2@example.com,Manufacturing,02/02/2026 08:30,Delivered,No,1,0,04/02/2026 12:48,No
code-of-conduct-2026,noah.iyer3@example.com,Technology,02/02/2026 08:30,Delivered,No,2,0,02/02/2026 13:18,No
code-of-conduct-2026,hiro.patel3@example.com,Marketing,02/02/2026 08:30,Delivered,No,0,0,,No
code-of-conduct-2026,olu.kowalski2@example.com,Marketing,02/02/2026 08:30,Delivered,No,0,0,,No
code-of-conduct-2026,chloe.fischer@example.com,Manufacturing,02/02/2026 08:30,Delivered,No,0,0,,No
code-of-conduct-2026,xenia.ahmed2@example.com,Operations,02/02/2026 08:30,Delivered,No,3,0,03/02/2026 04:57,No
code-of-conduct-2026,sam.ueda@example.com,Sales,02/02/2026 08:30,Delivered,No,0,0,,No
code-of-conduct-2026,ben.muller2@example.com,Technology,02/02/2026 08:30,Delivered,No,2,0,02/02/2026 10:28,No
code-of-conduct-2026,yusuf.yilmaz2@example.com,Manufacturing,02/02/2026 08:30,Delivered,No,0,0,,No
code-of-conduct-2026,cara.kowalski3@example.com,Technology,02/02/2026 08:30,Delivered,No,0,0,,No
code-of-conduct-2026,viktor.lopez2@example.com,Operations,02/02/2026 08:30,Delivered,No,1,0,03/02/2026 04:34,No
code-of-conduct-2026,wei.rossi2@example.com,Operations,02/02/2026 08:30,Delivered,No,5,0,02/02/2026 09:33,No
code-of-conduct-2026,bruno.kowalski3@example.com,Manufacturing,02/02/2026 08:30,Delivered,No,1,0,02/02/2026 09:47,No
code-of-conduct-2026,uma.jensen3@example.com,Marketing,02/02/2026 08:30,Delivered,No,0,0,,No
code-of-conduct-2026,ben.iyer@example.com,Finance,02/02/2026 08:30,Delivered,No,0,0,,No
code-of-conduct-2026,liam.yilmaz2@example.com,Manufacturing,02/02/2026 08:30,Delivered,No,0,0,,No
code-of-conduct-2026,dmitri.garcia@example.com,Manufacturing,02/02/2026 08:30,Delivered,No,0,0,,No
code-of-conduct-2026,elena.vargas2@example.com,Technology,02/02/2026 08:30,Delivered,No,1,2,02/02/2026 12:57,No
code-of-conduct-2026,uma.tanaka2@example.com,Marketing,02/02/2026 08:30,Delivered,No,2,1,03/02/2026 05:09,No
code-of-conduct-2026,maya.jensen@example.com,Marketing,02/02/2026 08:30,Delivered,No,3,0,03/02/2026 04:31,No
code-of-conduct-2026,liam.okafor@example.com,Sales,02/02/2026 08:30,Delivered,No,0,0,,No
code-of-conduct-2026,aisha.silva3@example.com,Manufacturing,02/02/2026 08:30,Delivered,No,0,0,,No
code-of-conduct-2026,liam.jensen2@example.com,Sales,02/02/2026 08:30,Delivered,No,0,0,,No
code-of-conduct-2026,viktor.yilmaz2@example.com,HR,02/02/2026 08:30,Delivered,No,0,0,,No
code-of-conduct-2026,tariq.kowalski2@example.com,Technology,02/02/2026 08:30,Delivered,No,0,0,,No
code-of-conduct-2026,priya.muller@example.com,Finance,02/02/2026 08:30,Delivered,No,0,0,,No
code-of-conduct-2026,rosa.garcia@example.com,Manufacturing,02/02/2026 08:30,Delivered,No,0,0,,No
code-of-conduct-2026,ben.novak@example.com,Technology,02/02/2026 08:30,Delivered,No,0,0,,No
code-of-conduct-2026,kira.tanaka2@example.com,Operations,02/02/2026 08:30,Delivered,No,0,0,,No
code-of-conduct-2026,kira.ahmed@example.com,Marketing,02/02/2026 08:30,Delivered,No,1,1,04/02/2026 12:41,No
code-of-conduct-2026,xenia.chen4@example.com,Operations,02/02/2026 08:30,Delivered,No,3,0,02/02/2026 09:35,No
code-of-conduct-2026,jonas.fischer@example.com,Operations,02/02/2026 08:30,Delivered,No,0,0,,No
code-of-conduct-2026,olu.dubois@example.com,Marketing,02/02/2026 08:30,Delivered,No,0,0,,No
code-of-conduct-2026,xenia.evans3@example.com,Operations,02/02/2026 08:30,Delivered,No,0,0,,No
code-of-conduct-2026,kira.ahmed2@example.com,Operations,02/02/2026 08:30,Delivered,No,0,0,,No
code-of-conduct-2026,bruno.vargas@example.com,Manufacturing,02/02/2026 08:30,Delivered,No,2,0,03/02/2026 04:58,No
code-of-conduct-2026,zoe.chen@example.com,Finance,02/02/2026 08:30,Delivered,No,0,0,,No
code-of-conduct-2026,daniel.brown@example.com,Legal,02/02/2026 08:30,Delivered,No,0,0,,No
code-of-conduct-2026,quinn.ueda@example.com,Manufacturing,02/02/2026 08:30,Delivered,No,0,0,,No
code-of-conduct-2026,jonas.iyer@example.com,Operations,02/02/2026 08:30,Delivered,No,0,0,,No
code-of-conduct-2026,sam.walsh3@example.com,Technology,02/02/2026 08:30,Delivered,No,2,0,02/02/2026 12:54,No
code-of-conduct-2026,grace.novak@example.com,Finance,02/02/2026 08:30,Delivered,No,1,0,02/02/2026 12:40,No
code-of-conduct-2026,priya.ueda@example.com,Operations,02/02/2026 08:30,Delivered,No,1,0,02/02/2026 12:53,No
code-of-conduct-2026,wei.silva2@example.com,Manufacturing,02/02/2026 08:30,Delivered,No,0,0,,No
code-of-conduct-2026,quinn.brown@example.com,HR,02/02/2026 08:30,Bounced,Yes,0,0,,No
code-of-conduct-2026,grace.tanaka3@example.com,Marketing,02/02/2026 08:30,Delivered,No,1,0,02/02/2026 09:30,No
code-of-conduct-2026,sam.garcia@example.com,Marketing,02/02/2026 08:30,Delivered,No,0,0,,No
code-of-conduct-2026,daniel.dubois3@example.com,Operations,02/02/2026 08:30,Delivered,No,0,0,,No
code-of-conduct-2026,tariq.okafor2@example.com,Technology,02/02/2026 08:30,Delivered,No,0,0,,No
code-of-conduct-2026,liam.muller@example.com,Manufacturing,02/02/2026 08:30,Delivered,No,0,0,,No
code-of-conduct-2026,viktor.patel4@example.com,Operations,02/02/2026 08:30,Delivered,No,0,0,,No
code-of-conduct-2026,cara.chen2@example.com,Technology,02/02/2026 08:30,Delivered,No,5,0,02/02/2026 09:50,No
code-of-conduct-2026,uma.ahmed2@example.com,Manufacturing,02/02/2026 08:30,Delivered,No,1,0,02/02/2026 12:43,No
code-of-conduct-2026,chloe.novak2@example.com,Marketing,02/02/2026 08:30,Delivered,No,0,0,,No
code-of-conduct-2026,yusuf.lopez@example.com,Manufacturing,02/02/2026 08:30,Delivered,No,0,0,,No
code-of-conduct-2026,wei.tanaka3@example.com,Operations,02/02/2026 08:30,Delivered,No,0,0,,No
code-of-conduct-2026,farid.muller2@example.com,Manufacturing,02/02/2026 08:30,Delivered,No,0,0,,No
code-of-conduct-2026,olu.zhang@example.com,Sales,02/02/2026 08:30,Delivered,No,0,0,,No
code-of-conduct-2026,amara.walsh4@example.com,Marketing,02/02/2026 08:30,Delivered,No,2,0,02/02/2026 10:03,No
code-of-conduct-2026,ben.muller3@example.com,Technology,02/02/2026 08:30,Delivered,No,1,0,03/02/2026 04:35,No
code-of-conduct-2026,ben.rossi3@example.com,Operations,02/02/2026 08:30,Delivered,No,1,2,02/02/2026 10:12,No
code-of-conduct-2026,xenia.lopez@example.com,Manufacturing,02/02/2026 08:30,Delivered,No,0,0,,No
code-of-conduct-2026,amara.yilmaz@example.com,Sales,02/02/2026 08:30,Delivered,No,0,0,,No
code-of-conduct-2026,maya.tanaka@example.com,Manufacturing,02/02/2026 08:30,Delivered,No,0,0,,No
code-of-conduct-2026,priya.silva@example.com,Marketing,02/02/2026 08:30,Delivered,No,0,0,,No
code-of-conduct-2026,kira.ahmed3@example.com,Sales,02/02/2026 08:30,Delivered,No,0,0,,No
code-of-conduct-2026,amara.iyer@example.com,HR,02/02/2026 08:30,Delivered,No,1,0,02/02/2026 12:33,No
code-of-conduct-2026,farid.patel@example.com,Manufacturing,02/02/2026 08:30,Delivered,No,0,0,,No
code-of-conduct-2026,kira.evans@example.com,Marketing,02/02/2026 08:30,Delivered,No,3,1,02/02/2026 10:21,No
code-of-conduct-2026,tariq.ahmed@example.com,Operations,02/02/2026 08:30,Delivered,No,0,0,,No
code-of-conduct-2026,chloe.lopez2@example.com,Manufacturing,02/02/2026 08:30,Delivered,No,0,0,,No
code-of-conduct-2026,tariq.muller2@example.com,Legal,02/02/2026 08:30,Delivered,No,1,0,02/02/2026 09:42,No
code-of-conduct-2026,noah.iyer4@example.com,Technology,02/02/2026 08:30,Delivered,No,0,0,,No
code-of-conduct-2026,noah.tanaka2@example.com,Legal,02/02/2026 08:30,Delivered,No,0,0,,No
code-of-conduct-2026,quinn.walsh2@example.com,Manufacturing,02/02/2026 08:30,Delivered,No,0,0,,No
code-of-conduct-2026,farid.fischer2@example.com,Manufacturing,02/02/2026 08:30,Delivered,No,2,0,02/02/2026 10:03,No
code-of-conduct-2026,priya.jensen2@example.com,Operations,02/02/2026 08:30,Delivered,No,0,0,,No
code-of-conduct-2026,jonas.rossi@example.com,Technology,02/02/2026 08:30,Delivered,No,0,0,,No
code-of-conduct-2026,quinn.muller2@example.com,Technology,02/02/2026 08:30,Delivered,No,0,0,,No
code-of-conduct-2026,chloe.silva2@example.com,Sales,02/02/2026 08:30,Delivered,No,0,0,,No
code-of-conduct-2026,farid.vargas3@example.com,Sales,02/02/2026 08:30,Delivered,No,0,0,,No
code-of-conduct-2026,liam.vargas@example.com,Manufacturing,02/02/2026 08:30,Delivered,No,2,0,02/02/2026 13:23,No
code-of-conduct-2026,tariq.zhang2@example.com,Manufacturing,02/02/2026 08:30,Delivered,No,0,0,,No
code-of-conduct-2026,uma.silva@example.com,Technology,02/02/2026 08:30,Delivered,No,0,0,,No
code-of-conduct-2026,olu.ahmed@example.com,Marketing,02/02/2026 08:30,Delivered,No,0,0,,No
code-of-conduct-2026,ines.iyer2@example.com,Sales,02/02/2026 08:30,Delivered,No,5,0,04/02/2026 12:44,No
code-of-conduct-2026,liam.garcia2@example.com,Operations,02/02/2026 08:30,Delivered,No,0,0,,No
code-of-conduct-2026,priya.fischer2@example.com,Technology,02/02/2026 08:30,Delivered,No,0,0,,No
code-of-conduct-2026,grace.lopez2@example.com,Manufacturing,02/02/2026 08:30,Delivered,No,0,0,,No
code-of-conduct-2026,uma.hansen@example.com,Operations,02/02/2026 08:30,Bounced,Yes,0,0,,No
code-of-conduct-2026,noah.hansen2@example.com,Manufacturing,02/02/2026 08:30,Delivered,No,2,0,02/02/2026 13:15,No
code-of-conduct-2026,noah.tanaka3@example.com,Manufacturing,02/02/2026 08:30,Delivered,No,0,0,,No
code-of-conduct-2026,ines.chen@example.com,Operations,02/02/2026 08:30,Delivered,No,0,0,,No
code-of-conduct-2026,wei.evans2@example.com,Manufacturing,02/02/2026 08:30,Delivered,No,0,0,,No
code-of-conduct-2026,noah.evans@example.com,HR,02/02/2026 08:30,Delivered,No,0,0,,No
code-of-conduct-2026,amara.lopez2@example.com,Technology,02/02/2026 08:30,Delivered,No,1,1,02/02/2026 09:46,No
code-of-conduct-2026,kira.okafor2@example.com,Sales,02/02/2026 08:30,Delivered,No,0,0,,No
code-of-conduct-2026,chloe.chen@example.com,Finance,02/02/2026 08:30,Delivered,No,1,2,02/02/2026 09:52,No
code-of-conduct-2026,cara.yilmaz2@example.com,Manufacturing,02/02/2026 08:30,Delivered,No,0,0,,No
code-of-conduct-2026,liam.okafor2@example.com,HR,02/02/2026 08:30,Delivered,No,1,0,03/02/2026 04:33,No
code-of-conduct-2026,sam.ahmed@example.com,Technology,02/02/2026 08:30,Delivered,No,1,1,02/02/2026 10:12,No
code-of-conduct-2026,farid.garcia@example.com,Manufacturing,02/02/2026 08:30,Delivered,No,1,0,02/02/2026 09:31,No
code-of-conduct-2026,viktor.patel5@example.com,Technology,02/02/2026 08:30,Delivered,No,0,0,,No
code-of-conduct-2026,kira.tanaka3@example.com,Sales,02/02/2026 08:30,Delivered,No,0,0,,No
code-of-conduct-2026,chloe.hansen@example.com,Technology,02/02/2026 08:30,Delivered,No,0,0,,No
code-of-conduct-2026,kira.yilmaz2@example.com,Marketing,02/02/2026 08:30,Delivered,No,0,0,,No
code-of-conduct-2026,xenia.garcia3@example.com,Manufacturing,02/02/2026 08:30,Delivered,No,0,0,,No
code-of-conduct-2026,viktor.yilmaz3@example.com,Manufacturing,02/02/2026 08:30,Delivered,No,0,0,,No
code-of-conduct-2026,cara.ahmed3@example.com,Marketing,02/02/2026 08:30,Delivered,No,1,0,02/02/2026 13:00,No
code-of-conduct-2026,yusuf.lopez2@example.com,Sales,02/02/2026 08:30,Delivered,No,0,0,,No
code-of-conduct-2026,cara.kowalski4@example.com,Manufacturing,02/02/2026 08:30,Delivered,No,0,0,,No
code-of-conduct-2026,xenia.okafor@example.com,Operations,02/02/2026 08:30,Delivered,No,0,0,,No
code-of-conduct-2026,wei.kowalski@example.com,Sales,02/02/2026 08:30,Delivered,No,1,0,03/02/2026 05:04,No
code-of-conduct-2026,ben.evans4@example.com,Finance,02/02/2026 08:30,Delivered,No,0,0,,No
code-of-conduct-2026,liam.ueda2@example.com,Operations,02/02/2026 08:30,Delivered,No,0,0,,No
code-of-conduct-2026,tariq.kowalski3@example.com,Legal,02/02/2026 08:30,Delivered,No,0,0,,No
code-of-conduct-2026,farid.hansen3@example.com,Manufacturing,02/02/2026 08:30,Delivered,No,0,0,,No
code-of-conduct-2026,amara.novak2@example.com,Operations,02/02/2026 08:30,Delivered,No,1,1,02/02/2026 09:51,No
code-of-conduct-2026,wei.muller@example.com,Sales,02/02/2026 08:30,Delivered,No,1,0,02/02/2026 10:05,No
code-of-conduct-2026,uma.novak2@example.com,Marketing,02/02/2026 08:30,Delivered,No,1,1,02/02/2026 12:51,No
code-of-conduct-2026,rosa.ueda2@example.com,Technology,02/02/2026 08:30,Delivered,No,1,0,04/02/2026 13:15,No
code-of-conduct-2026,maya.garcia2@example.com,Operations,02/02/2026 08:30,Delivered,No,0,0,,No
code-of-conduct-2026,elena.yilmaz@example.com,Manufacturing,02/02/2026 08:30,Delivered,No,0,0,,No
code-of-conduct-2026,daniel.chen3@example.com,Manufacturing,02/02/2026 08:30,Delivered,No,0,0,,No
code-of-conduct-2026,jonas.chen2@example.com,Manufacturing,02/02/2026 08:30,Delivered,No,0,0,,No
code-of-conduct-2026,yusuf.dubois2@example.com,Finance,02/02/2026 08:30,Delivered,No,1,2,02/02/2026 09:52,No
code-of-conduct-2026,kira.zhang@example.com,HR,02/02/2026 08:30,Delivered,No,2,0,02/02/2026 09:50,No
code-of-conduct-2026,ines.lopez3@example.com,Manufacturing,02/02/2026 08:30,Delivered,No,0,0,,No
code-of-conduct-2026,elena.okafor@example.com,Manufacturing,02/02/2026 08:30,Delivered,No,1,2,03/02/2026 04:48,No
code-of-conduct-2026,uma.silva2@example.com,Technology,02/02/2026 08:30,Delivered,No,2,2,02/02/2026 12:58,No
code-of-conduct-2026,priya.tanaka3@example.com,Operations,02/02/2026 08:30,Delivered,No,0,0,,No
code-of-conduct-2026,bruno.okafor@example.com,Technology,02/02/2026 08:30,Delivered,No,0,0,,No
code-of-conduct-2026,dmitri.kowalski@example.com,Manufacturing,02/02/2026 08:30,Delivered,No,0,0,,No
code-of-conduct-2026,xenia.vargas5@example.com,Marketing,02/02/2026 08:30,Delivered,No,0,0,,No
code-of-conduct-2026,quinn.fischer2@example.com,Manufacturing,02/02/2026 08:30,Delivered,No,0,0,,No
code-of-conduct-2026,grace.okafor@example.com,Manufacturing,02/02/2026 08:30,Delivered,No,1,0,02/02/2026 09:50,No
code-of-conduct-2026,quinn.okafor2@example.com,Manufacturing,02/02/2026 08:30,Delivered,No,0,0,,No
code-of-conduct-2026,ines.tanaka2@example.com,Legal,02/02/2026 08:30,Delivered,No,0,0,,No
code-of-conduct-2026,hiro.zhang3@example.com,HR,02/02/2026 08:30,Delivered,No,0,0,,No
code-of-conduct-2026,cara.walsh@example.com,Technology,02/02/2026 08:30,Delivered,No,3,0,02/02/2026 09:33,No
code-of-conduct-2026,grace.muller3@example.com,Marketing,02/02/2026 08:30,Delivered,No,1,1,02/02/2026 13:03,No
code-of-conduct-2026,maya.walsh@example.com,Operations,02/02/2026 08:30,Delivered,No,0,0,,No
code-of-conduct-2026,kira.zhang2@example.com,Manufacturing,02/02/2026 08:30,Delivered,No,0,0,,No
code-of-conduct-2026,ines.kowalski@example.com,Manufacturing,02/02/2026 08:30,Delivered,No,0,0,,No
code-of-conduct-2026,viktor.fischer@example.com,Sales,02/02/2026 08:30,Delivered,No,0,0,,No
code-of-conduct-2026,amara.jensen@example.com,Technology,02/02/2026 08:30,Delivered,No,1,1,02/02/2026 10:14,No
code-of-conduct-2026,aisha.brown2@example.com,Technology,02/02/2026 08:30,Delivered,No,5,0,03/02/2026 05:17,No
code-of-conduct-2026,hiro.zhang4@example.com,Manufacturing,02/02/2026 08:30,Delivered,No,2,2,02/02/2026 12:35,No
code-of-conduct-2026,kira.ahmed4@example.com,Manufacturing,02/02/2026 08:30,Delivered,No,0,0,,No
code-of-conduct-2026,amara.lopez3@example.com,Technology,02/02/2026 08:30,Delivered,No,1,0,02/02/2026 10:14,No
code-of-conduct-2026,olu.iyer@example.com,Technology,02/02/2026 08:30,Delivered,No,0,0,,No
code-of-conduct-2026,chloe.walsh2@example.com,HR,02/02/2026 08:30,Delivered,No,0,0,,No
code-of-conduct-2026,zoe.walsh2@example.com,Operations,02/02/2026 08:30,Delivered,No,0,0,,No
code-of-conduct-2026,farid.brown@example.com,Marketing,02/02/2026 08:30,Delivered,No,0,0,,No
code-of-conduct-2026,daniel.chen4@example.com,Marketing,02/02/2026 08:30,Delivered,No,1,0,02/02/2026 09:59,No
code-of-conduct-2026,noah.dubois2@example.com,Operations,02/02/2026 08:30,Delivered,No,3,1,02/02/2026 12:30,No
code-of-conduct-2026,elena.lopez2@example.com,Manufacturing,02/02/2026 08:30,Delivered,No,1,0,03/02/2026 05:27,No
code-of-conduct-2026,yusuf.hansen2@example.com,Operations,02/02/2026 08:30,Delivered,No,0,0,,No
code-of-conduct-2026,wei.rossi3@example.com,Sales,02/02/2026 08:30,Delivered,No,1,0,02/02/2026 10:22,Yes
code-of-conduct-2026,viktor.brown4@example.com,Technology,02/02/2026 08:30,Delivered,No,2,1,02/02/2026 12:58,No
code-of-conduct-2026,hiro.dubois2@example.com,Manufacturing,02/02/2026 08:30,Delivered,No,0,0,,No
code-of-conduct-2026,elena.rossi2@example.com,Technology,02/02/2026 08:30,Delivered,No,2,2,02/02/2026 09:50,No
code-of-conduct-2026,xenia.yilmaz3@example.com,Finance,02/02/2026 08:30,Delivered,No,0,0,,No
code-of-conduct-2026,hiro.zhang5@example.com,Marketing,02/02/2026 08:30,Delivered,No,2,0,02/02/2026 09:36,No
code-of-conduct-2026,hiro.silva@example.com,Manufacturing,02/02/2026 08:30,Delivered,No,1,0,02/02/2026 09:55,No
code-of-conduct-2026,daniel.brown2@example.com,Finance,02/02/2026 08:30,Delivered,No,0,0,,No
code-of-conduct-2026,grace.hansen2@example.com,Operations,02/02/2026 08:30,Delivered,No,5,0,02/02/2026 09:49,No
code-of-conduct-2026,dmitri.zhang2@example.com,Manufacturing,02/02/2026 08:30,Delivered,No,5,0,02/02/2026 13:08,No
code-of-conduct-2026,maya.evans2@example.com,Operations,02/02/2026 08:30,Delivered,No,0,0,,No
code-of-conduct-2026,liam.ueda3@example.com,Manufacturing,02/02/2026 08:30,Delivered,No,0,0,,No
code-of-conduct-2026,jonas.walsh4@example.com,Sales,02/02/2026 08:30,Delivered,No,2,0,02/02/2026 13:01,No
code-of-conduct-2026,amara.fischer2@example.com,HR,02/02/2026 08:30,Delivered,No,0,0,,No
code-of-conduct-2026,tariq.muller3@example.com,Operations,02/02/2026 08:30,Delivered,No,0,0,,No
code-of-conduct-2026,viktor.garcia@example.com,HR,02/02/2026 08:30,Delivered,No,5,0,03/02/2026 04:59,No
code-of-conduct-2026,noah.rossi2@example.com,Operations,02/02/2026 08:30,Delivered,No,0,0,,No
code-of-conduct-2026,yusuf.brown2@example.com,Sales,02/02/2026 08:30,Delivered,No,2,0,02/02/2026 09:36,No
code-of-conduct-2026,elena.evans@example.com,Manufacturing,02/02/2026 08:30,Delivered,No,0,0,,No
code-of-conduct-2026,hiro.lopez3@example.com,Marketing,02/02/2026 08:30,Delivered,No,3,0,02/02/2026 13:17,No
code-of-conduct-2026,chloe.ueda2@example.com,Operations,02/02/2026 08:30,Delivered,No,0,0,,No
code-of-conduct-2026,hiro.lopez4@example.com,Manufacturing,02/02/2026 08:30,Delivered,No,0,0,,No
code-of-conduct-2026,cara.chen3@example.com,Finance,02/02/2026 08:30,Delivered,No,1,1,02/02/2026 10:20,No
code-of-conduct-2026,viktor.patel6@example.com,Manufacturing,02/02/2026 08:30,Delivered,No,0,0,,No
code-of-conduct-2026,priya.garcia@example.com,Operations,02/02/2026 08:30,Delivered,No,0,0,,No
code-of-conduct-2026,olu.fischer2@example.com,Sales,02/02/2026 08:30,Delivered,No,0,0,,No
code-of-conduct-2026,maya.kowalski@example.com,Manufacturing,02/02/2026 08:30,Delivered,No,0,0,,No
code-of-conduct-2026,uma.kowalski@example.com,Legal,02/02/2026 08:30,Delivered,No,0,0,,No
code-of-conduct-2026,hiro.brown2@example.com,Operations,02/02/2026 08:30,Delivered,No,3,1,02/02/2026 13:24,No
code-of-conduct-2026,grace.novak2@example.com,Operations,02/02/2026 08:30,Delivered,No,1,0,02/02/2026 10:00,No
code-of-conduct-2026,elena.jensen3@example.com,Marketing,02/02/2026 08:30,Delivered,No,0,0,,No
code-of-conduct-2026,aisha.rossi3@example.com,Finance,02/02/2026 08:30,Delivered,No,2,1,02/02/2026 13:26,No
code-of-conduct-2026,yusuf.iyer2@example.com,Operations,02/02/2026 08:30,Delivered,No,0,0,,No
code-of-conduct-2026,ines.muller@example.com,Sales,02/02/2026 08:30,Delivered,No,1,0,02/02/2026 09:51,No
code-of-conduct-2026,maya.hansen3@example.com,Marketing,02/02/2026 08:30,Delivered,No,1,0,02/02/2026 13:10,No
code-of-conduct-2026,bruno.okafor2@example.com,HR,02/02/2026 08:30,Delivered,No,0,0,,No
code-of-conduct-2026,jonas.chen3@example.com,Technology,02/02/2026 08:30,Delivered,No,1,0,02/02/2026 10:20,No
code-of-conduct-2026,kira.brown4@example.com,Manufacturing,02/02/2026 08:30,Delivered,No,0,0,,No
code-of-conduct-2026,jonas.dubois2@example.com,Manufacturing,02/02/2026 08:30,Delivered,No,0,0,,No
code-of-conduct-2026,sam.hansen@example.com,Sales,02/02/2026 08:30,Delivered,No,1,0,02/02/2026 10:13,No
code-of-conduct-2026,wei.hansen3@example.com,Sales,02/02/2026 08:30,Delivered,No,2,1,02/02/2026 10:17,No
code-of-conduct-2026,bruno.silva2@example.com,Operations,02/02/2026 08:30,Delivered,No,0,0,,No
code-of-conduct-2026,maya.tanaka2@example.com,Manufacturing,02/02/2026 08:30,Delivered,No,0,0,,No
code-of-conduct-2026,ben.ueda2@example.com,Manufacturing,02/02/2026 08:30,Delivered,No,0,0,,No
code-of-conduct-2026,liam.novak2@example.com,Technology,02/02/2026 08:30,Delivered,No,2,0,02/02/2026 12:42,No
code-of-conduct-2026,elena.dubois@example.com,Manufacturing,02/02/2026 08:30,Delivered,No,0,0,,No
code-of-conduct-2026,daniel.garcia2@example.com,Marketing,02/02/2026 08:30,Delivered,No,0,0,,No
code-of-conduct-2026,sam.chen2@example.com,Manufacturing,02/02/2026 08:30,Delivered,No,0,0,,No
code-of-conduct-2026,bruno.garcia3@example.com,Manufacturing,02/02/2026 08:30,Delivered,No,0,0,,No
code-of-conduct-2026,daniel.okafor@example.com,Legal,02/02/2026 08:30,Delivered,No,1,0,02/02/2026 10:15,No
code-of-conduct-2026,hiro.lopez5@example.com,Finance,02/02/2026 08:30,Delivered,No,0,0,,No
code-of-conduct-2026,hiro.brown3@example.com,Marketing,02/02/2026 08:30,Delivered,No,0,0,,No
code-of-conduct-2026,amara.iyer2@example.com,HR,02/02/2026 08:30,Delivered,No,0,0,,No
code-of-conduct-2026,noah.iyer5@example.com,Sales,02/02/2026 08:30,Delivered,No,2,0,02/02/2026 12:36,No
code-of-conduct-2026,kira.evans2@example.com,Operations,02/02/2026 08:30,Delivered,No,1,0,02/02/2026 09:42,No
code-of-conduct-2026,farid.lopez@example.com,Finance,02/02/2026 08:30,Delivered,No,0,0,,No
code-of-conduct-2026,chloe.ahmed@example.com,Technology,02/02/2026 08:30,Delivered,No,2,1,02/02/2026 09:46,No
code-of-conduct-2026,bruno.patel@example.com,Sales,02/02/2026 08:30,Delivered,No,0,0,,No
code-of-conduct-2026,farid.hansen4@example.com,Technology,02/02/2026 08:30,Delivered,No,0,0,,No
code-of-conduct-2026,tariq.yilmaz2@example.com,Manufacturing,02/02/2026 08:30,Delivered,No,0,0,,No
code-of-conduct-2026,noah.hansen3@example.com,Technology,02/02/2026 08:30,Delivered,No,2,1,02/02/2026 13:07,No
code-of-conduct-2026,bruno.novak2@example.com,Manufacturing,02/02/2026 08:30,Delivered,No,3,0,02/02/2026 10:11,No
code-of-conduct-2026,yusuf.evans@example.com,Manufacturing,02/02/2026 08:30,Delivered,No,2,0,03/02/2026 05:10,No
code-of-conduct-2026,elena.muller3@example.com,Marketing,02/02/2026 08:30,Delivered,No,0,0,,No
code-of-conduct-2026,xenia.walsh2@example.com,Manufacturing,02/02/2026 08:30,Delivered,No,1,0,02/02/2026 09:35,No
code-of-conduct-2026,kira.ueda4@example.com,Technology,02/02/2026 08:30,Delivered,No,0,0,,No
code-of-conduct-2026,chloe.hansen2@example.com,Operations,02/02/2026 08:30,Delivered,No,0,0,,No
code-of-conduct-2026,noah.evans2@example.com,Technology,02/02/2026 08:30,Delivered,No,0,0,,No
code-of-conduct-2026,olu.evans@example.com,Technology,02/02/2026 08:30,Delivered,No,1,0,04/02/2026 13:13,No
code-of-conduct-2026,sam.walsh4@example.com,HR,02/02/2026 08:30,Delivered,No,1,0,02/02/2026 10:16,No
code-of-conduct-2026,chloe.silva3@example.com,Sales,02/02/2026 08:30,Delivered,No,0,0,,No
code-of-conduct-2026,yusuf.patel@example.com,Manufacturing,02/02/2026 08:30,Delivered,No,1,0,02/02/2026 13:18,No
code-of-conduct-2026,ben.muller4@example.com,Manufacturing,02/02/2026 08:30,Delivered,No,2,0,02/02/2026 10:22,No
code-of-conduct-2026,grace.walsh2@example.com,Sales,02/02/2026 08:30,Delivered,No,1,0,02/02/2026 12:42,No
code-of-conduct-2026,viktor.hansen3@example.com,Manufacturing,02/02/2026 08:30,Delivered,No,0,0,,No
code-of-conduct-2026,dmitri.lopez2@example.com,Manufacturing,02/02/2026 08:30,Delivered,No,0,0,,No
code-of-conduct-2026,farid.muller3@example.com,Marketing,02/02/2026 08:30,Delivered,No,0,0,,No
code-of-conduct-2026,hiro.kowalski2@example.com,Technology,02/02/2026 08:30,Delivered,No,0,0,,No
code-of-conduct-2026,dmitri.iyer@example.com,Operations,02/02/2026 08:30,Delivered,No,0,0,,No
code-of-conduct-2026,cara.silva@example.com,Technology,02/02/2026 08:30,Delivered,No,0,0,,No
code-of-conduct-2026,ines.silva@example.com,HR,02/02/2026 08:30,Delivered,No,1,0,03/02/2026 04:53,No
code-of-conduct-2026,zoe.zhang@example.com,Technology,02/02/2026 08:30,Delivered,No,0,0,,No
code-of-conduct-2026,rosa.brown@example.com,HR,02/02/2026 08:30,Delivered,No,0,0,,No
code-of-conduct-2026,hiro.okafor2@example.com,HR,02/02/2026 08:30,Delivered,No,1,0,02/02/2026 10:13,No
code-of-conduct-2026,viktor.evans2@example.com,Marketing,02/02/2026 08:30,Delivered,No,0,0,,No
code-of-conduct-2026,uma.ueda3@example.com,Marketing,02/02/2026 08:30,Delivered,No,0,0,,No
code-of-conduct-2026,rosa.yilmaz2@example.com,Finance,02/02/2026 08:30,Delivered,No,0,0,,No
code-of-conduct-2026,xenia.ueda@example.com,Legal,02/02/2026 08:30,Delivered,No,0,0,,No
code-of-conduct-2026,aisha.zhang@example.com,HR,02/02/2026 08:30,Delivered,No,0,0,,No
code-of-conduct-2026,jonas.lopez2@example.com,Operations,02/02/2026 08:30,Delivered,No,1,0,02/02/2026 13:22,No
code-of-conduct-2026,rosa.okafor4@example.com,Marketing,02/02/2026 08:30,Delivered,No,0,0,,No
code-of-conduct-2026,daniel.novak2@example.com,Manufacturing,02/02/2026 08:30,Delivered,No,0,0,,No
code-of-conduct-2026,zoe.jensen@example.com,Legal,02/02/2026 08:30,Delivered,No,5,1,02/02/2026 12:56,No
code-of-conduct-2026,tariq.fischer2@example.com,Manufacturing,02/02/2026 08:30,Delivered,No,1,0,04/02/2026 12:39,No
code-of-conduct-2026,amara.okafor@example.com,Technology,02/02/2026 08:30,Delivered,No,1,0,02/02/2026 09:44,No
code-of-conduct-2026,sam.ahmed2@example.com,Sales,02/02/2026 08:30,Delivered,No,0,0,,No
code-of-conduct-2026,quinn.yilmaz3@example.com,Sales,02/02/2026 08:30,Delivered,No,1,0,02/02/2026 10:08,No
code-of-conduct-2026,cara.walsh2@example.com,Technology,02/02/2026 08:30,Delivered,No,0,0,,No
code-of-conduct-2026,amara.silva3@example.com,Sales,02/02/2026 08:30,Delivered,No,0,0,,No
code-of-conduct-2026,chloe.okafor3@example.com,Sales,02/02/2026 08:30,Delivered,No,1,0,02/02/2026 12:47,No
code-of-conduct-2026,quinn.jensen2@example.com,Manufacturing,02/02/2026 08:30,Delivered,No,0,0,,No
code-of-conduct-2026,xenia.hansen2@example.com,Sales,02/02/2026 08:30,Delivered,No,0,0,,No
code-of-conduct-2026,daniel.dubois4@example.com,Operations,02/02/2026 08:30,Delivered,No,1,2,03/02/2026 05:04,No
code-of-conduct-2026,sam.novak@example.com,Manufacturing,02/02/2026 08:30,Delivered,No,0,0,,No
code-of-conduct-2026,kira.rossi2@example.com,Operations,02/02/2026 08:30,Delivered,No,3,0,03/02/2026 05:29,No
code-of-conduct-2026,xenia.kowalski2@example.com,Manufacturing,02/02/2026 08:30,Bounced,Yes,0,0,,No
code-of-conduct-2026,quinn.iyer2@example.com,Technology,02/02/2026 08:30,Delivered,No,0,0,,No
code-of-conduct-2026,ben.iyer2@example.com,Manufacturing,02/02/2026 08:30,Delivered,No,0,0,,No
code-of-conduct-2026,viktor.ueda2@example.com,Manufacturing,02/02/2026 08:30,Bounced,Yes,0,0,,No
code-of-conduct-2026,bruno.okafor3@example.com,Manufacturing,02/02/2026 08:30,Delivered,No,0,0,,No
code-of-conduct-2026,elena.kowalski2@example.com,Manufacturing,02/02/2026 08:30,Delivered,No,0,0,,No
code-of-conduct-2026,tariq.yilmaz3@example.com,Manufacturing,02/02/2026 08:30,Delivered,No,0,0,,No
code-of-conduct-2026,zoe.garcia@example.com,Manufacturing,02/02/2026 08:30,Delivered,No,0,0,,No
code-of-conduct-2026,ines.muller2@example.com,Sales,02/02/2026 08:30,Delivered,No,2,0,02/02/2026 13:18,No
code-of-conduct-2026,dmitri.evans2@example.com,Marketing,02/02/2026 08:30,Delivered,No,0,0,,No
code-of-conduct-2026,zoe.lopez@example.com,Operations,02/02/2026 08:30,Delivered,No,0,0,,No
code-of-conduct-2026,dmitri.patel@example.com,Sales,02/02/2026 08:30,Delivered,No,0,0,,No
code-of-conduct-2026,wei.dubois@example.com,Manufacturing,02/02/2026 08:30,Delivered,No,0,0,,No
code-of-conduct-2026,tariq.brown@example.com,Manufacturing,02/02/2026 08:30,Delivered,No,2,0,02/02/2026 13:21,No
code-of-conduct-2026,farid.patel2@example.com,Manufacturing,02/02/2026 08:30,Delivered,No,0,0,,No
code-of-conduct-2026,rosa.hansen@example.com,Marketing,02/02/2026 08:30,Delivered,No,0,0,,No
code-of-conduct-2026,viktor.novak@example.com,HR,02/02/2026 08:30,Delivered,No,2,0,02/02/2026 09:45,No
code-of-conduct-2026,tariq.fischer3@example.com,Marketing,02/02/2026 08:30,Delivered,No,0,0,,No
code-of-conduct-2026,wei.vargas@example.com,Operations,02/02/2026 08:30,Delivered,No,0,0,,No
code-of-conduct-2026,ben.iyer3@example.com,Manufacturing,02/02/2026 08:30,Delivered,No,0,0,,No
code-of-conduct-2026,quinn.ahmed2@example.com,Manufacturing,02/02/2026 08:30,Delivered,No,0,0,,No
code-of-conduct-2026,amara.jensen2@example.com,Marketing,02/02/2026 08:30,Delivered,No,1,0,03/02/2026 05:09,No
code-of-conduct-2026,yusuf.jensen@example.com,Finance,02/02/2026 08:30,Delivered,No,2,0,02/02/2026 12:41,No
code-of-conduct-2026,grace.dubois@example.com,Operations,02/02/2026 08:30,Delivered,No,1,0,02/02/2026 09:40,No
code-of-conduct-2026,grace.muller4@example.com,Manufacturing,02/02/2026 08:30,Delivered,No,0,0,,No
code-of-conduct-2026,farid.novak@example.com,Manufacturing,02/02/2026 08:30,Delivered,No,2,0,04/02/2026 12:53,No
code-of-conduct-2026,zoe.iyer@example.com,Sales,02/02/2026 08:30,Delivered,No,2,0,02/02/2026 09:56,No
code-of-conduct-2026,tariq.brown2@example.com,Marketing,02/02/2026 08:30,Delivered,No,1,0,02/02/2026 12:38,No
code-of-conduct-2026,amara.novak3@example.com,Manufacturing,02/02/2026 08:30,Delivered,No,0,0,,No
code-of-conduct-2026,cara.silva2@example.com,Manufacturing,02/02/2026 08:30,Delivered,No,2,0,03/02/2026 04:45,No
code-of-conduct-2026,noah.yilmaz@example.com,HR,02/02/2026 08:30,Delivered,No,2,0,03/02/2026 04:40,No
code-of-conduct-2026,bruno.dubois2@example.com,Operations,02/02/2026 08:30,Delivered,No,0,0,,No
code-of-conduct-2026,ben.brown3@example.com,Sales,02/02/2026 08:30,Delivered,No,0,0,,No
code-of-conduct-2026,liam.jensen3@example.com,Sales,02/02/2026 08:30,Delivered,No,1,0,03/02/2026 05:18,No
code-of-conduct-2026,maya.hansen4@example.com,Marketing,02/02/2026 08:30,Delivered,No,0,0,,No
code-of-conduct-2026,viktor.dubois@example.com,Manufacturing,02/02/2026 08:30,Delivered,No,1,0,02/02/2026 12:46,No
code-of-conduct-2026,hiro.patel4@example.com,Finance,02/02/2026 08:30,Delivered,No,1,1,02/02/2026 09:51,No
code-of-conduct-2026,ben.silva4@example.com,Technology,02/02/2026 08:30,Delivered,No,0,0,,No
code-of-conduct-2026,xenia.lopez2@example.com,Operations,02/02/2026 08:30,Delivered,No,1,0,02/02/2026 09:38,No
code-of-conduct-2026,noah.iyer6@example.com,Manufacturing,02/02/2026 08:30,Delivered,No,0,0,,No
code-of-conduct-2026,viktor.vargas2@example.com,Manufacturing,02/02/2026 08:30,Delivered,No,0,0,,No
code-of-conduct-2026,grace.iyer@example.com,Legal,02/02/2026 08:30,Delivered,No,3,0,02/02/2026 09:56,No
code-of-conduct-2026,viktor.iyer@example.com,Finance,02/02/2026 08:30,Delivered,No,0,0,,No
code-of-conduct-2026,viktor.patel7@example.com,Manufacturing,02/02/2026 08:30,Delivered,No,0,0,,No
code-of-conduct-2026,bruno.fischer2@example.com,Manufacturing,02/02/2026 08:30,Delivered,No,0,0,,No
code-of-conduct-2026,dmitri.okafor@example.com,Manufacturing,02/02/2026 08:30,Delivered,No,0,0,,No
code-of-conduct-2026,zoe.evans2@example.com,Manufacturing,02/02/2026 08:30,Delivered,No,0,0,,No
code-of-conduct-2026,sam.walsh5@example.com,Marketing,02/02/2026 08:30,Delivered,No,0,0,,No
code-of-conduct-2026,olu.fischer3@example.com,Marketing,02/02/2026 08:30,Delivered,No,0,0,,No
code-of-conduct-2026,elena.hansen@example.com,Legal,02/02/2026 08:30,Delivered,No,0,0,,No
code-of-conduct-2026,kira.silva@example.com,Finance,02/02/2026 08:30,Delivered,No,2,1,02/02/2026 13:05,No
code-of-conduct-2026,elena.novak2@example.com,Sales,02/02/2026 08:30,Delivered,No,0,0,,No
code-of-conduct-2026,yusuf.muller2@example.com,HR,02/02/2026 08:30,Delivered,No,0,0,,No
code-of-conduct-2026,jonas.dubois3@example.com,Legal,02/02/2026 08:30,Delivered,No,0,0,,No
code-of-conduct-2026,cara.rossi2@example.com,Sales,02/02/2026 08:30,Delivered,No,1,0,02/02/2026 12:35,No
code-of-conduct-2026,bruno.chen@example.com,Manufacturing,02/02/2026 08:30,Delivered,No,0,0,,No
code-of-conduct-2026,jonas.iyer2@example.com,Marketing,02/02/2026 08:30,Delivered,No,1,0,02/02/2026 10:09,No
code-of-conduct-2026,cara.okafor2@example.com,Finance,02/02/2026 08:30,Delivered,No,1,1,02/02/2026 13:20,No
code-of-conduct-2026,sam.patel@example.com,Operations,02/02/2026 08:30,Delivered,No,0,0,,No
code-of-conduct-2026,viktor.patel8@example.com,Finance,02/02/2026 08:30,Delivered,No,2,4,02/02/2026 09:55,No
code-of-conduct-2026,elena.novak3@example.com,Operations,02/02/2026 08:30,Delivered,No,0,0,,No
code-of-conduct-2026,maya.brown2@example.com,Sales,02/02/2026 08:30,Delivered,No,0,0,,No
code-of-conduct-2026,rosa.okafor5@example.com,Finance,02/02/2026 08:30,Delivered,No,0,0,,No
code-of-conduct-2026,cara.zhang@example.com,Operations,02/02/2026 08:30,Delivered,No,0,0,,No
code-of-conduct-2026,viktor.walsh2@example.com,Operations,02/02/2026 08:30,Delivered,No,0,0,,No
code-of-conduct-2026,aisha.lopez@example.com,HR,02/02/2026 08:30,Delivered,No,1,0,02/02/2026 10:11,No
code-of-conduct-2026,jonas.walsh5@example.com,Technology,02/02/2026 08:30,Delivered,No,0,0,,No
code-of-conduct-2026,ines.zhang@example.com,Marketing,02/02/2026 08:30,Delivered,No,0,0,,No
code-of-conduct-2026,dmitri.rossi2@example.com,Manufacturing,02/02/2026 08:30,Delivered,No,1,0,02/02/2026 09:42,No
code-of-conduct-2026,quinn.dubois2@example.com,Manufacturing,02/02/2026 08:30,Delivered,No,0,0,,No
code-of-conduct-2026,cara.zhang2@example.com,Manufacturing,02/02/2026 08:30,Delivered,No,0,0,,No
code-of-conduct-2026,daniel.garcia3@example.com,Manufacturing,02/02/2026 08:30,Delivered,No,0,0,,No
code-of-conduct-2026,uma.silva3@example.com,Operations,02/02/2026 08:30,Delivered,No,0,0,,No
code-of-conduct-2026,daniel.hansen@example.com,Manufacturing,02/02/2026 08:30,Bounced,Yes,0,0,,No
code-of-conduct-2026,ben.vargas@example.com,Legal,02/02/2026 08:30,Delivered,No,0,0,,No
code-of-conduct-2026,liam.hansen@example.com,Technology,02/02/2026 08:30,Delivered,No,0,0,,No
code-of-conduct-2026,kira.kowalski@example.com,Marketing,02/02/2026 08:30,Delivered,No,0,0,,No
code-of-conduct-2026,zoe.silva@example.com,Manufacturing,02/02/2026 08:30,Delivered,No,1,0,03/02/2026 04:56,No
code-of-conduct-2026,grace.silva@example.com,Marketing,02/02/2026 08:30,Delivered,No,0,0,,No
code-of-conduct-2026,daniel.tanaka@example.com,Technology,02/02/2026 08:30,Delivered,No,0,0,,No
code-of-conduct-2026,daniel.zhang3@example.com,Technology,02/02/2026 08:30,Delivered,No,3,0,02/02/2026 13:14,No
code-of-conduct-2026,liam.garcia3@example.com,Operations,02/02/2026 08:30,Delivered,No,0,0,,No
code-of-conduct-2026,maya.ahmed@example.com,Marketing,02/02/2026 08:30,Delivered,No,5,0,02/02/2026 13:12,No
code-of-conduct-2026,maya.lopez@example.com,Operations,02/02/2026 08:30,Delivered,No,1,0,02/02/2026 13:11,No
code-of-conduct-2026,ines.tanaka3@example.com,Operations,02/02/2026 08:30,Delivered,No,0,0,,No
code-of-conduct-2026,bruno.evans@example.com,Sales,02/02/2026 08:30,Delivered,No,0,0,,No
code-of-conduct-2026,rosa.lopez@example.com,Sales,02/02/2026 08:30,Delivered,No,0,0,,No
code-of-conduct-2026,rosa.walsh2@example.com,Technology,02/02/2026 08:30,Delivered,No,0,0,,No
code-of-conduct-2026,cara.fischer2@example.com,Finance,02/02/2026 08:30,Delivered,No,3,0,02/02/2026 10:01,No
code-of-conduct-2026,tariq.jensen@example.com,HR,02/02/2026 08:30,Delivered,No,1,2,02/02/2026 10:27,No
code-of-conduct-2026,aisha.rossi4@example.com,Operations,02/02/2026 08:30,Delivered,No,0,0,,No
code-of-conduct-2026,elena.walsh@example.com,Manufacturing,02/02/2026 08:30,Delivered,No,0,0,,No
code-of-conduct-2026,liam.zhang@example.com,Operations,02/02/2026 08:30,Delivered,No,0,0,,No
code-of-conduct-2026,priya.yilmaz@example.com,Finance,02/02/2026 08:30,Delivered,No,1,0,02/02/2026 12:41,No
code-of-conduct-2026,yusuf.walsh2@example.com,Finance,02/02/2026 08:30,Delivered,No,0,0,,No
code-of-conduct-2026,xenia.fischer@example.com,Manufacturing,02/02/2026 08:30,Delivered,No,0,0,,No
code-of-conduct-2026,kira.tanaka4@example.com,Operations,02/02/2026 08:30,Delivered,No,3,0,02/02/2026 13:10,No
code-of-conduct-2026,ben.chen@example.com,HR,02/02/2026 08:30,Delivered,No,0,0,,No
code-of-conduct-2026,daniel.patel@example.com,HR,02/02/2026 08:30,Delivered,No,0,0,,No
code-of-conduct-2026,elena.ueda2@example.com,Sales,02/02/2026 08:30,Delivered,No,0,0,,No
code-of-conduct-2026,dmitri.ahmed2@example.com,Operations,02/02/2026 08:30,Delivered,No,0,0,,No
code-of-conduct-2026,ben.fischer@example.com,Operations,02/02/2026 08:30,Delivered,No,2,0,02/02/2026 10:07,No
code-of-conduct-2026,amara.brown2@example.com,Manufacturing,02/02/2026 08:30,Delivered,No,0,0,,No
code-of-conduct-2026,sam.rossi2@example.com,Technology,02/02/2026 08:30,Delivered,No,0,0,,No
code-of-conduct-2026,rosa.hansen2@example.com,Marketing,02/02/2026 08:30,Delivered,No,0,0,,No
code-of-conduct-2026,zoe.okafor@example.com,Technology,02/02/2026 08:30,Delivered,No,0,0,,No
code-of-conduct-2026,farid.ueda@example.com,Technology,02/02/2026 08:30,Delivered,No,1,1,02/02/2026 09:32,No
code-of-conduct-2026,viktor.garcia2@example.com,Technology,02/02/2026 08:30,Delivered,No,1,0,03/02/2026 04:39,No
code-of-conduct-2026,jonas.ueda@example.com,Operations,02/02/2026 08:30,Delivered,No,0,0,,No
code-of-conduct-2026,chloe.brown2@example.com,Marketing,02/02/2026 08:30,Delivered,No,0,0,,No
code-of-conduct-2026,wei.rossi4@example.com,Technology,02/02/2026 08:30,Delivered,No,0,0,,No
code-of-conduct-2026,rosa.muller2@example.com,Sales,02/02/2026 08:30,Delivered,No,0,0,,No
code-of-conduct-2026,ben.novak2@example.com,Manufacturing,02/02/2026 08:30,Delivered,No,0,0,,No
code-of-conduct-2026,grace.silva2@example.com,Operations,02/02/2026 08:30,Delivered,No,0,0,,No
code-of-conduct-2026,kira.muller@example.com,Manufacturing,02/02/2026 08:30,Delivered,No,0,0,,No
code-of-conduct-2026,grace.lopez3@example.com,Finance,02/02/2026 08:30,Delivered,No,0,0,,No
code-of-conduct-2026,farid.brown2@example.com,Finance,02/02/2026 08:30,Delivered,No,0,0,,No
code-of-conduct-2026,ines.dubois2@example.com,Manufacturing,02/02/2026 08:30,Delivered,No,1,1,02/02/2026 10:28,No
code-of-conduct-2026,ines.dubois3@example.com,Manufacturing,02/02/2026 08:30,Delivered,No,0,0,,No
code-of-conduct-2026,aisha.fischer@example.com,HR,02/02/2026 08:30,Delivered,No,1,0,02/02/2026 13:02,No
code-of-conduct-2026,priya.silva2@example.com,Legal,02/02/2026 08:30,Delivered,No,0,0,,No
code-of-conduct-2026,sam.evans3@example.com,Manufacturing,02/02/2026 08:30,Delivered,No,1,0,02/02/2026 10:25,No
code-of-conduct-2026,noah.silva@example.com,Technology,02/02/2026 08:30,Delivered,No,0,0,,No
code-of-conduct-2026,xenia.yilmaz4@example.com,HR,02/02/2026 08:30,Delivered,No,0,0,,No
code-of-conduct-2026,maya.chen2@example.com,Manufacturing,02/02/2026 08:30,Delivered,No,0,0,,No
code-of-conduct-2026,hiro.jensen2@example.com,Technology,02/02/2026 08:30,Delivered,No,0,0,,No
code-of-conduct-2026,rosa.yilmaz3@example.com,Manufacturing,02/02/2026 08:30,Delivered,No,0,0,,No
code-of-conduct-2026,priya.lopez@example.com,Manufacturing,02/02/2026 08:30,Delivered,No,2,0,02/02/2026 10:28,No
code-of-conduct-2026,chloe.rossi@example.com,Technology,02/02/2026 08:30,Delivered,No,0,0,,No
code-of-conduct-2026,aisha.muller@example.com,Finance,02/02/2026 08:30,Delivered,No,1,0,02/02/2026 12:31,No
code-of-conduct-2026,chloe.ahmed2@example.com,Manufacturing,02/02/2026 08:30,Delivered,No,0,0,,No
code-of-conduct-2026,sam.garcia2@example.com,Operations,02/02/2026 08:30,Delivered,No,2,0,02/02/2026 10:00,No
code-of-conduct-2026,wei.chen4@example.com,HR,02/02/2026 08:30,Delivered,No,0,0,,No
code-of-conduct-2026,xenia.yilmaz5@example.com,Operations,02/02/2026 08:30,Delivered,No,0,0,,No
code-of-conduct-2026,olu.muller3@example.com,Operations,02/02/2026 08:30,Delivered,No,2,0,02/02/2026 13:23,No
code-of-conduct-2026,ines.garcia2@example.com,Manufacturing,02/02/2026 08:30,Delivered,No,1,0,02/02/2026 13:04,No
code-of-conduct-2026,ben.rossi4@example.com,Manufacturing,02/02/2026 08:30,Delivered,No,0,0,,No
code-of-conduct-2026,farid.fischer3@example.com,Operations,02/02/2026 08:30,Delivered,No,0,0,,No
code-of-conduct-2026,amara.kowalski@example.com,Manufacturing,02/02/2026 08:30,Delivered,No,0,0,,No
code-of-conduct-2026,xenia.patel2@example.com,Operations,02/02/2026 08:30,Delivered,No,0,0,,No
code-of-conduct-2026,liam.walsh@example.com,Manufacturing,02/02/2026 08:30,Delivered,No,0,0,,No
code-of-conduct-2026,tariq.rossi3@example.com,Sales,02/02/2026 08:30,Delivered,No,0,0,,No
code-of-conduct-2026,daniel.ueda4@example.com,Manufacturing,02/02/2026 08:30,Delivered,No,0,0,,No
code-of-conduct-2026,rosa.lopez2@example.com,Manufacturing,02/02/2026 08:30,Delivered,No,0,0,,No
code-of-conduct-2026,cara.kowalski5@example.com,Manufacturing,02/02/2026 08:30,Delivered,No,1,0,02/02/2026 09:56,No
code-of-conduct-2026,yusuf.novak2@example.com,Legal,02/02/2026 08:30,Delivered,No,0,0,,No
code-of-conduct-2026,grace.dubois2@example.com,Marketing,02/02/2026 08:30,Delivered,No,0,0,,No
code-of-conduct-2026,elena.lopez3@example.com,Sales,02/02/2026 08:30,Delivered,No,0,0,,No
code-of-conduct-2026,xenia.dubois@example.com,Technology,02/02/2026 08:30,Delivered,No,0,0,,No
code-of-conduct-2026,sam.ueda2@example.com,Manufacturing,02/02/2026 08:30,Delivered,No,1,0,02/02/2026 09:50,No
code-of-conduct-2026,farid.dubois@example.com,Sales,02/02/2026 08:30,Delivered,No,0,0,,No
code-of-conduct-2026,cara.silva3@example.com,Sales,02/02/2026 08:30,Delivered,No,0,0,,No
code-of-conduct-2026,rosa.dubois2@example.com,Sales,02/02/2026 08:30,Delivered,No,2,0,02/02/2026 12:53,No
code-of-conduct-2026,zoe.ahmed2@example.com,Operations,02/02/2026 08:30,Delivered,No,0,0,,No
code-of-conduct-2026,kira.evans3@example.com,Manufacturing,02/02/2026 08:30,Delivered,No,0,0,,No
code-of-conduct-2026,priya.ueda2@example.com,Sales,02/02/2026 08:30,Bounced,Yes,0,0,,No
code-of-conduct-2026,farid.evans@example.com,Finance,02/02/2026 08:30,Delivered,No,0,0,,No
code-of-conduct-2026,elena.ahmed2@example.com,Marketing,02/02/2026 08:30,Delivered,No,0,0,,No
code-of-conduct-2026,olu.okafor2@example.com,Finance,02/02/2026 08:30,Delivered,No,0,0,,No
code-of-conduct-2026,yusuf.novak3@example.com,Finance,02/02/2026 08:30,Delivered,No,1,0,02/02/2026 12:34,No
code-of-conduct-2026,uma.hansen2@example.com,HR,02/02/2026 08:30,Delivered,No,1,0,03/02/2026 05:17,No
code-of-conduct-2026,kira.vargas2@example.com,Legal,02/02/2026 08:30,Delivered,No,2,0,03/02/2026 04:48,No
code-of-conduct-2026,jonas.zhang2@example.com,Finance,02/02/2026 08:30,Delivered,No,0,0,,No
code-of-conduct-2026,maya.chen3@example.com,Manufacturing,02/02/2026 08:30,Delivered,No,0,0,,No
code-of-conduct-2026,sam.okafor2@example.com,Finance,02/02/2026 08:30,Delivered,No,0,0,,No
code-of-conduct-2026,grace.zhang@example.com,Technology,02/02/2026 08:30,Delivered,No,0,0,,No
code-of-conduct-2026,hiro.tanaka@example.com,Manufacturing,02/02/2026 08:30,Delivered,No,0,0,,No
code-of-conduct-2026,sam.iyer@example.com,Operations,02/02/2026 08:30,Delivered,No,0,0,,No
code-of-conduct-2026,olu.chen3@example.com,Manufacturing,02/02/2026 08:30,Delivered,No,1,0,02/02/2026 09:37,No
code-of-conduct-2026,jonas.vargas@example.com,Sales,02/02/2026 08:30,Delivered,No,0,0,,No
code-of-conduct-2026,maya.chen4@example.com,Finance,02/02/2026 08:30,Delivered,No,1,2,03/02/2026 04:38,No
code-of-conduct-2026,zoe.muller@example.com,Sales,02/02/2026 08:30,Delivered,No,2,1,02/02/2026 13:14,No
code-of-conduct-2026,bruno.walsh@example.com,Manufacturing,02/02/2026 08:30,Delivered,No,2,1,03/02/2026 05:26,No
code-of-conduct-2026,ben.walsh2@example.com,Sales,02/02/2026 08:30,Delivered,No,0,0,,No
code-of-conduct-2026,ben.walsh3@example.com,Sales,02/02/2026 08:30,Delivered,No,0,0,,No
code-of-conduct-2026,aisha.brown3@example.com,Technology,02/02/2026 08:30,Delivered,No,0,0,,No
code-of-conduct-2026,chloe.yilmaz2@example.com,Sales,02/02/2026 08:30,Delivered,No,0,0,,No
code-of-conduct-2026,xenia.brown@example.com,Technology,02/02/2026 08:30,Bounced,Yes,0,0,,No
code-of-conduct-2026,zoe.okafor2@example.com,Manufacturing,02/02/2026 08:30,Delivered,No,0,0,,No
code-of-conduct-2026,hiro.garcia@example.com,Sales,02/02/2026 08:30,Delivered,No,1,0,02/02/2026 12:54,No
code-of-conduct-2026,bruno.chen2@example.com,Operations,02/02/2026 08:30,Delivered,No,2,0,02/02/2026 09:56,No
code-of-conduct-2026,zoe.garcia2@example.com,Technology,02/02/2026 08:30,Bounced,Yes,0,0,,No
code-of-conduct-2026,jonas.novak3@example.com,Manufacturing,02/02/2026 08:30,Delivered,No,0,0,,No
code-of-conduct-2026,dmitri.ahmed3@example.com,Technology,02/02/2026 08:30,Delivered,No,2,0,02/02/2026 13:05,No
code-of-conduct-2026,quinn.vargas@example.com,Sales,02/02/2026 08:30,Delivered,No,5,0,02/02/2026 10:29,No
code-of-conduct-2026,daniel.tanaka2@example.com,Manufacturing,02/02/2026 08:30,Delivered,No,0,0,,No
code-of-conduct-2026,maya.brown3@example.com,Operations,02/02/2026 08:30,Delivered,No,0,0,,No
code-of-conduct-2026,viktor.zhang3@example.com,Marketing,02/02/2026 08:30,Delivered,No,1,0,03/02/2026 05:04,No
code-of-conduct-2026,priya.fischer3@example.com,Technology,02/02/2026 08:30,Delivered,No,1,1,02/02/2026 10:12,No
code-of-conduct-2026,maya.zhang2@example.com,Marketing,02/02/2026 08:30,Delivered,No,2,0,02/02/2026 10:08,No
code-of-conduct-2026,priya.ahmed4@example.com,Manufacturing,02/02/2026 08:30,Delivered,No,0,0,,No
code-of-conduct-2026,hiro.yilmaz2@example.com,Legal,02/02/2026 08:30,Delivered,No,0,0,,No
code-of-conduct-2026,elena.brown2@example.com,Sales,02/02/2026 08:30,Delivered,No,0,0,,No
code-of-conduct-2026,olu.hansen@example.com,Manufacturing,02/02/2026 08:30,Delivered,No,2,0,03/02/2026 05:25,No
code-of-conduct-2026,amara.novak4@example.com,Legal,02/02/2026 08:30,Delivered,No,3,1,02/02/2026 09:34,No
code-of-conduct-2026,quinn.ahmed3@example.com,Technology,02/02/2026 08:30,Delivered,No,2,0,02/02/2026 09:42,No
code-of-conduct-2026,zoe.kowalski2@example.com,Finance,02/02/2026 08:30,Delivered,No,1,1,02/02/2026 12:36,No
code-of-conduct-2026,tariq.okafor3@example.com,Operations,02/02/2026 08:30,Delivered,No,0,0,,No
code-of-conduct-2026,yusuf.rossi4@example.com,Manufacturing,02/02/2026 08:30,Delivered,No,0,0,,No
code-of-conduct-2026,xenia.walsh3@example.com,Operations,02/02/2026 08:30,Delivered,No,0,0,,No
code-of-conduct-2026,elena.silva@example.com,Sales,02/02/2026 08:30,Delivered,No,0,0,,No
code-of-conduct-2026,noah.lopez3@example.com,HR,02/02/2026 08:30,Delivered,No,3,1,02/02/2026 12:40,No
code-of-conduct-2026,dmitri.vargas3@example.com,Manufacturing,02/02/2026 08:30,Delivered,No,0,0,,No
code-of-conduct-2026,elena.kowalski3@example.com,Finance,02/02/2026 08:30,Delivered,No,1,2,02/02/2026 09:48,No
code-of-conduct-2026,ben.rossi5@example.com,Marketing,02/02/2026 08:30,Delivered,No,0,0,,No
code-of-conduct-2026,sam.tanaka2@example.com,Operations,02/02/2026 08:30,Delivered,No,0,0,,No
code-of-conduct-2026,viktor.tanaka@example.com,Technology,02/02/2026 08:30,Delivered,No,1,0,02/02/2026 09:40,No
code-of-conduct-2026,hiro.chen3@example.com,Finance,02/02/2026 08:30,Delivered,No,0,0,,No
code-of-conduct-2026,kira.jensen2@example.com,Manufacturing,02/02/2026 08:30,Delivered,No,0,0,,No
code-of-conduct-2026,quinn.muller3@example.com,Manufacturing,02/02/2026 08:30,Delivered,No,0,0,,No
code-of-conduct-2026,dmitri.kowalski2@example.com,Operations,02/02/2026 08:30,Delivered,No,1,0,02/02/2026 09:53,No
code-of-conduct-2026,amara.patel@example.com,Manufacturing,02/02/2026 08:30,Delivered,No,0,0,,No
code-of-conduct-2026,liam.garcia4@example.com,Operations,02/02/2026 08:30,Delivered,No,1,0,02/02/2026 12:45,No
code-of-conduct-2026,quinn.chen2@example.com,Manufacturing,02/02/2026 08:30,Delivered,No,0,0,,No
code-of-conduct-2026,amara.fischer3@example.com,Finance,02/02/2026 08:30,Delivered,No,0,0,,No
code-of-conduct-2026,priya.silva3@example.com,Sales,02/02/2026 08:30,Delivered,No,0,0,,No
code-of-conduct-2026,zoe.jensen2@example.com,Marketing,02/02/2026 08:30,Delivered,No,2,0,02/02/2026 12:49,No
code-of-conduct-2026,grace.kowalski2@example.com,Manufacturing,02/02/2026 08:30,Delivered,No,0,0,,Yes
code-of-conduct-2026,elena.tanaka2@example.com,Operations,02/02/2026 08:30,Delivered,No,0,0,,No
code-of-conduct-2026,cara.silva4@example.com,Manufacturing,02/02/2026 08:30,Delivered,No,0,0,,No
code-of-conduct-2026,noah.evans3@example.com,Manufacturing,02/02/2026 08:30,Delivered,No,0,0,,No
code-of-conduct-2026,zoe.kowalski3@example.com,Marketing,02/02/2026 08:30,Delivered,No,0,0,,No
code-of-conduct-2026,aisha.patel3@example.com,Finance,02/02/2026 08:30,Delivered,No,0,0,,No
code-of-conduct-2026,viktor.ueda3@example.com,Operations,02/02/2026 08:30,Delivered,No,0,0,,No
code-of-conduct-2026,yusuf.okafor3@example.com,Manufacturing,02/02/2026 08:30,Delivered,No,1,1,02/02/2026 12:52,No
code-of-conduct-2026,olu.evans2@example.com,Finance,02/02/2026 08:30,Delivered,No,0,0,,No
code-of-conduct-2026,ben.chen2@example.com,Manufacturing,02/02/2026 08:30,Delivered,No,0,0,,No
code-of-conduct-2026,elena.rossi3@example.com,Manufacturing,02/02/2026 08:30,Delivered,No,0,0,,No
code-of-conduct-2026,rosa.lopez3@example.com,Technology,02/02/2026 08:30,Delivered,No,0,0,,No
code-of-conduct-2026,aisha.fischer2@example.com,Marketing,02/02/2026 08:30,Delivered,No,0,0,,No
code-of-conduct-2026,maya.hansen5@example.com,Operations,02/02/2026 08:30,Delivered,No,0,0,,No
code-of-conduct-2026,quinn.hansen@example.com,Marketing,02/02/2026 08:30,Delivered,No,0,0,,No
code-of-conduct-2026,liam.novak3@example.com,Operations,02/02/2026 08:30,Delivered,No,0,0,,No
code-of-conduct-2026,farid.garcia2@example.com,Sales,02/02/2026 08:30,Delivered,No,1,0,02/02/2026 13:03,No
code-of-conduct-2026,ines.hansen@example.com,Marketing,02/02/2026 08:30,Delivered,No,1,0,02/02/2026 10:10,No
code-of-conduct-2026,chloe.kowalski2@example.com,Manufacturing,02/02/2026 08:30,Delivered,No,0,0,,No
code-of-conduct-2026,tariq.silva2@example.com,Manufacturing,02/02/2026 08:30,Delivered,No,0,0,,No
code-of-conduct-2026,liam.novak4@example.com,Operations,02/02/2026 08:30,Delivered,No,1,0,02/02/2026 12:51,No
code-of-conduct-2026,amara.chen@example.com,Sales,02/02/2026 08:30,Delivered,No,0,0,,No
code-of-conduct-2026,kira.garcia2@example.com,Sales,02/02/2026 08:30,Delivered,No,3,1,03/02/2026 05:03,No
code-of-conduct-2026,wei.kowalski2@example.com,HR,02/02/2026 08:30,Delivered,No,1,0,02/02/2026 09:45,No
code-of-conduct-2026,uma.iyer@example.com,Manufacturing,02/02/2026 08:30,Delivered,No,0,0,,No
code-of-conduct-2026,priya.iyer2@example.com,Manufacturing,02/02/2026 08:30,Delivered,No,0,0,,No
code-of-conduct-2026,kira.brown5@example.com,Sales,02/02/2026 08:30,Delivered,No,0,0,,No
code-of-conduct-2026,yusuf.walsh3@example.com,Manufacturing,02/02/2026 08:30,Bounced,Yes,0,0,,No
code-of-conduct-2026,sam.rossi3@example.com,Manufacturing,02/02/2026 08:30,Delivered,No,0,0,,No
code-of-conduct-2026,xenia.fischer2@example.com,Sales,02/02/2026 08:30,Delivered,No,0,0,,No
code-of-conduct-2026,wei.ueda@example.com,HR,02/02/2026 08:30,Delivered,No,0,0,,No
code-of-conduct-2026,ben.zhang4@example.com,Finance,02/02/2026 08:30,Delivered,No,0,0,,No
code-of-conduct-2026,grace.dubois3@example.com,Marketing,02/02/2026 08:30,Delivered,No,0,0,,No
code-of-conduct-2026,chloe.patel2@example.com,Sales,02/02/2026 08:30,Delivered,No,0,0,,No
code-of-conduct-2026,zoe.zhang2@example.com,Marketing,02/02/2026 08:30,Delivered,No,1,0,02/02/2026 09:51,No
code-of-conduct-2026,farid.hansen5@example.com,Manufacturing,02/02/2026 08:30,Bounced,Yes,0,0,,No
code-of-conduct-2026,chloe.kowalski3@example.com,Technology,02/02/2026 08:30,Delivered,No,1,1,02/02/2026 10:07,No
code-of-conduct-2026,bruno.okafor4@example.com,Sales,02/02/2026 08:30,Delivered,No,1,0,02/02/2026 13:01,No
code-of-conduct-2026,chloe.patel3@example.com,Manufacturing,02/02/2026 08:30,Delivered,No,0,0,,No
code-of-conduct-2026,daniel.rossi@example.com,Finance,02/02/2026 08:30,Delivered,No,1,0,02/02/2026 10:12,No
code-of-conduct-2026,yusuf.novak4@example.com,Manufacturing,02/02/2026 08:30,Delivered,No,0,0,,No
code-of-conduct-2026,hiro.rossi2@example.com,Marketing,02/02/2026 08:30,Delivered,No,1,1,04/02/2026 12:30,No
code-of-conduct-2026,quinn.iyer3@example.com,Marketing,02/02/2026 08:30,Delivered,No,1,0,02/02/2026 10:16,No
code-of-conduct-2026,amara.yilmaz2@example.com,Manufacturing,02/02/2026 08:30,Delivered,No,0,0,,No
code-of-conduct-2026,dmitri.walsh2@example.com,Sales,02/02/2026 08:30,Delivered,No,1,0,03/02/2026 05:08,No
code-of-conduct-2026,olu.jensen3@example.com,Technology,02/02/2026 08:30,Delivered,No,1,0,03/02/2026 05:03,No
code-of-conduct-2026,wei.evans3@example.com,Technology,02/02/2026 08:30,Delivered,No,0,0,,No
code-of-conduct-2026,olu.jensen4@example.com,Marketing,02/02/2026 08:30,Delivered,No,0,0,,No
code-of-conduct-2026,wei.fischer3@example.com,Manufacturing,02/02/2026 08:30,Delivered,No,1,0,02/02/2026 10:01,No
code-of-conduct-2026,ines.iyer3@example.com,Manufacturing,02/02/2026 08:30,Delivered,No,0,0,,No
code-of-conduct-2026,amara.tanaka@example.com,Marketing,02/02/2026 08:30,Delivered,No,1,0,02/02/2026 12:44,No
code-of-conduct-2026,liam.lopez@example.com,Manufacturing,02/02/2026 08:30,Delivered,No,0,0,,No
code-of-conduct-2026,aisha.ahmed3@example.com,Marketing,02/02/2026 08:30,Delivered,No,0,0,,No
code-of-conduct-2026,noah.zhang3@example.com,Manufacturing,02/02/2026 08:30,Delivered,No,0,0,,No
code-of-conduct-2026,priya.tanaka4@example.com,Manufacturing,02/02/2026 08:30,Delivered,No,0,0,,No
code-of-conduct-2026,elena.patel2@example.com,Manufacturing,02/02/2026 08:30,Delivered,No,1,0,02/02/2026 10:15,No
code-of-conduct-2026,cara.yilmaz3@example.com,Technology,02/02/2026 08:30,Delivered,No,2,0,02/02/2026 10:18,No
code-of-conduct-2026,rosa.ahmed3@example.com,Operations,02/02/2026 08:30,Delivered,No,1,0,03/02/2026 05:08,No
code-of-conduct-2026,priya.okafor2@example.com,Sales,02/02/2026 08:30,Delivered,No,2,2,02/02/2026 09:57,No
code-of-conduct-2026,chloe.ahmed3@example.com,Manufacturing,02/02/2026 08:30,Delivered,No,0,0,,No
code-of-conduct-2026,amara.ueda2@example.com,Technology,02/02/2026 08:30,Delivered,No,0,0,,No
code-of-conduct-2026,elena.lopez4@example.com,Operations,02/02/2026 08:30,Delivered,No,0,0,,No
code-of-conduct-2026,tariq.garcia@example.com,Sales,02/02/2026 08:30,Delivered,No,1,0,02/02/2026 09:52,No
code-of-conduct-2026,uma.chen2@example.com,Sales,02/02/2026 08:30,Delivered,No,0,0,,No
code-of-conduct-2026,liam.chen2@example.com,Marketing,02/02/2026 08:30,Delivered,No,1,0,02/02/2026 10:06,No
code-of-conduct-2026,xenia.tanaka2@example.com,Manufacturing,02/02/2026 08:30,Delivered,No,1,0,02/02/2026 10:11,No
code-of-conduct-2026,uma.chen3@example.com,Manufacturing,02/02/2026 08:30,Delivered,No,0,0,,No
code-of-conduct-2026,aisha.jensen3@example.com,Marketing,02/02/2026 08:30,Delivered,No,1,0,02/02/2026 13:27,No
code-of-conduct-2026,uma.muller2@example.com,Finance,02/02/2026 08:30,Delivered,No,1,0,02/02/2026 09:38,No
code-of-conduct-2026,olu.jensen5@example.com,Technology,02/02/2026 08:30,Delivered,No,5,0,02/02/2026 13:13,No
code-of-conduct-2026,olu.rossi@example.com,Technology,02/02/2026 08:30,Delivered,No,1,2,02/02/2026 09:56,No
code-of-conduct-2026,cara.garcia2@example.com,Sales,02/02/2026 08:30,Delivered,No,0,0,,No
code-of-conduct-2026,hiro.silva2@example.com,Technology,02/02/2026 08:30,Bounced,Yes,0,0,,No
code-of-conduct-2026,kira.fischer2@example.com,Manufacturing,02/02/2026 08:30,Delivered,No,0,0,,No
code-of-conduct-2026,priya.evans2@example.com,Marketing,02/02/2026 08:30,Delivered,No,0,0,,No
code-of-conduct-2026,yusuf.patel2@example.com,Marketing,02/02/2026 08:30,Delivered,No,1,1,02/02/2026 13:27,No
code-of-conduct-2026,xenia.zhang@example.com,Legal,02/02/2026 08:30,Delivered,No,1,0,04/02/2026 13:13,No
code-of-conduct-2026,amara.yilmaz3@example.com,Sales,02/02/2026 08:30,Delivered,No,1,0,04/02/2026 13:19,No
code-of-conduct-2026,cara.walsh3@example.com,Manufacturing,02/02/2026 08:30,Delivered,No,2,0,02/02/2026 12:32,No
code-of-conduct-2026,elena.fischer4@example.com,HR,02/02/2026 08:30,Delivered,No,0,0,,No
code-of-conduct-2026,jonas.iyer3@example.com,Operations,02/02/2026 08:30,Delivered,No,0,0,,No
code-of-conduct-2026,hiro.walsh2@example.com,Technology,02/02/2026 08:30,Delivered,No,1,0,02/02/2026 10:12,No
code-of-conduct-2026,kira.novak2@example.com,Manufacturing,02/02/2026 08:30,Delivered,No,0,0,,No
code-of-conduct-2026,quinn.yilmaz4@example.com,Technology,02/02/2026 08:30,Delivered,No,0,0,,No
code-of-conduct-2026,ines.chen2@example.com,Manufacturing,02/02/2026 08:30,Delivered,No,1,0,02/02/2026 12:45,No
code-of-conduct-2026,noah.novak2@example.com,Technology,02/02/2026 08:30,Delivered,No,1,0,03/02/2026 04:47,No
code-of-conduct-2026,jonas.brown2@example.com,Operations,02/02/2026 08:30,Delivered,No,1,0,02/02/2026 10:22,No
code-of-conduct-2026,ben.fischer2@example.com,Sales,02/02/2026 08:30,Delivered,No,0,0,,No
code-of-conduct-2026,chloe.evans2@example.com,Sales,02/02/2026 08:30,Delivered,No,1,0,02/02/2026 09:37,No
code-of-conduct-2026,zoe.garcia3@example.com,Technology,02/02/2026 08:30,Delivered,No,0,0,,No
code-of-conduct-2026,sam.ahmed3@example.com,Sales,02/02/2026 08:30,Delivered,No,0,0,,No
code-of-conduct-2026,rosa.garcia2@example.com,Operations,02/02/2026 08:30,Delivered,No,1,0,02/02/2026 10:06,No
code-of-conduct-2026,bruno.vargas2@example.com,Finance,02/02/2026 08:30,Delivered,No,0,0,,No
code-of-conduct-2026,hiro.fischer2@example.com,Manufacturing,02/02/2026 08:30,Delivered,No,0,0,,No
code-of-conduct-2026,uma.patel@example.com,Manufacturing,02/02/2026 08:30,Delivered,No,0,0,,No
code-of-conduct-2026,xenia.garcia4@example.com,Manufacturing,02/02/2026 08:30,Delivered,No,0,0,,No
code-of-conduct-2026,rosa.iyer3@example.com,Manufacturing,02/02/2026 08:30,Delivered,No,1,0,02/02/2026 13:00,No
code-of-conduct-2026,daniel.evans3@example.com,Marketing,02/02/2026 08:30,Delivered,No,2,0,02/02/2026 10:18,No
code-of-conduct-2026,xenia.fischer3@example.com,Manufacturing,02/02/2026 08:30,Delivered,No,0,0,,No
code-of-conduct-2026,grace.rossi@example.com,Manufacturing,02/02/2026 08:30,Delivered,No,0,0,,No
code-of-conduct-2026,noah.garcia2@example.com,HR,02/02/2026 08:30,Delivered,No,1,0,03/02/2026 04:39,No
code-of-conduct-2026,ben.patel2@example.com,Technology,02/02/2026 08:30,Delivered,No,1,0,03/02/2026 04:50,No
code-of-conduct-2026,ben.silva5@example.com,Legal,02/02/2026 08:30,Delivered,No,0,0,,No
code-of-conduct-2026,farid.yilmaz@example.com,Sales,02/02/2026 08:30,Delivered,No,0,0,,No
code-of-conduct-2026,daniel.ueda5@example.com,Finance,02/02/2026 08:30,Delivered,No,1,0,03/02/2026 04:54,No
code-of-conduct-2026,ines.tanaka4@example.com,Operations,02/02/2026 08:30,Delivered,No,1,0,02/02/2026 10:11,No
code-of-conduct-2026,grace.patel2@example.com,Operations,02/02/2026 08:30,Delivered,No,0,0,,No
code-of-conduct-2026,grace.jensen3@example.com,HR,02/02/2026 08:30,Delivered,No,3,1,02/02/2026 09:43,No
code-of-conduct-2026,bruno.muller3@example.com,Legal,02/02/2026 08:30,Delivered,No,2,0,03/02/2026 04:54,No
code-of-conduct-2026,aisha.brown4@example.com,Finance,02/02/2026 08:30,Delivered,No,1,0,02/02/2026 10:06,No
code-of-conduct-2026,uma.muller3@example.com,Manufacturing,02/02/2026 08:30,Delivered,No,0,0,,No
code-of-conduct-2026,chloe.walsh3@example.com,Marketing,02/02/2026 08:30,Delivered,No,1,0,02/02/2026 10:28,No
code-of-conduct-2026,uma.rossi@example.com,HR,02/02/2026 08:30,Delivered,No,0,0,,No
code-of-conduct-2026,quinn.vargas2@example.com,Technology,02/02/2026 08:30,Delivered,No,0,0,,No
code-of-conduct-2026,bruno.chen3@example.com,HR,02/02/2026 08:30,Delivered,No,3,0,02/02/2026 10:13,No
code-of-conduct-2026,uma.garcia@example.com,Manufacturing,02/02/2026 08:30,Delivered,No,0,0,,No
code-of-conduct-2026,kira.evans4@example.com,Sales,02/02/2026 08:30,Delivered,No,1,0,02/02/2026 12:45,No
code-of-conduct-2026,farid.walsh@example.com,Manufacturing,02/02/2026 08:30,Delivered,No,0,0,,No
code-of-conduct-2026,olu.muller4@example.com,Operations,02/02/2026 08:30,Delivered,No,0,0,,No
code-of-conduct-2026,uma.chen4@example.com,Manufacturing,02/02/2026 08:30,Delivered,No,1,1,02/02/2026 10:06,No
code-of-conduct-2026,sam.silva3@example.com,Operations,02/02/2026 08:30,Delivered,No,0,0,,No
code-of-conduct-2026,uma.rossi2@example.com,Manufacturing,02/02/2026 08:30,Delivered,No,0,0,,No
code-of-conduct-2026,maya.dubois2@example.com,Legal,02/02/2026 08:30,Delivered,No,1,0,02/02/2026 10:25,No
code-of-conduct-2026,kira.okafor3@example.com,Sales,02/02/2026 08:30,Delivered,No,0,0,,No
code-of-conduct-2026,ben.walsh4@example.com,HR,02/02/2026 08:30,Delivered,No,0,0,,No
code-of-conduct-2026,kira.muller2@example.com,Technology,02/02/2026 08:30,Delivered,No,2,0,03/02/2026 04:56,No
code-of-conduct-2026,maya.dubois3@example.com,Operations,02/02/2026 08:30,Delivered,No,2,0,02/02/2026 13:03,No
code-of-conduct-2026,priya.okafor3@example.com,Manufacturing,02/02/2026 08:30,Delivered,No,0,0,,No
code-of-conduct-2026,xenia.iyer2@example.com,Technology,02/02/2026 08:30,Delivered,No,0,0,,No
code-of-conduct-2026,noah.iyer7@example.com,Technology,02/02/2026 08:30,Delivered,No,0,0,,No
code-of-conduct-2026,grace.tanaka4@example.com,Operations,02/02/2026 08:30,Delivered,No,0,0,,No
code-of-conduct-2026,kira.evans5@example.com,Legal,02/02/2026 08:30,Delivered,No,3,0,02/02/2026 09:34,No
code-of-conduct-2026,hiro.vargas4@example.com,Operations,02/02/2026 08:30,Delivered,No,0,0,,No
code-of-conduct-2026,olu.patel@example.com,Manufacturing,02/02/2026 08:30,Delivered,No,0,0,,No
code-of-conduct-2026,grace.brown@example.com,Marketing,02/02/2026 08:30,Delivered,No,0,0,,No
code-of-conduct-2026,wei.dubois2@example.com,Operations,02/02/2026 08:30,Delivered,No,1,1,03/02/2026 04:37,No
code-of-conduct-2026,dmitri.zhang3@example.com,Manufacturing,02/02/2026 08:30,Delivered,No,2,0,02/02/2026 13:23,No
code-of-conduct-2026,priya.jensen3@example.com,Technology,02/02/2026 08:30,Delivered,No,0,0,,No
code-of-conduct-2026,noah.vargas@example.com,Manufacturing,02/02/2026 08:30,Delivered,No,3,0,03/02/2026 05:08,No
code-of-conduct-2026,hiro.hansen@example.com,Finance,02/02/2026 08:30,Delivered,No,0,0,,No
code-of-conduct-2026,ben.silva6@example.com,Manufacturing,02/02/2026 08:30,Delivered,No,1,1,02/02/2026 12:31,No
code-of-conduct-2026,daniel.rossi2@example.com,Manufacturing,02/02/2026 08:30,Delivered,No,1,0,02/02/2026 12:42,No
code-of-conduct-2026,maya.fischer3@example.com,Manufacturing,02/02/2026 08:30,Delivered,No,1,0,03/02/2026 05:13,No
code-of-conduct-2026,uma.jensen4@example.com,Sales,02/02/2026 08:30,Delivered,No,0,0,,No
code-of-conduct-2026,hiro.evans@example.com,HR,02/02/2026 08:30,Delivered,No,0,0,,No
code-of-conduct-2026,noah.novak3@example.com,Operations,02/02/2026 08:30,Delivered,No,0,0,,No
code-of-conduct-2026,cara.zhang3@example.com,Manufacturing,02/02/2026 08:30,Bounced,Yes,0,0,,No
code-of-conduct-2026,ben.okafor3@example.com,Sales,02/02/2026 08:30,Delivered,No,0,0,,No
code-of-conduct-2026,olu.yilmaz@example.com,Operations,02/02/2026 08:30,Delivered,No,0,0,,No
code-of-conduct-2026,xenia.ahmed3@example.com,Manufacturing,02/02/2026 08:30,Delivered,No,2,0,02/02/2026 12:42,No
code-of-conduct-2026,xenia.jensen@example.com,Manufacturing,02/02/2026 08:30,Delivered,No,0,0,,No
code-of-conduct-2026,daniel.brown3@example.com,Operations,02/02/2026 08:30,Delivered,No,0,0,,No
code-of-conduct-2026,zoe.garcia4@example.com,Operations,02/02/2026 08:30,Delivered,No,1,0,02/02/2026 10:13,No
code-of-conduct-2026,maya.dubois4@example.com,Manufacturing,02/02/2026 08:30,Delivered,No,0,0,,No
code-of-conduct-2026,grace.dubois4@example.com,Legal,02/02/2026 08:30,Delivered,No,0,0,,No
code-of-conduct-2026,kira.silva2@example.com,Legal,02/02/2026 08:30,Delivered,No,0,0,,No
code-of-conduct-2026,daniel.okafor2@example.com,Operations,02/02/2026 08:30,Delivered,No,1,0,03/02/2026 05:12,No
code-of-conduct-2026,dmitri.yilmaz@example.com,Finance,02/02/2026 08:30,Delivered,No,0,0,,No
code-of-conduct-2026,rosa.tanaka2@example.com,Finance,02/02/2026 08:30,Delivered,No,3,0,02/02/2026 12:53,No
code-of-conduct-2026,rosa.muller3@example.com,Sales,02/02/2026 08:30,Delivered,No,0,0,,No
code-of-conduct-2026,noah.muller@example.com,Legal,02/02/2026 08:30,Delivered,No,1,0,02/02/2026 09:49,No
code-of-conduct-2026,quinn.tanaka@example.com,HR,02/02/2026 08:30,Delivered,No,3,1,02/02/2026 09:46,No
code-of-conduct-2026,priya.fischer4@example.com,Manufacturing,02/02/2026 08:30,Delivered,No,1,0,02/02/2026 12:54,No
code-of-conduct-2026,zoe.jensen3@example.com,Sales,02/02/2026 08:30,Delivered,No,0,0,,No
code-of-conduct-2026,quinn.yilmaz5@example.com,Operations,02/02/2026 08:30,Delivered,No,1,0,02/02/2026 12:48,No
code-of-conduct-2026,xenia.evans4@example.com,HR,02/02/2026 08:30,Delivered,No,0,0,,No
code-of-conduct-2026,noah.patel@example.com,Marketing,02/02/2026 08:30,Delivered,No,0,0,,No
code-of-conduct-2026,noah.novak4@example.com,Operations,02/02/2026 08:30,Delivered,No,5,0,04/02/2026 13:25,No
code-of-conduct-2026,olu.vargas@example.com,Sales,02/02/2026 08:30,Delivered,No,1,0,02/02/2026 12:47,No
code-of-conduct-2026,amara.garcia@example.com,HR,02/02/2026 08:30,Delivered,No,2,0,03/02/2026 04:51,No
code-of-conduct-2026,dmitri.silva2@example.com,Manufacturing,02/02/2026 08:30,Delivered,No,0,0,,No
code-of-conduct-2026,quinn.novak@example.com,Technology,02/02/2026 08:30,Delivered,No,1,0,02/02/2026 10:20,No
erp-golive-2026,xenia.garcia@example.com,Manufacturing,02/03/2026 08:30,Delivered,No,0,0,,No
erp-golive-2026,ben.ahmed2@example.com,Operations,02/03/2026 08:30,Delivered,No,0,0,,No
erp-golive-2026,bruno.okafor4@example.com,Sales,02/03/2026 08:30,Delivered,No,0,0,,No
erp-golive-2026,elena.tanaka2@example.com,Operations,02/03/2026 08:30,Delivered,No,0,0,,No
erp-golive-2026,viktor.fischer@example.com,Sales,02/03/2026 08:30,Delivered,No,0,0,,No
erp-golive-2026,xenia.garcia4@example.com,Manufacturing,02/03/2026 08:30,Delivered,No,0,0,,No
erp-golive-2026,maya.dubois2@example.com,Legal,02/03/2026 08:30,Delivered,No,2,2,02/03/2026 12:48,No
erp-golive-2026,xenia.silva@example.com,Marketing,02/03/2026 08:30,Delivered,No,2,0,02/03/2026 10:06,No
erp-golive-2026,uma.novak@example.com,Manufacturing,02/03/2026 08:30,Delivered,No,0,0,,No
erp-golive-2026,hiro.ahmed@example.com,Operations,02/03/2026 08:30,Delivered,No,1,0,04/03/2026 13:20,No
erp-golive-2026,xenia.chen3@example.com,Technology,02/03/2026 08:30,Delivered,No,1,1,02/03/2026 13:16,No
erp-golive-2026,kira.evans@example.com,Marketing,02/03/2026 08:30,Delivered,No,2,2,03/03/2026 04:46,No
erp-golive-2026,hiro.walsh@example.com,Marketing,02/03/2026 08:30,Delivered,No,1,1,02/03/2026 10:22,No
erp-golive-2026,zoe.walsh@example.com,Technology,02/03/2026 08:30,Delivered,No,0,0,,No
erp-golive-2026,zoe.chen@example.com,Finance,02/03/2026 08:30,Delivered,No,0,0,,No
erp-golive-2026,rosa.hansen2@example.com,Marketing,02/03/2026 08:30,Delivered,No,5,2,03/03/2026 04:38,No
erp-golive-2026,noah.yilmaz@example.com,HR,02/03/2026 08:30,Delivered,No,0,0,,No
erp-golive-2026,liam.chen2@example.com,Marketing,02/03/2026 08:30,Delivered,No,2,0,02/03/2026 10:04,No
erp-golive-2026,bruno.walsh@example.com,Manufacturing,02/03/2026 08:30,Delivered,No,0,0,,No
erp-golive-2026,bruno.muller3@example.com,Legal,02/03/2026 08:30,Delivered,No,3,0,02/03/2026 12:37,No
erp-golive-2026,tariq.yilmaz3@example.com,Manufacturing,02/03/2026 08:30,Delivered,No,0,0,,No
erp-golive-2026,daniel.fischer2@example.com,Technology,02/03/2026 08:30,Delivered,No,1,0,02/03/2026 10:04,No
erp-golive-2026,zoe.novak2@example.com,Manufacturing,02/03/2026 08:30,Delivered,No,1,0,03/03/2026 04:34,No
erp-golive-2026,rosa.chen2@example.com,Operations,02/03/2026 08:30,Delivered,No,1,0,02/03/2026 09:30,No
erp-golive-2026,bruno.fischer2@example.com,Manufacturing,02/03/2026 08:30,Delivered,No,0,0,,No
erp-golive-2026,ben.brown@example.com,Sales,02/03/2026 08:30,Delivered,No,0,0,,No
erp-golive-2026,xenia.patel@example.com,Manufacturing,02/03/2026 08:30,Delivered,No,1,0,02/03/2026 09:31,No
erp-golive-2026,ben.iyer2@example.com,Manufacturing,02/03/2026 08:30,Bounced,Yes,0,0,,No
erp-golive-2026,elena.ueda2@example.com,Sales,02/03/2026 08:30,Delivered,No,5,2,04/03/2026 12:41,No
erp-golive-2026,noah.iyer6@example.com,Manufacturing,02/03/2026 08:30,Delivered,No,5,1,02/03/2026 12:38,No
erp-golive-2026,rosa.kowalski2@example.com,Finance,02/03/2026 08:30,Delivered,No,1,0,02/03/2026 09:43,No
erp-golive-2026,tariq.chen@example.com,Finance,02/03/2026 08:30,Bounced,Yes,0,0,,No
erp-golive-2026,xenia.ahmed2@example.com,Operations,02/03/2026 08:30,Delivered,No,0,0,,No
erp-golive-2026,cara.zhang2@example.com,Manufacturing,02/03/2026 08:30,Delivered,No,0,0,,No
erp-golive-2026,cara.rossi2@example.com,Sales,02/03/2026 08:30,Delivered,No,1,0,02/03/2026 10:13,No
erp-golive-2026,hiro.hansen@example.com,Finance,02/03/2026 08:30,Delivered,No,0,0,,No
erp-golive-2026,bruno.rossi3@example.com,Marketing,02/03/2026 08:30,Delivered,No,1,4,02/03/2026 12:47,No
erp-golive-2026,bruno.muller2@example.com,Technology,02/03/2026 08:30,Delivered,No,1,0,02/03/2026 09:45,No
erp-golive-2026,liam.kowalski@example.com,Manufacturing,02/03/2026 08:30,Delivered,No,1,0,02/03/2026 09:59,No
erp-golive-2026,liam.tanaka2@example.com,Technology,02/03/2026 08:30,Delivered,No,1,1,02/03/2026 09:52,No
erp-golive-2026,daniel.okafor2@example.com,Operations,02/03/2026 08:30,Delivered,No,0,0,,No
erp-golive-2026,priya.iyer2@example.com,Manufacturing,02/03/2026 08:30,Delivered,No,0,0,,No
erp-golive-2026,kira.fischer2@example.com,Manufacturing,02/03/2026 08:30,Delivered,No,0,0,,No
erp-golive-2026,sam.walsh3@example.com,Technology,02/03/2026 08:30,Delivered,No,1,1,02/03/2026 09:42,No
erp-golive-2026,wei.vargas@example.com,Operations,02/03/2026 08:30,Delivered,No,0,0,,No
erp-golive-2026,sam.chen@example.com,HR,02/03/2026 08:30,Delivered,No,2,1,02/03/2026 09:36,No
erp-golive-2026,priya.novak3@example.com,Operations,02/03/2026 08:30,Bounced,Yes,0,0,,No
erp-golive-2026,olu.muller@example.com,Sales,02/03/2026 08:30,Delivered,No,1,0,02/03/2026 10:15,No
erp-golive-2026,hiro.okafor2@example.com,HR,02/03/2026 08:30,Bounced,Yes,0,0,,No
erp-golive-2026,maya.chen2@example.com,Manufacturing,02/03/2026 08:30,Delivered,No,0,0,,No
erp-golive-2026,cara.kowalski3@example.com,Technology,02/03/2026 08:30,Delivered,No,0,0,,No
erp-golive-2026,amara.fischer2@example.com,HR,02/03/2026 08:30,Delivered,No,1,0,02/03/2026 10:10,No
erp-golive-2026,liam.walsh@example.com,Manufacturing,02/03/2026 08:30,Delivered,No,0,0,,No
erp-golive-2026,dmitri.rossi2@example.com,Manufacturing,02/03/2026 08:30,Delivered,No,0,0,,No
erp-golive-2026,farid.hansen3@example.com,Manufacturing,02/03/2026 08:30,Delivered,No,0,0,,No
erp-golive-2026,farid.kowalski@example.com,Marketing,02/03/2026 08:30,Delivered,No,0,0,,No
erp-golive-2026,farid.muller3@example.com,Marketing,02/03/2026 08:30,Delivered,No,1,0,03/03/2026 04:42,No
erp-golive-2026,chloe.evans2@example.com,Sales,02/03/2026 08:30,Bounced,Yes,0,0,,No
erp-golive-2026,noah.garcia2@example.com,HR,02/03/2026 08:30,Delivered,No,0,0,,No
erp-golive-2026,elena.novak3@example.com,Operations,02/03/2026 08:30,Delivered,No,0,0,,No
erp-golive-2026,ben.iyer3@example.com,Manufacturing,02/03/2026 08:30,Delivered,No,0,0,,No
erp-golive-2026,ben.evans@example.com,Marketing,02/03/2026 08:30,Delivered,No,0,0,,No
erp-golive-2026,wei.silva@example.com,Sales,02/03/2026 08:30,Delivered,No,5,1,02/03/2026 10:08,No
erp-golive-2026,tariq.dubois@example.com,Manufacturing,02/03/2026 08:30,Delivered,No,1,4,02/03/2026 13:13,No
erp-golive-2026,yusuf.rossi3@example.com,Manufacturing,02/03/2026 08:30,Delivered,No,0,0,,No
erp-golive-2026,cara.silva@example.com,Technology,02/03/2026 08:30,Delivered,No,2,1,02/03/2026 09:34,No
erp-golive-2026,zoe.evans@example.com,Finance,02/03/2026 08:30,Delivered,No,0,0,,No
erp-golive-2026,maya.garcia@example.com,Manufacturing,02/03/2026 08:30,Delivered,No,0,0,,No
erp-golive-2026,ben.ahmed@example.com,Manufacturing,02/03/2026 08:30,Delivered,No,1,0,02/03/2026 09:41,No
erp-golive-2026,olu.hansen@example.com,Manufacturing,02/03/2026 08:30,Delivered,No,0,0,,No
erp-golive-2026,ben.zhang@example.com,Operations,02/03/2026 08:30,Delivered,No,0,0,,No
erp-golive-2026,farid.vargas3@example.com,Sales,02/03/2026 08:30,Delivered,No,2,0,02/03/2026 12:40,No
erp-golive-2026,aisha.jensen3@example.com,Marketing,02/03/2026 08:30,Delivered,No,0,0,,No
erp-golive-2026,dmitri.iyer@example.com,Operations,02/03/2026 08:30,Delivered,No,2,0,02/03/2026 10:24,No
erp-golive-2026,daniel.zhang@example.com,Manufacturing,02/03/2026 08:30,Delivered,No,0,0,,No
erp-golive-2026,zoe.rossi@example.com,Manufacturing,02/03/2026 08:30,Delivered,No,0,0,,No
erp-golive-2026,uma.hansen@example.com,Operations,02/03/2026 08:30,Delivered,No,1,0,03/03/2026 05:07,No
erp-golive-2026,tariq.okafor@example.com,Manufacturing,02/03/2026 08:30,Delivered,No,1,0,02/03/2026 09:50,No
erp-golive-2026,grace.novak@example.com,Finance,02/03/2026 08:30,Delivered,No,0,0,,No
erp-golive-2026,noah.garcia@example.com,Operations,02/03/2026 08:30,Delivered,No,0,0,,No
erp-golive-2026,uma.chen@example.com,Marketing,02/03/2026 08:30,Delivered,No,0,0,,No
erp-golive-2026,daniel.okafor@example.com,Legal,02/03/2026 08:30,Delivered,No,1,0,04/03/2026 13:09,No
erp-golive-2026,bruno.chen2@example.com,Operations,02/03/2026 08:30,Delivered,No,2,0,02/03/2026 09:55,No
erp-golive-2026,maya.dubois@example.com,Marketing,02/03/2026 08:30,Delivered,No,5,0,03/03/2026 04:50,No
erp-golive-2026,elena.muller2@example.com,Legal,02/03/2026 08:30,Delivered,No,1,0,03/03/2026 05:28,No
erp-golive-2026,jonas.rossi@example.com,Technology,02/03/2026 08:30,Delivered,No,2,0,02/03/2026 12:59,No
erp-golive-2026,kira.silva@example.com,Finance,02/03/2026 08:30,Delivered,No,0,0,,No
erp-golive-2026,wei.tanaka2@example.com,Technology,02/03/2026 08:30,Delivered,No,2,1,02/03/2026 10:02,No
erp-golive-2026,daniel.evans3@example.com,Marketing,02/03/2026 08:30,Delivered,No,1,1,02/03/2026 09:36,No
erp-golive-2026,kira.iyer@example.com,Manufacturing,02/03/2026 08:30,Delivered,No,0,0,,No
erp-golive-2026,ben.jensen@example.com,Finance,02/03/2026 08:30,Delivered,No,0,0,,No
erp-golive-2026,noah.iyer5@example.com,Sales,02/03/2026 08:30,Delivered,No,3,1,02/03/2026 13:14,No
erp-golive-2026,wei.fischer@example.com,Finance,02/03/2026 08:30,Delivered,No,1,1,02/03/2026 13:02,No
erp-golive-2026,bruno.tanaka@example.com,HR,02/03/2026 08:30,Delivered,No,2,0,02/03/2026 10:13,No
erp-golive-2026,maya.evans2@example.com,Operations,02/03/2026 08:30,Delivered,No,1,0,02/03/2026 09:37,No
erp-golive-2026,quinn.ahmed2@example.com,Manufacturing,02/03/2026 08:30,Delivered,No,0,0,,No
erp-golive-2026,aisha.jensen@example.com,Finance,02/03/2026 08:30,Delivered,No,0,0,,No
erp-golive-2026,kira.garcia@example.com,Technology,02/03/2026 08:30,Delivered,No,5,2,02/03/2026 09:44,No
erp-golive-2026,rosa.dubois@example.com,Manufacturing,02/03/2026 08:30,Delivered,No,0,0,,No
erp-golive-2026,rosa.muller@example.com,Sales,02/03/2026 08:30,Delivered,No,0,0,,No
erp-golive-2026,kira.ahmed@example.com,Marketing,02/03/2026 08:30,Delivered,No,1,0,02/03/2026 09:39,No
erp-golive-2026,amara.fischer3@example.com,Finance,02/03/2026 08:30,Delivered,No,0,0,,No
erp-golive-2026,olu.iyer@example.com,Technology,02/03/2026 08:30,Delivered,No,0,0,,No
erp-golive-2026,aisha.tanaka@example.com,Operations,02/03/2026 08:30,Delivered,No,5,0,02/03/2026 10:29,No
erp-golive-2026,bruno.garcia3@example.com,Manufacturing,02/03/2026 08:30,Delivered,No,0,0,,No
erp-golive-2026,dmitri.evans2@example.com,Marketing,02/03/2026 08:30,Delivered,No,2,1,02/03/2026 09:47,No
erp-golive-2026,maya.chen3@example.com,Manufacturing,02/03/2026 08:30,Delivered,No,1,0,02/03/2026 12:47,No
erp-golive-2026,olu.muller2@example.com,Technology,02/03/2026 08:30,Delivered,No,1,0,02/03/2026 09:38,No
erp-golive-2026,yusuf.chen@example.com,Technology,02/03/2026 08:30,Delivered,No,0,0,,No
erp-golive-2026,cara.walsh@example.com,Technology,02/03/2026 08:30,Delivered,No,0,0,,No
erp-golive-2026,rosa.okafor4@example.com,Marketing,02/03/2026 08:30,Delivered,No,3,1,04/03/2026 13:01,No
erp-golive-2026,tariq.kowalski@example.com,Operations,02/03/2026 08:30,Delivered,No,0,0,,No
erp-golive-2026,rosa.iyer2@example.com,Operations,02/03/2026 08:30,Delivered,No,0,0,,No
erp-golive-2026,zoe.okafor2@example.com,Manufacturing,02/03/2026 08:30,Delivered,No,0,0,,No
erp-golive-2026,ines.tanaka2@example.com,Legal,02/03/2026 08:30,Delivered,No,0,0,,No
erp-golive-2026,amara.novak3@example.com,Manufacturing,02/03/2026 08:30,Delivered,No,0,0,,No
erp-golive-2026,tariq.yilmaz@example.com,Manufacturing,02/03/2026 08:30,Delivered,No,0,0,,No
erp-golive-2026,ines.fischer3@example.com,Manufacturing,02/03/2026 08:30,Delivered,No,0,0,,No
erp-golive-2026,hiro.zhang5@example.com,Marketing,02/03/2026 08:30,Delivered,No,0,0,,No
erp-golive-2026,farid.rossi@example.com,Manufacturing,02/03/2026 08:30,Delivered,No,0,0,,No
erp-golive-2026,sam.okafor2@example.com,Finance,02/03/2026 08:30,Delivered,No,1,0,02/03/2026 09:53,Yes
erp-golive-2026,daniel.brown3@example.com,Operations,02/03/2026 08:30,Delivered,No,0,0,,No
erp-golive-2026,dmitri.dubois@example.com,Sales,02/03/2026 08:30,Delivered,No,0,0,,No
erp-golive-2026,sam.garcia2@example.com,Operations,02/03/2026 08:30,Delivered,No,0,0,,No
erp-golive-2026,olu.ueda@example.com,Marketing,02/03/2026 08:30,Delivered,No,5,2,02/03/2026 13:23,No
erp-golive-2026,yusuf.novak3@example.com,Finance,02/03/2026 08:30,Delivered,No,1,0,02/03/2026 09:45,No
erp-golive-2026,jonas.patel@example.com,Technology,02/03/2026 08:30,Delivered,No,0,0,,No
erp-golive-2026,noah.ueda@example.com,Technology,02/03/2026 08:30,Delivered,No,1,0,02/03/2026 09:43,No
erp-golive-2026,noah.iyer2@example.com,Manufacturing,02/03/2026 08:30,Delivered,No,3,0,03/03/2026 04:53,No
erp-golive-2026,uma.muller2@example.com,Finance,02/03/2026 08:30,Delivered,No,0,0,,No
erp-golive-2026,tariq.kowalski2@example.com,Technology,02/03/2026 08:30,Delivered,No,0,0,,No
erp-golive-2026,kira.okafor2@example.com,Sales,02/03/2026 08:30,Delivered,No,0,0,,No
erp-golive-2026,aisha.patel3@example.com,Finance,02/03/2026 08:30,Delivered,No,1,1,02/03/2026 13:25,No
erp-golive-2026,jonas.yilmaz2@example.com,Legal,02/03/2026 08:30,Delivered,No,0,0,,No
erp-golive-2026,yusuf.walsh2@example.com,Finance,02/03/2026 08:30,Delivered,No,1,1,03/03/2026 05:14,No
erp-golive-2026,rosa.ahmed@example.com,Marketing,02/03/2026 08:30,Delivered,No,3,0,02/03/2026 09:58,No
erp-golive-2026,priya.brown@example.com,Finance,02/03/2026 08:30,Delivered,No,0,0,,No
erp-golive-2026,ben.brown2@example.com,Sales,02/03/2026 08:30,Delivered,No,0,0,,No
erp-golive-2026,kira.rossi2@example.com,Operations,02/03/2026 08:30,Delivered,No,0,0,,No
erp-golive-2026,liam.jensen3@example.com,Sales,02/03/2026 08:30,Delivered,No,0,0,,No
erp-golive-2026,elena.ueda@example.com,HR,02/03/2026 08:30,Delivered,No,2,1,04/03/2026 12:51,No
erp-golive-2026,farid.muller2@example.com,Manufacturing,02/03/2026 08:30,Delivered,No,0,0,,No
erp-golive-2026,xenia.chen@example.com,Technology,02/03/2026 08:30,Delivered,No,0,0,,No
erp-golive-2026,aisha.patel2@example.com,Manufacturing,02/03/2026 08:30,Delivered,No,0,0,,No
erp-golive-2026,maya.yilmaz@example.com,Marketing,02/03/2026 08:30,Delivered,No,0,0,,No
erp-golive-2026,dmitri.walsh2@example.com,Sales,02/03/2026 08:30,Delivered,No,0,0,,No
erp-golive-2026,olu.jensen@example.com,Manufacturing,02/03/2026 08:30,Delivered,No,1,0,03/03/2026 04:51,No
erp-golive-2026,yusuf.dubois2@example.com,Finance,02/03/2026 08:30,Delivered,No,2,1,02/03/2026 13:23,No
erp-golive-2026,dmitri.yilmaz@example.com,Finance,02/03/2026 08:30,Delivered,No,3,1,02/03/2026 10:27,No
erp-golive-2026,farid.hansen@example.com,Manufacturing,02/03/2026 08:30,Delivered,No,0,0,,No
erp-golive-2026,grace.jensen3@example.com,HR,02/03/2026 08:30,Delivered,No,0,0,,No
erp-golive-2026,kira.zhang2@example.com,Manufacturing,02/03/2026 08:30,Delivered,No,1,0,02/03/2026 13:02,No
erp-golive-2026,sam.evans3@example.com,Manufacturing,02/03/2026 08:30,Delivered,No,0,0,,No
erp-golive-2026,cara.okafor@example.com,Sales,02/03/2026 08:30,Delivered,No,0,0,,No
erp-golive-2026,chloe.okafor2@example.com,Manufacturing,02/03/2026 08:30,Delivered,No,0,0,,No
erp-golive-2026,noah.patel@example.com,Marketing,02/03/2026 08:30,Delivered,No,0,0,,No
erp-golive-2026,jonas.muller@example.com,Finance,02/03/2026 08:30,Delivered,No,0,0,,No
erp-golive-2026,xenia.ahmed3@example.com,Manufacturing,02/03/2026 08:30,Delivered,No,0,0,,No
erp-golive-2026,viktor.patel6@example.com,Manufacturing,02/03/2026 08:30,Delivered,No,1,0,03/03/2026 05:11,No
erp-golive-2026,elena.lopez4@example.com,Operations,02/03/2026 08:30,Delivered,No,0,0,,No
erp-golive-2026,ben.silva@example.com,Operations,02/03/2026 08:30,Delivered,No,0,0,,No
erp-golive-2026,jonas.lopez@example.com,Marketing,02/03/2026 08:30,Bounced,Yes,0,0,,No
erp-golive-2026,olu.jensen5@example.com,Technology,02/03/2026 08:30,Delivered,No,0,0,,No
erp-golive-2026,cara.fischer2@example.com,Finance,02/03/2026 08:30,Delivered,No,0,0,,No
erp-golive-2026,viktor.brown3@example.com,Marketing,02/03/2026 08:30,Delivered,No,0,0,,No
erp-golive-2026,liam.novak3@example.com,Operations,02/03/2026 08:30,Delivered,No,1,0,03/03/2026 05:02,No
erp-golive-2026,aisha.ahmed3@example.com,Marketing,02/03/2026 08:30,Delivered,No,2,0,02/03/2026 12:56,No
erp-golive-2026,sam.silva2@example.com,HR,02/03/2026 08:30,Delivered,No,0,0,,No
erp-golive-2026,viktor.brown4@example.com,Technology,02/03/2026 08:30,Delivered,No,1,0,02/03/2026 13:01,No
erp-golive-2026,ben.dubois3@example.com,Operations,02/03/2026 08:30,Delivered,No,3,0,02/03/2026 10:19,No
erp-golive-2026,wei.iyer@example.com,Operations,02/03/2026 08:30,Delivered,No,0,0,,No
erp-golive-2026,hiro.chen2@example.com,Finance,02/03/2026 08:30,Bounced,Yes,0,0,,No
erp-golive-2026,amara.walsh2@example.com,Technology,02/03/2026 08:30,Delivered,No,0,0,,No
erp-golive-2026,quinn.ahmed@example.com,Manufacturing,02/03/2026 08:30,Delivered,No,0,0,,No
erp-golive-2026,maya.zhang@example.com,Technology,02/03/2026 08:30,Delivered,No,0,0,,No
erp-golive-2026,olu.fischer3@example.com,Marketing,02/03/2026 08:30,Delivered,No,0,0,,No
erp-golive-2026,olu.muller3@example.com,Operations,02/03/2026 08:30,Delivered,No,1,0,02/03/2026 10:18,No
erp-golive-2026,tariq.evans@example.com,Legal,02/03/2026 08:30,Delivered,No,0,0,,No
erp-golive-2026,grace.tanaka4@example.com,Operations,02/03/2026 08:30,Delivered,No,2,1,02/03/2026 13:13,No
erp-golive-2026,ben.rossi2@example.com,Sales,02/03/2026 08:30,Delivered,No,0,0,,No
erp-golive-2026,uma.ahmed2@example.com,Manufacturing,02/03/2026 08:30,Delivered,No,0,0,,No
erp-golive-2026,hiro.lopez2@example.com,Technology,02/03/2026 08:30,Delivered,No,0,0,,No
erp-golive-2026,quinn.okafor@example.com,HR,02/03/2026 08:30,Bounced,Yes,0,0,,No
erp-golive-2026,sam.yilmaz@example.com,Manufacturing,02/03/2026 08:30,Delivered,No,0,0,,No
erp-golive-2026,ben.patel@example.com,Technology,02/03/2026 08:30,Delivered,No,1,0,02/03/2026 09:52,No
erp-golive-2026,grace.dubois2@example.com,Marketing,02/03/2026 08:30,Delivered,No,1,0,03/03/2026 05:28,No
erp-golive-2026,xenia.rossi@example.com,Marketing,02/03/2026 08:30,Delivered,No,1,0,02/03/2026 09:52,No
erp-golive-2026,wei.chen2@example.com,Technology,02/03/2026 08:30,Delivered,No,1,0,02/03/2026 10:01,No
erp-golive-2026,elena.novak2@example.com,Sales,02/03/2026 08:30,Delivered,No,0,0,,No
erp-golive-2026,xenia.dubois@example.com,Technology,02/03/2026 08:30,Delivered,No,2,0,04/03/2026 13:11,No
erp-golive-2026,elena.patel@example.com,Manufacturing,02/03/2026 08:30,Delivered,No,0,0,,No
erp-golive-2026,amara.walsh3@example.com,Manufacturing,02/03/2026 08:30,Delivered,No,1,0,02/03/2026 09:39,No
erp-golive-2026,viktor.vargas2@example.com,Manufacturing,02/03/2026 08:30,Delivered,No,0,0,,No
erp-golive-2026,yusuf.dubois@example.com,Manufacturing,02/03/2026 08:30,Delivered,No,1,2,02/03/2026 13:24,No
erp-golive-2026,uma.patel@example.com,Manufacturing,02/03/2026 08:30,Delivered,No,1,0,03/03/2026 04:49,No
erp-golive-2026,chloe.patel2@example.com,Sales,02/03/2026 08:30,Delivered,No,2,0,02/03/2026 13:27,No
erp-golive-2026,wei.silva2@example.com,Manufacturing,02/03/2026 08:30,Delivered,No,0,0,,No
erp-golive-2026,xenia.yilmaz2@example.com,Manufacturing,02/03/2026 08:30,Delivered,No,1,0,02/03/2026 10:29,No
erp-golive-2026,chloe.hansen2@example.com,Operations,02/03/2026 08:30,Delivered,No,2,0,02/03/2026 10:00,No
erp-golive-2026,cara.jensen@example.com,Operations,02/03/2026 08:30,Delivered,No,0,0,,No
erp-golive-2026,ben.silva3@example.com,Operations,02/03/2026 08:30,Bounced,Yes,0,0,,No
erp-golive-2026,quinn.iyer2@example.com,Technology,02/03/2026 08:30,Delivered,No,3,0,02/03/2026 09:55,No
erp-golive-2026,noah.iyer3@example.com,Technology,02/03/2026 08:30,Delivered,No,0,0,,No
erp-golive-2026,rosa.walsh2@example.com,Technology,02/03/2026 08:30,Delivered,No,0,0,,No
erp-golive-2026,grace.jensen@example.com,Finance,02/03/2026 08:30,Delivered,No,0,0,,No
erp-golive-2026,olu.evans2@example.com,Finance,02/03/2026 08:30,Delivered,No,0,0,,No
erp-golive-2026,maya.hansen4@example.com,Marketing,02/03/2026 08:30,Delivered,No,0,0,,No
erp-golive-2026,priya.evans2@example.com,Marketing,02/03/2026 08:30,Delivered,No,0,0,,No
erp-golive-2026,yusuf.kowalski@example.com,Operations,02/03/2026 08:30,Delivered,No,0,0,,No
erp-golive-2026,amara.walsh4@example.com,Marketing,02/03/2026 08:30,Delivered,No,1,0,02/03/2026 09:31,No
erp-golive-2026,quinn.yilmaz4@example.com,Technology,02/03/2026 08:30,Delivered,No,0,0,,No
erp-golive-2026,rosa.evans@example.com,Sales,02/03/2026 08:30,Delivered,No,0,0,,No
erp-golive-2026,viktor.evans@example.com,Marketing,02/03/2026 08:30,Delivered,No,2,1,02/03/2026 09:30,No
erp-golive-2026,zoe.patel@example.com,Manufacturing,02/03/2026 08:30,Delivered,No,0,0,,No
erp-golive-2026,hiro.evans@example.com,HR,02/03/2026 08:30,Delivered,No,1,1,02/03/2026 12:45,No
erp-golive-2026,jonas.lopez2@example.com,Operations,02/03/2026 08:30,Delivered,No,0,0,,No
erp-golive-2026,farid.lopez@example.com,Finance,02/03/2026 08:30,Delivered,No,1,0,02/03/2026 09:42,No
erp-golive-2026,xenia.chen4@example.com,Operations,02/03/2026 08:30,Delivered,No,1,0,02/03/2026 09:51,No
erp-golive-2026,wei.brown2@example.com,Manufacturing,02/03/2026 08:30,Delivered,No,0,0,,No
erp-golive-2026,olu.jensen4@example.com,Marketing,02/03/2026 08:30,Delivered,No,1,0,04/03/2026 12:58,No
erp-golive-2026,rosa.ueda@example.com,Operations,02/03/2026 08:30,Delivered,No,1,0,02/03/2026 13:04,No
erp-golive-2026,hiro.lopez4@example.com,Manufacturing,02/03/2026 08:30,Delivered,No,3,0,03/03/2026 05:26,No
erp-golive-2026,bruno.ueda@example.com,Technology,02/03/2026 08:30,Delivered,No,2,0,02/03/2026 13:25,No
erp-golive-2026,daniel.ueda5@example.com,Finance,02/03/2026 08:30,Delivered,No,0,0,,No
erp-golive-2026,sam.hansen@example.com,Sales,02/03/2026 08:30,Delivered,No,1,0,02/03/2026 12:47,No
erp-golive-2026,tariq.fischer@example.com,Sales,02/03/2026 08:30,Delivered,No,1,0,04/03/2026 13:18,No
erp-golive-2026,priya.jensen3@example.com,Technology,02/03/2026 08:30,Delivered,No,0,0,,No
erp-golive-2026,bruno.chen@example.com,Manufacturing,02/03/2026 08:30,Delivered,No,0,0,,No
erp-golive-2026,noah.zhang@example.com,Manufacturing,02/03/2026 08:30,Delivered,No,0,0,,No
erp-golive-2026,priya.kowalski2@example.com,Operations,02/03/2026 08:30,Delivered,No,0,0,,No
erp-golive-2026,xenia.tanaka@example.com,Technology,02/03/2026 08:30,Delivered,No,0,0,,No
erp-golive-2026,elena.lopez3@example.com,Sales,02/03/2026 08:30,Delivered,No,1,1,02/03/2026 09:49,No
erp-golive-2026,bruno.dubois2@example.com,Operations,02/03/2026 08:30,Delivered,No,0,0,,No
erp-golive-2026,zoe.novak@example.com,Manufacturing,02/03/2026 08:30,Delivered,No,0,0,,No
erp-golive-2026,kira.evans3@example.com,Manufacturing,02/03/2026 08:30,Delivered,No,0,0,,No
erp-golive-2026,cara.muller@example.com,Manufacturing,02/03/2026 08:30,Delivered,No,0,0,,No
erp-golive-2026,sam.tanaka@example.com,Finance,02/03/2026 08:30,Delivered,No,0,0,,No
erp-golive-2026,amara.dubois@example.com,Technology,02/03/2026 08:30,Delivered,No,1,2,03/03/2026 05:15,No
erp-golive-2026,aisha.brown3@example.com,Technology,02/03/2026 08:30,Delivered,No,1,0,02/03/2026 10:01,No
erp-golive-2026,dmitri.ahmed3@example.com,Technology,02/03/2026 08:30,Delivered,No,1,0,02/03/2026 10:12,No
erp-golive-2026,grace.okafor@example.com,Manufacturing,02/03/2026 08:30,Delivered,No,1,0,04/03/2026 12:35,No
erp-golive-2026,grace.lopez@example.com,Marketing,02/03/2026 08:30,Delivered,No,2,0,02/03/2026 10:01,No
erp-golive-2026,xenia.iyer@example.com,Manufacturing,02/03/2026 08:30,Delivered,No,0,0,,No
erp-golive-2026,farid.brown@example.com,Marketing,02/03/2026 08:30,Bounced,Yes,0,0,,No
erp-golive-2026,noah.lopez@example.com,Operations,02/03/2026 08:30,Delivered,No,5,0,02/03/2026 10:12,No
erp-golive-2026,priya.okafor2@example.com,Sales,02/03/2026 08:30,Delivered,No,1,1,02/03/2026 12:35,No
erp-golive-2026,wei.muller@example.com,Sales,02/03/2026 08:30,Delivered,No,0,0,,No
erp-golive-2026,daniel.iyer@example.com,Manufacturing,02/03/2026 08:30,Delivered,No,0,0,,No
erp-golive-2026,daniel.silva2@example.com,Manufacturing,02/03/2026 08:30,Delivered,No,0,0,,No
erp-golive-2026,maya.hansen2@example.com,Technology,02/03/2026 08:30,Delivered,No,1,0,02/03/2026 13:14,No
erp-golive-2026,amara.lopez3@example.com,Technology,02/03/2026 08:30,Delivered,No,0,0,,No
erp-golive-2026,wei.rossi3@example.com,Sales,02/03/2026 08:30,Delivered,No,1,0,02/03/2026 09:48,No
erp-golive-2026,ines.muller2@example.com,Sales,02/03/2026 08:30,Delivered,No,5,0,02/03/2026 09:38,No
erp-golive-2026,cara.kowalski4@example.com,Manufacturing,02/03/2026 08:30,Delivered,No,0,0,,No
erp-golive-2026,kira.muller@example.com,Manufacturing,02/03/2026 08:30,Delivered,No,1,0,02/03/2026 12:46,No
erp-golive-2026,xenia.lopez@example.com,Manufacturing,02/03/2026 08:30,Delivered,No,0,0,,No
erp-golive-2026,grace.hansen2@example.com,Operations,02/03/2026 08:30,Delivered,No,0,0,,No
erp-golive-2026,cara.garcia@example.com,Marketing,02/03/2026 08:30,Delivered,No,0,0,,No
erp-golive-2026,jonas.walsh@example.com,Manufacturing,02/03/2026 08:30,Delivered,No,0,0,,No
erp-golive-2026,grace.tanaka2@example.com,Technology,02/03/2026 08:30,Delivered,No,0,0,,No
erp-golive-2026,maya.hansen5@example.com,Operations,02/03/2026 08:30,Bounced,Yes,0,0,,No
erp-golive-2026,priya.yilmaz@example.com,Finance,02/03/2026 08:30,Delivered,No,1,1,02/03/2026 10:14,No
erp-golive-2026,tariq.yilmaz2@example.com,Manufacturing,02/03/2026 08:30,Delivered,No,0,0,,No
erp-golive-2026,viktor.patel@example.com,Finance,02/03/2026 08:30,Delivered,No,1,1,02/03/2026 12:55,No
erp-golive-2026,bruno.kowalski2@example.com,Manufacturing,02/03/2026 08:30,Delivered,No,0,0,,No
erp-golive-2026,cara.iyer2@example.com,Operations,02/03/2026 08:30,Delivered,No,1,0,04/03/2026 13:12,No
erp-golive-2026,grace.yilmaz2@example.com,HR,02/03/2026 08:30,Delivered,No,1,0,02/03/2026 10:02,No
erp-golive-2026,viktor.novak@example.com,HR,02/03/2026 08:30,Delivered,No,1,1,02/03/2026 10:28,No
erp-golive-2026,rosa.hansen@example.com,Marketing,02/03/2026 08:30,Delivered,No,0,0,,No
erp-golive-2026,rosa.chen@example.com,Manufacturing,02/03/2026 08:30,Delivered,No,0,0,,No
erp-golive-2026,quinn.ueda@example.com,Manufacturing,02/03/2026 08:30,Delivered,No,1,0,02/03/2026 12:53,No
erp-golive-2026,uma.zhang@example.com,Technology,02/03/2026 08:30,Delivered,No,0,0,,No
erp-golive-2026,aisha.novak2@example.com,Manufacturing,02/03/2026 08:30,Delivered,No,0,0,,No
erp-golive-2026,ines.muller@example.com,Sales,02/03/2026 08:30,Delivered,No,0,0,,No
erp-golive-2026,daniel.lopez@example.com,Marketing,02/03/2026 08:30,Delivered,No,0,0,,No
erp-golive-2026,ben.muller@example.com,Manufacturing,02/03/2026 08:30,Delivered,No,1,4,04/03/2026 13:13,No
erp-golive-2026,chloe.evans@example.com,Finance,02/03/2026 08:30,Delivered,No,0,0,,No
erp-golive-2026,noah.rossi2@example.com,Operations,02/03/2026 08:30,Delivered,No,0,0,,No
erp-golive-2026,chloe.muller2@example.com,Operations,02/03/2026 08:30,Delivered,No,0,0,,No
erp-golive-2026,xenia.evans2@example.com,Technology,02/03/2026 08:30,Delivered,No,1,2,03/03/2026 05:12,No
erp-golive-2026,quinn.muller@example.com,Manufacturing,02/03/2026 08:30,Delivered,No,1,0,02/03/2026 12:54,No
erp-golive-2026,liam.novak@example.com,Manufacturing,02/03/2026 08:30,Delivered,No,0,0,,No
erp-golive-2026,amara.jensen2@example.com,Marketing,02/03/2026 08:30,Delivered,No,1,0,02/03/2026 10:13,No
erp-golive-2026,olu.chen@example.com,Manufacturing,02/03/2026 08:30,Delivered,No,0,0,,No
erp-golive-2026,priya.hansen@example.com,Finance,02/03/2026 08:30,Delivered,No,1,0,02/03/2026 09:46,No
erp-golive-2026,farid.fischer@example.com,Marketing,02/03/2026 08:30,Delivered,No,1,0,02/03/2026 10:04,No
erp-golive-2026,rosa.yilmaz2@example.com,Finance,02/03/2026 08:30,Delivered,No,0,0,,No
erp-golive-2026,aisha.ueda@example.com,Manufacturing,02/03/2026 08:30,Delivered,No,0,0,,No
erp-golive-2026,kira.zhang@example.com,HR,02/03/2026 08:30,Delivered,No,0,0,,No
erp-golive-2026,maya.chen@example.com,Sales,02/03/2026 08:30,Delivered,No,1,2,02/03/2026 10:14,No
erp-golive-2026,chloe.ahmed@example.com,Technology,02/03/2026 08:30,Delivered,No,1,0,03/03/2026 05:12,No
erp-golive-2026,grace.iyer@example.com,Legal,02/03/2026 08:30,Delivered,No,1,0,03/03/2026 04:51,No
erp-golive-2026,cara.vargas@example.com,Technology,02/03/2026 08:30,Delivered,No,1,0,02/03/2026 10:02,No
erp-golive-2026,wei.rossi@example.com,Manufacturing,02/03/2026 08:30,Delivered,No,0,0,,No
erp-golive-2026,maya.brown2@example.com,Sales,02/03/2026 08:30,Delivered,No,0,0,,No
erp-golive-2026,amara.rossi3@example.com,Manufacturing,02/03/2026 08:30,Delivered,No,0,0,,No
erp-golive-2026,maya.rossi@example.com,Operations,02/03/2026 08:30,Delivered,No,0,0,,No
erp-golive-2026,farid.walsh@example.com,Manufacturing,02/03/2026 08:30,Delivered,No,0,0,,No
erp-golive-2026,aisha.silva3@example.com,Manufacturing,02/03/2026 08:30,Delivered,No,0,0,,No
erp-golive-2026,liam.ueda2@example.com,Operations,02/03/2026 08:30,Delivered,No,0,0,,No
erp-golive-2026,xenia.garcia2@example.com,Operations,02/03/2026 08:30,Delivered,No,0,0,,No
erp-golive-2026,xenia.fischer3@example.com,Manufacturing,02/03/2026 08:30,Delivered,No,0,0,,No
erp-golive-2026,noah.iyer4@example.com,Technology,02/03/2026 08:30,Delivered,No,0,0,,No
erp-golive-2026,bruno.patel@example.com,Sales,02/03/2026 08:30,Delivered,No,0,0,,No
erp-golive-2026,quinn.jensen@example.com,Sales,02/03/2026 08:30,Delivered,No,0,0,,No
erp-golive-2026,yusuf.lopez2@example.com,Sales,02/03/2026 08:30,Delivered,No,0,0,,No
erp-golive-2026,jonas.iyer3@example.com,Operations,02/03/2026 08:30,Delivered,No,0,0,,No
erp-golive-2026,grace.zhang@example.com,Technology,02/03/2026 08:30,Delivered,No,1,0,02/03/2026 12:38,No
erp-golive-2026,wei.kowalski@example.com,Sales,02/03/2026 08:30,Delivered,No,0,0,,No
erp-golive-2026,priya.ueda@example.com,Operations,02/03/2026 08:30,Delivered,No,0,0,,No
erp-golive-2026,grace.hansen@example.com,Manufacturing,02/03/2026 08:30,Delivered,No,0,0,,No
erp-golive-2026,daniel.chen4@example.com,Marketing,02/03/2026 08:30,Delivered,No,1,2,02/03/2026 13:08,No
erp-golive-2026,noah.iyer@example.com,Finance,02/03/2026 08:30,Delivered,No,0,0,,No
erp-golive-2026,farid.vargas2@example.com,Operations,02/03/2026 08:30,Delivered,No,0,0,,No
erp-golive-2026,elena.hansen@example.com,Legal,02/03/2026 08:30,Delivered,No,2,4,04/03/2026 13:16,No
erp-golive-2026,bruno.rossi2@example.com,Manufacturing,02/03/2026 08:30,Delivered,No,0,0,,No
erp-golive-2026,daniel.ueda4@example.com,Manufacturing,02/03/2026 08:30,Delivered,No,0,0,,No
erp-golive-2026,zoe.brown2@example.com,Finance,02/03/2026 08:30,Delivered,No,0,0,,No
erp-golive-2026,ben.zhang3@example.com,Sales,02/03/2026 08:30,Delivered,No,0,0,,No
erp-golive-2026,maya.tanaka@example.com,Manufacturing,02/03/2026 08:30,Delivered,No,0,0,,No
erp-golive-2026,hiro.yilmaz2@example.com,Legal,02/03/2026 08:30,Delivered,No,2,0,04/03/2026 13:25,No
erp-golive-2026,aisha.rossi@example.com,Sales,02/03/2026 08:30,Delivered,No,1,1,02/03/2026 09:51,No
erp-golive-2026,kira.okafor3@example.com,Sales,02/03/2026 08:30,Delivered,No,1,1,02/03/2026 13:06,No
erp-golive-2026,wei.hansen2@example.com,Sales,02/03/2026 08:30,Delivered,No,0,0,,No
erp-golive-2026,noah.tanaka3@example.com,Manufacturing,02/03/2026 08:30,Delivered,No,0,0,,No
erp-golive-2026,tariq.kowalski3@example.com,Legal,02/03/2026 08:30,Delivered,No,0,0,,No
erp-golive-2026,maya.fischer@example.com,Manufacturing,02/03/2026 08:30,Delivered,No,0,0,,No
erp-golive-2026,hiro.rossi@example.com,HR,02/03/2026 08:30,Delivered,No,1,0,02/03/2026 10:21,No
erp-golive-2026,hiro.walsh2@example.com,Technology,02/03/2026 08:30,Delivered,No,0,0,,No
erp-golive-2026,kira.vargas@example.com,Legal,02/03/2026 08:30,Delivered,No,1,0,02/03/2026 09:34,No
erp-golive-2026,noah.vargas@example.com,Manufacturing,02/03/2026 08:30,Delivered,No,0,0,,No
erp-golive-2026,wei.kowalski2@example.com,HR,02/03/2026 08:30,Delivered,No,1,1,02/03/2026 09:59,No
erp-golive-2026,noah.tanaka@example.com,Manufacturing,02/03/2026 08:30,Delivered,No,0,0,,No
erp-golive-2026,zoe.zhang2@example.com,Marketing,02/03/2026 08:30,Delivered,No,0,0,,No
erp-golive-2026,xenia.zhang@example.com,Legal,02/03/2026 08:30,Delivered,No,1,0,02/03/2026 13:08,No
erp-golive-2026,farid.fischer3@example.com,Operations,02/03/2026 08:30,Delivered,No,0,0,,No
erp-golive-2026,wei.dubois2@example.com,Operations,02/03/2026 08:30,Delivered,No,0,0,,No
erp-golive-2026,elena.muller@example.com,Operations,02/03/2026 08:30,Delivered,No,1,1,02/03/2026 12:52,No
erp-golive-2026,ben.hansen@example.com,Manufacturing,02/03/2026 08:30,Delivered,No,0,0,,No
erp-golive-2026,jonas.dubois@example.com,Manufacturing,02/03/2026 08:30,Delivered,No,0,0,,No
erp-golive-2026,viktor.zhang2@example.com,Sales,02/03/2026 08:30,Delivered,No,0,0,,No
erp-golive-2026,aisha.jensen2@example.com,Technology,02/03/2026 08:30,Delivered,No,2,0,03/03/2026 05:06,No
erp-golive-2026,ines.jensen@example.com,Operations,02/03/2026 08:30,Delivered,No,1,0,03/03/2026 05:15,No
erp-golive-2026,uma.ueda@example.com,Manufacturing,02/03/2026 08:30,Delivered,No,0,0,,No
erp-golive-2026,jonas.kowalski3@example.com,Manufacturing,02/03/2026 08:30,Delivered,No,0,0,,No
erp-golive-2026,noah.muller@example.com,Legal,02/03/2026 08:30,Delivered,No,0,0,,No
erp-golive-2026,amara.silva2@example.com,Manufacturing,02/03/2026 08:30,Delivered,No,0,0,,No
erp-golive-2026,farid.fischer2@example.com,Manufacturing,02/03/2026 08:30,Delivered,No,0,0,,No
erp-golive-2026,farid.garcia@example.com,Manufacturing,02/03/2026 08:30,Delivered,No,1,0,02/03/2026 10:01,No
erp-golive-2026,wei.zhang@example.com,Finance,02/03/2026 08:30,Delivered,No,0,0,,No
erp-golive-2026,viktor.walsh2@example.com,Operations,02/03/2026 08:30,Delivered,No,0,0,,No
erp-golive-2026,ben.walsh4@example.com,HR,02/03/2026 08:30,Delivered,No,1,0,04/03/2026 12:36,No
erp-golive-2026,priya.lopez@example.com,Manufacturing,02/03/2026 08:30,Delivered,No,0,0,,No
erp-golive-2026,sam.iyer@example.com,Operations,02/03/2026 08:30,Delivered,No,0,0,,No
erp-golive-2026,dmitri.ahmed2@example.com,Operations,02/03/2026 08:30,Delivered,No,0,0,,No
erp-golive-2026,hiro.chen3@example.com,Finance,02/03/2026 08:30,Delivered,No,0,0,,No
erp-golive-2026,ben.fischer@example.com,Operations,02/03/2026 08:30,Delivered,No,0,0,,No
erp-golive-2026,farid.okafor@example.com,Marketing,02/03/2026 08:30,Delivered,No,1,0,03/03/2026 04:35,No
erp-golive-2026,farid.hansen5@example.com,Manufacturing,02/03/2026 08:30,Delivered,No,2,0,02/03/2026 10:11,No
erp-golive-2026,grace.tanaka@example.com,Marketing,02/03/2026 08:30,Delivered,No,1,0,02/03/2026 10:27,No
erp-golive-2026,ben.zhang4@example.com,Finance,02/03/2026 08:30,Delivered,No,0,0,,No
erp-golive-2026,ben.walsh3@example.com,Sales,02/03/2026 08:30,Delivered,No,1,0,02/03/2026 10:21,No
erp-golive-2026,amara.garcia@example.com,HR,02/03/2026 08:30,Delivered,No,1,0,02/03/2026 13:10,No
erp-golive-2026,hiro.lopez3@example.com,Marketing,02/03/2026 08:30,Delivered,No,0,0,,No
erp-golive-2026,ben.silva2@example.com,Marketing,02/03/2026 08:30,Delivered,No,0,0,,No
erp-golive-2026,kira.jensen2@example.com,Manufacturing,02/03/2026 08:30,Delivered,No,0,0,,No
erp-golive-2026,grace.yilmaz3@example.com,Technology,02/03/2026 08:30,Delivered,No,1,0,02/03/2026 13:14,No
erp-golive-2026,noah.dubois@example.com,Operations,02/03/2026 08:30,Delivered,No,0,0,,No
erp-golive-2026,hiro.rossi2@example.com,Marketing,02/03/2026 08:30,Delivered,No,0,0,,No
erp-golive-2026,tariq.hansen@example.com,Marketing,02/03/2026 08:30,Delivered,No,1,0,04/03/2026 12:49,No
erp-golive-2026,hiro.zhang4@example.com,Manufacturing,02/03/2026 08:30,Delivered,No,1,0,02/03/2026 10:05,No
erp-golive-2026,dmitri.muller@example.com,Operations,02/03/2026 08:30,Delivered,No,0,0,,No
erp-golive-2026,jonas.vargas@example.com,Sales,02/03/2026 08:30,Delivered,No,0,0,,No
erp-golive-2026,zoe.hansen@example.com,Operations,02/03/2026 08:30,Delivered,No,2,0,02/03/2026 09:48,No
erp-golive-2026,aisha.ahmed@example.com,Operations,02/03/2026 08:30,Delivered,No,0,0,,No
erp-golive-2026,grace.dubois4@example.com,Legal,02/03/2026 08:30,Delivered,No,1,2,02/03/2026 13:05,No
erp-golive-2026,dmitri.patel@example.com,Sales,02/03/2026 08:30,Delivered,No,0,0,,No
erp-golive-2026,yusuf.vargas@example.com,Operations,02/03/2026 08:30,Delivered,No,0,0,,No
erp-golive-2026,cara.kowalski@example.com,Operations,02/03/2026 08:30,Delivered,No,2,1,02/03/2026 13:15,No
erp-golive-2026,rosa.okafor@example.com,Marketing,02/03/2026 08:30,Delivered,No,0,0,,No
erp-golive-2026,dmitri.zhang@example.com,Operations,02/03/2026 08:30,Delivered,No,1,0,04/03/2026 13:25,No
erp-golive-2026,kira.walsh@example.com,Manufacturing,02/03/2026 08:30,Delivered,No,3,0,02/03/2026 10:17,No
erp-golive-2026,cara.zhang@example.com,Operations,02/03/2026 08:30,Delivered,No,0,0,,No
erp-golive-2026,tariq.evans2@example.com,Sales,02/03/2026 08:30,Delivered,No,0,0,,No
erp-golive-2026,dmitri.evans@example.com,Manufacturing,02/03/2026 08:30,Delivered,No,0,0,,No
erp-golive-2026,chloe.okafor@example.com,Sales,02/03/2026 08:30,Delivered,No,0,0,,No
erp-golive-2026,ben.evans2@example.com,Legal,02/03/2026 08:30,Bounced,Yes,0,0,,No
erp-golive-2026,jonas.zhang2@example.com,Finance,02/03/2026 08:30,Delivered,No,1,1,03/03/2026 04:57,No
erp-golive-2026,cara.silva3@example.com,Sales,02/03/2026 08:30,Delivered,No,0,0,,No
erp-golive-2026,daniel.silva@example.com,Finance,02/03/2026 08:30,Delivered,No,0,0,,No
erp-golive-2026,hiro.patel@example.com,HR,02/03/2026 08:30,Delivered,No,0,0,,No
erp-golive-2026,dmitri.garcia@example.com,Manufacturing,02/03/2026 08:30,Delivered,No,0,0,,No
erp-golive-2026,chloe.silva@example.com,Legal,02/03/2026 08:30,Delivered,No,2,0,04/03/2026 12:53,No
erp-golive-2026,wei.fischer3@example.com,Manufacturing,02/03/2026 08:30,Delivered,No,1,0,02/03/2026 09:45,No
erp-golive-2026,amara.hansen@example.com,Manufacturing,02/03/2026 08:30,Delivered,No,1,0,03/03/2026 05:12,No
erp-golive-2026,yusuf.silva@example.com,Technology,02/03/2026 08:30,Delivered,No,1,0,02/03/2026 12:54,No
erp-golive-2026,amara.fischer@example.com,Marketing,02/03/2026 08:30,Delivered,No,1,0,02/03/2026 10:26,No
erp-golive-2026,xenia.walsh3@example.com,Operations,02/03/2026 08:30,Delivered,No,2,1,03/03/2026 04:50,No
erp-golive-2026,olu.okafor2@example.com,Finance,02/03/2026 08:30,Delivered,No,2,2,02/03/2026 13:16,No
erp-golive-2026,olu.evans@example.com,Technology,02/03/2026 08:30,Delivered,No,1,1,02/03/2026 10:11,No
erp-golive-2026,bruno.rossi@example.com,Operations,02/03/2026 08:30,Delivered,No,1,0,03/03/2026 04:36,No
erp-golive-2026,maya.kowalski@example.com,Manufacturing,02/03/2026 08:30,Delivered,No,0,0,,No
erp-golive-2026,hiro.vargas3@example.com,Marketing,02/03/2026 08:30,Delivered,No,0,0,,No
erp-golive-2026,noah.tanaka2@example.com,Legal,02/03/2026 08:30,Delivered,No,1,0,02/03/2026 09:40,No
erp-golive-2026,daniel.patel@example.com,HR,02/03/2026 08:30,Delivered,No,0,0,,No
erp-golive-2026,kira.ahmed3@example.com,Sales,02/03/2026 08:30,Delivered,No,0,0,,No
erp-golive-2026,hiro.silva2@example.com,Technology,02/03/2026 08:30,Delivered,No,1,0,02/03/2026 13:09,No
erp-golive-2026,maya.chen4@example.com,Finance,02/03/2026 08:30,Delivered,No,0,0,,No
erp-golive-2026,hiro.lopez@example.com,Legal,02/03/2026 08:30,Delivered,No,1,0,02/03/2026 09:32,No
erp-golive-2026,hiro.iyer2@example.com,Operations,02/03/2026 08:30,Delivered,No,0,0,,No
erp-golive-2026,farid.hansen4@example.com,Technology,02/03/2026 08:30,Delivered,No,1,0,04/03/2026 13:03,No
erp-golive-2026,rosa.ahmed3@example.com,Operations,02/03/2026 08:30,Delivered,No,0,0,,No
erp-golive-2026,zoe.jensen2@example.com,Marketing,02/03/2026 08:30,Delivered,No,0,0,,No
erp-golive-2026,viktor.zhang3@example.com,Marketing,02/03/2026 08:30,Delivered,No,1,2,02/03/2026 10:02,No
erp-golive-2026,tariq.zhang2@example.com,Manufacturing,02/03/2026 08:30,Delivered,No,0,0,,No
erp-golive-2026,sam.silva3@example.com,Operations,02/03/2026 08:30,Delivered,No,0,0,,No
erp-golive-2026,noah.evans@example.com,HR,02/03/2026 08:30,Delivered,No,1,0,04/03/2026 13:14,No
erp-golive-2026,elena.rossi3@example.com,Manufacturing,02/03/2026 08:30,Delivered,No,0,0,,No
erp-golive-2026,tariq.fischer3@example.com,Marketing,02/03/2026 08:30,Delivered,No,0,0,,No
erp-golive-2026,bruno.chen3@example.com,HR,02/03/2026 08:30,Delivered,No,0,0,,No
erp-golive-2026,ines.yilmaz@example.com,Technology,02/03/2026 08:30,Delivered,No,1,0,02/03/2026 13:02,No
erp-golive-2026,liam.garcia3@example.com,Operations,02/03/2026 08:30,Delivered,No,1,0,03/03/2026 05:07,No
erp-golive-2026,uma.chen4@example.com,Manufacturing,02/03/2026 08:30,Delivered,No,0,0,,No
erp-golive-2026,dmitri.silva@example.com,Operations,02/03/2026 08:30,Delivered,No,3,0,02/03/2026 12:53,No
erp-golive-2026,jonas.walsh2@example.com,Operations,02/03/2026 08:30,Delivered,No,0,0,,No
erp-golive-2026,yusuf.novak2@example.com,Legal,02/03/2026 08:30,Bounced,Yes,0,0,,No
erp-golive-2026,daniel.hansen@example.com,Manufacturing,02/03/2026 08:30,Delivered,No,0,0,,No
erp-golive-2026,viktor.kowalski@example.com,HR,02/03/2026 08:30,Delivered,No,3,0,02/03/2026 13:28,No
erp-golive-2026,maya.patel@example.com,Operations,02/03/2026 08:30,Delivered,No,0,0,,No
erp-golive-2026,elena.ahmed@example.com,Manufacturing,02/03/2026 08:30,Delivered,No,0,0,,No
erp-golive-2026,hiro.vargas2@example.com,Manufacturing,02/03/2026 08:30,Delivered,No,0,0,,No
erp-golive-2026,kira.ueda3@example.com,Sales,02/03/2026 08:30,Delivered,No,0,0,,No
erp-golive-2026,farid.patel2@example.com,Manufacturing,02/03/2026 08:30,Delivered,No,0,0,,No
erp-golive-2026,chloe.brown2@example.com,Marketing,02/03/2026 08:30,Delivered,No,0,0,,No
erp-golive-2026,chloe.ueda2@example.com,Operations,02/03/2026 08:30,Delivered,No,0,0,,No
erp-golive-2026,zoe.kowalski2@example.com,Finance,02/03/2026 08:30,Delivered,No,5,0,02/03/2026 10:01,No
erp-golive-2026,daniel.fischer@example.com,Finance,02/03/2026 08:30,Delivered,No,1,0,04/03/2026 12:58,No
erp-golive-2026,ines.tanaka3@example.com,Operations,02/03/2026 08:30,Delivered,No,0,0,,No
erp-golive-2026,priya.muller@example.com,Finance,02/03/2026 08:30,Delivered,No,1,1,03/03/2026 05:02,No
erp-golive-2026,olu.jensen3@example.com,Technology,02/03/2026 08:30,Delivered,No,2,0,02/03/2026 09:57,No
erp-golive-2026,aisha.rossi3@example.com,Finance,02/03/2026 08:30,Bounced,Yes,0,0,,No
erp-golive-2026,zoe.jensen@example.com,Legal,02/03/2026 08:30,Delivered,No,0,0,,No
erp-golive-2026,sam.patel@example.com,Operations,02/03/2026 08:30,Delivered,No,1,0,02/03/2026 09:30,No
erp-golive-2026,zoe.dubois@example.com,Operations,02/03/2026 08:30,Delivered,No,0,0,,No
erp-golive-2026,kira.novak2@example.com,Manufacturing,02/03/2026 08:30,Delivered,No,0,0,,No
erp-golive-2026,noah.silva@example.com,Technology,02/03/2026 08:30,Delivered,No,0,0,,No
erp-golive-2026,liam.okafor2@example.com,HR,02/03/2026 08:30,Delivered,No,0,0,,No
erp-golive-2026,noah.evans3@example.com,Manufacturing,02/03/2026 08:30,Delivered,No,1,0,02/03/2026 13:06,No
erp-golive-2026,noah.zhang2@example.com,Technology,02/03/2026 08:30,Delivered,No,0,0,,No
erp-golive-2026,yusuf.brown@example.com,Manufacturing,02/03/2026 08:30,Delivered,No,5,0,02/03/2026 10:12,No
erp-golive-2026,uma.jensen@example.com,Manufacturing,02/03/2026 08:30,Delivered,No,0,0,,No
erp-golive-2026,ben.rossi3@example.com,Operations,02/03/2026 08:30,Delivered,No,0,0,,No
erp-golive-2026,zoe.lopez@example.com,Operations,02/03/2026 08:30,Delivered,No,0,0,,No
erp-golive-2026,maya.zhang2@example.com,Marketing,02/03/2026 08:30,Delivered,No,5,0,03/03/2026 04:44,No
erp-golive-2026,ines.lopez3@example.com,Manufacturing,02/03/2026 08:30,Delivered,No,1,1,02/03/2026 09:49,No
erp-golive-2026,maya.tanaka2@example.com,Manufacturing,02/03/2026 08:30,Delivered,No,2,1,02/03/2026 09:53,No
erp-golive-2026,chloe.fischer@example.com,Manufacturing,02/03/2026 08:30,Delivered,No,0,0,,No
erp-golive-2026,priya.jensen@example.com,Technology,02/03/2026 08:30,Delivered,No,0,0,,No
erp-golive-2026,ben.novak@example.com,Technology,02/03/2026 08:30,Delivered,No,1,0,02/03/2026 09:39,No
erp-golive-2026,kira.ueda4@example.com,Technology,02/03/2026 08:30,Delivered,No,0,0,,No
erp-golive-2026,zoe.tanaka@example.com,Marketing,02/03/2026 08:30,Delivered,No,2,0,02/03/2026 13:29,No
erp-golive-2026,noah.lopez3@example.com,HR,02/03/2026 08:30,Delivered,No,1,0,02/03/2026 09:42,No
erp-golive-2026,farid.muller@example.com,Sales,02/03/2026 08:30,Delivered,No,1,0,04/03/2026 13:16,No
erp-golive-2026,jonas.chen3@example.com,Technology,02/03/2026 08:30,Delivered,No,5,1,03/03/2026 04:59,No
erp-golive-2026,wei.hansen3@example.com,Sales,02/03/2026 08:30,Delivered,No,2,0,02/03/2026 09:30,No
erp-golive-2026,liam.novak2@example.com,Technology,02/03/2026 08:30,Delivered,No,1,1,02/03/2026 12:41,No
erp-golive-2026,sam.novak@example.com,Manufacturing,02/03/2026 08:30,Delivered,No,0,0,,No
erp-golive-2026,yusuf.rossi2@example.com,Manufacturing,02/03/2026 08:30,Bounced,Yes,0,0,,No
erp-golive-2026,daniel.chen@example.com,Technology,02/03/2026 08:30,Bounced,Yes,0,0,,No
erp-golive-2026,elena.fischer3@example.com,Technology,02/03/2026 08:30,Delivered,No,1,0,02/03/2026 09:44,No
erp-golive-2026,ines.silva@example.com,HR,02/03/2026 08:30,Delivered,No,1,1,02/03/2026 09:57,No
erp-golive-2026,grace.dubois3@example.com,Marketing,02/03/2026 08:30,Delivered,No,1,0,02/03/2026 10:28,No
erp-golive-2026,cara.ahmed2@example.com,HR,02/03/2026 08:30,Delivered,No,0,0,,No
erp-golive-2026,priya.ueda2@example.com,Sales,02/03/2026 08:30,Delivered,No,1,0,02/03/2026 10:07,No
erp-golive-2026,kira.garcia2@example.com,Sales,02/03/2026 08:30,Delivered,No,0,0,,No
erp-golive-2026,sam.ahmed2@example.com,Sales,02/03/2026 08:30,Delivered,No,0,0,,No
erp-golive-2026,elena.kowalski3@example.com,Finance,02/03/2026 08:30,Delivered,No,1,0,03/03/2026 04:41,No
erp-golive-2026,cara.kowalski2@example.com,HR,02/03/2026 08:30,Delivered,No,3,1,02/03/2026 10:03,No
erp-golive-2026,bruno.evans@example.com,Sales,02/03/2026 08:30,Delivered,No,0,0,,No
erp-golive-2026,hiro.zhang2@example.com,Sales,02/03/2026 08:30,Delivered,No,1,1,04/03/2026 13:10,No
erp-golive-2026,rosa.lopez@example.com,Sales,02/03/2026 08:30,Delivered,No,0,0,,No
erp-golive-2026,olu.chen2@example.com,Finance,02/03/2026 08:30,Delivered,No,1,0,03/03/2026 05:21,No
erp-golive-2026,quinn.brown@example.com,HR,02/03/2026 08:30,Delivered,No,1,0,02/03/2026 10:15,No
erp-golive-2026,wei.novak2@example.com,HR,02/03/2026 08:30,Delivered,No,0,0,,No
erp-golive-2026,quinn.walsh2@example.com,Manufacturing,02/03/2026 08:30,Delivered,No,0,0,,No
erp-golive-2026,aisha.muller@example.com,Finance,02/03/2026 08:30,Delivered,No,2,0,02/03/2026 09:36,No
erp-golive-2026,cara.iyer@example.com,Marketing,02/03/2026 08:30,Delivered,No,0,0,,No
erp-golive-2026,grace.muller4@example.com,Manufacturing,02/03/2026 08:30,Delivered,No,0,0,,No
erp-golive-2026,noah.evans2@example.com,Technology,02/03/2026 08:30,Delivered,No,0,0,,No
erp-golive-2026,quinn.yilmaz2@example.com,Manufacturing,02/03/2026 08:30,Delivered,No,1,0,02/03/2026 10:00,No
erp-golive-2026,dmitri.kowalski@example.com,Manufacturing,02/03/2026 08:30,Delivered,No,1,0,03/03/2026 05:18,No
erp-golive-2026,daniel.garcia3@example.com,Manufacturing,02/03/2026 08:30,Delivered,No,1,0,02/03/2026 09:55,No
erp-golive-2026,viktor.lopez@example.com,Sales,02/03/2026 08:30,Delivered,No,0,0,,No
erp-golive-2026,yusuf.muller@example.com,Marketing,02/03/2026 08:30,Delivered,No,2,0,02/03/2026 10:13,No
erp-golive-2026,yusuf.tanaka@example.com,Marketing,02/03/2026 08:30,Delivered,No,0,0,,No
erp-golive-2026,noah.hansen3@example.com,Technology,02/03/2026 08:30,Delivered,No,2,0,04/03/2026 12:59,No
erp-golive-2026,uma.tanaka@example.com,Marketing,02/03/2026 08:30,Delivered,No,1,0,02/03/2026 09:58,No
erp-golive-2026,tariq.muller3@example.com,Operations,02/03/2026 08:30,Delivered,No,0,0,,No
erp-golive-2026,wei.yilmaz3@example.com,Technology,02/03/2026 08:30,Delivered,No,0,0,,No
erp-golive-2026,bruno.silva2@example.com,Operations,02/03/2026 08:30,Delivered,No,0,0,,No
erp-golive-2026,uma.garcia@example.com,Manufacturing,02/03/2026 08:30,Delivered,No,0,0,,No
erp-golive-2026,priya.kowalski@example.com,Marketing,02/03/2026 08:30,Delivered,No,0,0,,No
erp-golive-2026,viktor.patel2@example.com,Technology,02/03/2026 08:30,Delivered,No,1,0,04/03/2026 13:19,No
erp-golive-2026,amara.ahmed@example.com,Technology,02/03/2026 08:30,Delivered,No,2,0,02/03/2026 10:27,No
erp-golive-2026,cara.kowalski5@example.com,Manufacturing,02/03/2026 08:30,Delivered,No,0,0,,No
erp-golive-2026,chloe.ueda@example.com,Sales,02/03/2026 08:30,Delivered,No,1,0,02/03/2026 10:25,No
erp-golive-2026,yusuf.patel@example.com,Manufacturing,02/03/2026 08:30,Delivered,No,1,0,02/03/2026 10:11,No
erp-golive-2026,elena.okafor@example.com,Manufacturing,02/03/2026 08:30,Delivered,No,0,0,,No
erp-golive-2026,viktor.hansen3@example.com,Manufacturing,02/03/2026 08:30,Delivered,No,0,0,,No
erp-golive-2026,noah.zhang3@example.com,Manufacturing,02/03/2026 08:30,Delivered,No,2,0,02/03/2026 13:24,No
erp-golive-2026,elena.muller3@example.com,Marketing,02/03/2026 08:30,Delivered,No,3,1,02/03/2026 13:22,No
erp-golive-2026,noah.brown@example.com,Operations,02/03/2026 08:30,Delivered,No,1,2,02/03/2026 09:34,No
erp-golive-2026,kira.brown2@example.com,Sales,02/03/2026 08:30,Delivered,No,0,0,,No
erp-golive-2026,hiro.silva@example.com,Manufacturing,02/03/2026 08:30,Delivered,No,1,0,02/03/2026 09:41,No
erp-golive-2026,liam.ueda3@example.com,Manufacturing,02/03/2026 08:30,Delivered,No,0,0,,No
erp-golive-2026,amara.walsh@example.com,Operations,02/03/2026 08:30,Delivered,No,0,0,,No
erp-golive-2026,chloe.novak@example.com,Sales,02/03/2026 08:30,Delivered,No,0,0,,No
erp-golive-2026,cara.silva4@example.com,Manufacturing,02/03/2026 08:30,Delivered,No,0,0,,No
erp-golive-2026,amara.yilmaz2@example.com,Manufacturing,02/03/2026 08:30,Bounced,Yes,0,0,,No
erp-golive-2026,elena.kowalski2@example.com,Manufacturing,02/03/2026 08:30,Delivered,No,0,0,,No
erp-golive-2026,wei.yilmaz2@example.com,Manufacturing,02/03/2026 08:30,Delivered,No,0,0,,No
erp-golive-2026,dmitri.vargas@example.com,Sales,02/03/2026 08:30,Delivered,No,0,0,,No
erp-golive-2026,tariq.novak@example.com,Manufacturing,02/03/2026 08:30,Delivered,No,0,0,,No
erp-golive-2026,uma.ueda3@example.com,Marketing,02/03/2026 08:30,Delivered,No,2,0,02/03/2026 13:17,No
erp-golive-2026,ines.lopez@example.com,Technology,02/03/2026 08:30,Delivered,No,5,0,02/03/2026 13:17,No
erp-golive-2026,uma.tanaka2@example.com,Marketing,02/03/2026 08:30,Delivered,No,1,1,02/03/2026 12:52,No
erp-golive-2026,grace.kowalski@example.com,Manufacturing,02/03/2026 08:30,Delivered,No,5,0,04/03/2026 12:54,No
erp-golive-2026,hiro.lopez5@example.com,Finance,02/03/2026 08:30,Delivered,No,1,0,03/03/2026 05:15,No
erp-golive-2026,wei.novak@example.com,Manufacturing,02/03/2026 08:30,Delivered,No,0,0,,No
erp-golive-2026,rosa.okafor2@example.com,Legal,02/03/2026 08:30,Delivered,No,0,0,,No
erp-golive-2026,chloe.patel3@example.com,Manufacturing,02/03/2026 08:30,Delivered,No,0,0,,No
erp-golive-2026,rosa.iyer@example.com,Sales,02/03/2026 08:30,Delivered,No,0,0,,No
erp-golive-2026,tariq.rossi2@example.com,Manufacturing,02/03/2026 08:30,Delivered,No,0,0,,No
erp-golive-2026,chloe.yilmaz2@example.com,Sales,02/03/2026 08:30,Bounced,Yes,0,0,,No
erp-golive-2026,daniel.dubois@example.com,Manufacturing,02/03/2026 08:30,Delivered,No,0,0,,No
erp-golive-2026,dmitri.lopez2@example.com,Manufacturing,02/03/2026 08:30,Delivered,No,0,0,,No
erp-golive-2026,wei.tanaka3@example.com,Operations,02/03/2026 08:30,Delivered,No,0,0,,No
erp-golive-2026,kira.tanaka2@example.com,Operations,02/03/2026 08:30,Delivered,No,0,0,,No
erp-golive-2026,rosa.okafor3@example.com,HR,02/03/2026 08:30,Delivered,No,1,1,02/03/2026 13:13,No
erp-golive-2026,chloe.okafor3@example.com,Sales,02/03/2026 08:30,Delivered,No,1,0,04/03/2026 12:41,No
erp-golive-2026,wei.jensen@example.com,Marketing,02/03/2026 08:30,Delivered,No,1,0,02/03/2026 10:14,No
erp-golive-2026,grace.tanaka3@example.com,Marketing,02/03/2026 08:30,Delivered,No,0,0,,No
erp-golive-2026,quinn.iyer3@example.com,Marketing,02/03/2026 08:30,Delivered,No,1,0,03/03/2026 04:59,No
erp-golive-2026,amara.yilmaz@example.com,Sales,02/03/2026 08:30,Delivered,No,0,0,,No
erp-golive-2026,yusuf.okafor@example.com,Finance,02/03/2026 08:30,Delivered,No,0,0,,No
erp-golive-2026,ines.dubois@example.com,Marketing,02/03/2026 08:30,Delivered,No,1,1,02/03/2026 12:42,No
erp-golive-2026,noah.walsh@example.com,Marketing,02/03/2026 08:30,Delivered,No,1,0,02/03/2026 13:00,No
erp-golive-2026,amara.rossi2@example.com,Marketing,02/03/2026 08:30,Delivered,No,1,0,02/03/2026 12:57,No
erp-golive-2026,farid.tanaka@example.com,Manufacturing,02/03/2026 08:30,Delivered,No,0,0,,No
erp-golive-2026,ines.novak@example.com,Manufacturing,02/03/2026 08:30,Delivered,No,0,0,,No
erp-golive-2026,noah.dubois2@example.com,Operations,02/03/2026 08:30,Delivered,No,0,0,,No
erp-golive-2026,ben.novak2@example.com,Manufacturing,02/03/2026 08:30,Delivered,No,0,0,,No
erp-golive-2026,ines.tanaka@example.com,Sales,02/03/2026 08:30,Delivered,No,1,0,02/03/2026 12:47,No
erp-golive-2026,cara.dubois@example.com,Manufacturing,02/03/2026 08:30,Delivered,No,5,0,02/03/2026 13:18,No
erp-golive-2026,priya.silva@example.com,Marketing,02/03/2026 08:30,Delivered,No,2,0,02/03/2026 10:27,No
erp-golive-2026,maya.hansen@example.com,Technology,02/03/2026 08:30,Delivered,No,0,0,,No
erp-golive-2026,kira.tanaka4@example.com,Operations,02/03/2026 08:30,Delivered,No,1,0,02/03/2026 10:23,No
erp-golive-2026,ben.zhang2@example.com,Manufacturing,02/03/2026 08:30,Delivered,No,3,0,02/03/2026 10:26,No
erp-golive-2026,amara.tanaka@example.com,Marketing,02/03/2026 08:30,Delivered,No,0,0,,No
erp-golive-2026,tariq.jensen@example.com,HR,02/03/2026 08:30,Delivered,No,3,1,02/03/2026 10:11,No
erp-golive-2026,zoe.evans2@example.com,Manufacturing,02/03/2026 08:30,Delivered,No,0,0,,No
erp-golive-2026,chloe.kowalski2@example.com,Manufacturing,02/03/2026 08:30,Delivered,No,0,0,,No
erp-golive-2026,jonas.zhang@example.com,Manufacturing,02/03/2026 08:30,Delivered,No,0,0,,No
erp-golive-2026,xenia.vargas5@example.com,Marketing,02/03/2026 08:30,Delivered,No,2,0,02/03/2026 12:45,No
erp-golive-2026,kira.evans5@example.com,Legal,02/03/2026 08:30,Delivered,No,0,0,,No
erp-golive-2026,kira.silva2@example.com,Legal,02/03/2026 08:30,Delivered,No,0,0,,No
erp-golive-2026,priya.jensen2@example.com,Operations,02/03/2026 08:30,Delivered,No,0,0,,No
erp-golive-2026,viktor.silva@example.com,Sales,02/03/2026 08:30,Delivered,No,1,0,02/03/2026 10:11,No
erp-golive-2026,ben.walsh@example.com,Marketing,02/03/2026 08:30,Delivered,No,0,0,,No
erp-golive-2026,hiro.patel3@example.com,Marketing,02/03/2026 08:30,Delivered,No,0,0,,No
erp-golive-2026,uma.lopez@example.com,Sales,02/03/2026 08:30,Delivered,No,2,0,02/03/2026 12:54,No
erp-golive-2026,chloe.patel@example.com,HR,02/03/2026 08:30,Delivered,No,2,0,02/03/2026 09:37,No
erp-golive-2026,bruno.kowalski3@example.com,Manufacturing,02/03/2026 08:30,Delivered,No,0,0,,No
erp-golive-2026,priya.hansen2@example.com,Operations,02/03/2026 08:30,Delivered,No,0,0,,No
erp-golive-2026,bruno.vargas@example.com,Manufacturing,02/03/2026 08:30,Delivered,No,0,0,,No
erp-golive-2026,jonas.novak3@example.com,Manufacturing,02/03/2026 08:30,Delivered,No,0,0,,No
erp-golive-2026,aisha.fischer@example.com,HR,02/03/2026 08:30,Delivered,No,0,0,,No
erp-golive-2026,viktor.evans2@example.com,Marketing,02/03/2026 08:30,Delivered,No,0,0,,No
erp-golive-2026,kira.brown4@example.com,Manufacturing,02/03/2026 08:30,Delivered,No,0,0,,No
erp-golive-2026,noah.lopez2@example.com,HR,02/03/2026 08:30,Delivered,No,0,0,,No
erp-golive-2026,hiro.brown2@example.com,Operations,02/03/2026 08:30,Delivered,No,0,0,,No
erp-golive-2026,chloe.rossi@example.com,Technology,02/03/2026 08:30,Delivered,No,0,0,,No
erp-golive-2026,maya.ahmed@example.com,Marketing,02/03/2026 08:30,Delivered,No,1,2,02/03/2026 10:07,No
erp-golive-2026,wei.chen4@example.com,HR,02/03/2026 08:30,Delivered,No,1,0,03/03/2026 04:45,No
erp-golive-2026,sam.muller@example.com,Technology,02/03/2026 08:30,Delivered,No,0,0,,No
erp-golive-2026,liam.garcia@example.com,Manufacturing,02/03/2026 08:30,Delivered,No,1,0,02/03/2026 10:16,No
erp-golive-2026,yusuf.yilmaz@example.com,Marketing,02/03/2026 08:30,Delivered,No,1,0,03/03/2026 04:43,No
erp-golive-2026,quinn.fischer2@example.com,Manufacturing,02/03/2026 08:30,Delivered,No,0,0,,No
erp-golive-2026,sam.okafor@example.com,Manufacturing,02/03/2026 08:30,Bounced,Yes,0,0,,No
erp-golive-2026,jonas.walsh4@example.com,Sales,02/03/2026 08:30,Delivered,No,0,0,,No
erp-golive-2026,wei.hansen@example.com,Marketing,02/03/2026 08:30,Delivered,No,0,0,,No
erp-golive-2026,quinn.lopez@example.com,Sales,02/03/2026 08:30,Bounced,Yes,0,0,,No
erp-golive-2026,jonas.brown@example.com,Operations,02/03/2026 08:30,Delivered,No,0,0,,No
erp-golive-2026,quinn.dubois@example.com,Legal,02/03/2026 08:30,Delivered,No,1,0,02/03/2026 10:04,No
erp-golive-2026,liam.ueda@example.com,Manufacturing,02/03/2026 08:30,Delivered,No,0,0,,No
erp-golive-2026,xenia.yilmaz3@example.com,Finance,02/03/2026 08:30,Delivered,No,0,0,,No
erp-golive-2026,ben.okafor2@example.com,Sales,02/03/2026 08:30,Delivered,No,0,0,,No
erp-golive-2026,priya.silva3@example.com,Sales,02/03/2026 08:30,Delivered,No,0,0,,No
erp-golive-2026,ben.chen@example.com,HR,02/03/2026 08:30,Delivered,No,2,1,02/03/2026 09:32,No
erp-golive-2026,hiro.fischer@example.com,Operations,02/03/2026 08:30,Delivered,No,0,0,,No
erp-golive-2026,cara.okafor2@example.com,Finance,02/03/2026 08:30,Delivered,No,0,0,,No
erp-golive-2026,uma.rossi2@example.com,Manufacturing,02/03/2026 08:30,Delivered,No,1,0,02/03/2026 10:02,No
erp-golive-2026,daniel.tanaka@example.com,Technology,02/03/2026 08:30,Delivered,No,1,1,02/03/2026 13:01,No
erp-golive-2026,farid.vargas@example.com,Finance,02/03/2026 08:30,Delivered,No,1,0,02/03/2026 13:08,No
erp-golive-2026,ben.ueda@example.com,Manufacturing,02/03/2026 08:30,Delivered,No,1,0,03/03/2026 04:51,No
erp-golive-2026,daniel.vargas@example.com,Technology,02/03/2026 08:30,Delivered,No,2,0,02/03/2026 09:51,No
erp-golive-2026,grace.jensen2@example.com,Manufacturing,02/03/2026 08:30,Delivered,No,0,0,,No
erp-golive-2026,aisha.lopez@example.com,HR,02/03/2026 08:30,Bounced,Yes,0,0,,No
erp-golive-2026,jonas.iyer2@example.com,Marketing,02/03/2026 08:30,Delivered,No,1,0,02/03/2026 13:25,No
erp-golive-2026,zoe.garcia@example.com,Manufacturing,02/03/2026 08:30,Delivered,No,2,0,04/03/2026 13:14,No
erp-golive-2026,tariq.vargas@example.com,Operations,02/03/2026 08:30,Delivered,No,1,0,02/03/2026 10:09,No
erp-golive-2026,cara.ahmed@example.com,Manufacturing,02/03/2026 08:30,Delivered,No,0,0,,No
erp-golive-2026,aisha.brown@example.com,Marketing,02/03/2026 08:30,Delivered,No,0,0,,No
erp-golive-2026,grace.silva@example.com,Marketing,02/03/2026 08:30,Delivered,No,0,0,,No
erp-golive-2026,yusuf.tanaka2@example.com,Manufacturing,02/03/2026 08:30,Bounced,Yes,0,0,,No
erp-golive-2026,yusuf.hansen@example.com,HR,02/03/2026 08:30,Delivered,No,0,0,,No
erp-golive-2026,maya.hansen3@example.com,Marketing,02/03/2026 08:30,Delivered,No,1,0,02/03/2026 10:23,No
erp-golive-2026,cara.evans@example.com,Sales,02/03/2026 08:30,Delivered,No,0,0,,No
erp-golive-2026,sam.evans@example.com,Technology,02/03/2026 08:30,Delivered,No,2,1,02/03/2026 09:46,No
erp-golive-2026,rosa.muller2@example.com,Sales,02/03/2026 08:30,Delivered,No,2,0,02/03/2026 12:31,No
erp-golive-2026,yusuf.brown2@example.com,Sales,02/03/2026 08:30,Delivered,No,1,0,02/03/2026 13:02,No
erp-golive-2026,daniel.zhang3@example.com,Technology,02/03/2026 08:30,Delivered,No,0,0,,No
erp-golive-2026,elena.rossi2@example.com,Technology,02/03/2026 08:30,Delivered,No,2,0,02/03/2026 09:53,No
erp-golive-2026,sam.zhang@example.com,Legal,02/03/2026 08:30,Delivered,No,0,0,,No
erp-golive-2026,ines.dubois2@example.com,Manufacturing,02/03/2026 08:30,Delivered,No,0,0,,No
erp-golive-2026,viktor.tanaka@example.com,Technology,02/03/2026 08:30,Delivered,No,0,0,,No
erp-golive-2026,grace.kowalski2@example.com,Manufacturing,02/03/2026 08:30,Delivered,No,1,0,02/03/2026 10:15,No
erp-golive-2026,cara.yilmaz2@example.com,Manufacturing,02/03/2026 08:30,Delivered,No,0,0,,No
erp-golive-2026,elena.brown2@example.com,Sales,02/03/2026 08:30,Delivered,No,1,0,02/03/2026 13:15,No
erp-golive-2026,chloe.brown@example.com,Finance,02/03/2026 08:30,Delivered,No,1,0,02/03/2026 12:35,No
erp-golive-2026,cara.ueda@example.com,Operations,02/03/2026 08:30,Delivered,No,0,0,,No
erp-golive-2026,zoe.zhang@example.com,Technology,02/03/2026 08:30,Delivered,No,1,1,04/03/2026 13:09,No
erp-golive-2026,jonas.yilmaz@example.com,Manufacturing,02/03/2026 08:30,Delivered,No,1,0,02/03/2026 12:40,No
erp-golive-2026,dmitri.zhang3@example.com,Manufacturing,02/03/2026 08:30,Delivered,No,0,0,,No
erp-golive-2026,quinn.yilmaz@example.com,Technology,02/03/2026 08:30,Delivered,No,0,0,,No
erp-golive-2026,cara.chen@example.com,Manufacturing,02/03/2026 08:30,Delivered,No,0,0,,No
erp-golive-2026,hiro.kowalski@example.com,Operations,02/03/2026 08:30,Delivered,No,0,0,,No
erp-golive-2026,ben.muller3@example.com,Technology,02/03/2026 08:30,Delivered,No,1,0,02/03/2026 10:24,No
erp-golive-2026,xenia.vargas4@example.com,Operations,02/03/2026 08:30,Delivered,No,0,0,,No
erp-golive-2026,rosa.okafor5@example.com,Finance,02/03/2026 08:30,Delivered,No,0,0,,No
wellbeing-2026q2,cara.ahmed@example.com,Manufacturing,01/05/2026 08:30,Delivered,No,0,0,,No
wellbeing-2026q2,xenia.rossi@example.com,Marketing,01/05/2026 08:30,Delivered,No,1,1,01/05/2026 12:40,No
wellbeing-2026q2,ben.zhang@example.com,Operations,01/05/2026 08:30,Delivered,No,0,0,,No
wellbeing-2026q2,yusuf.hansen@example.com,HR,01/05/2026 08:30,Delivered,No,0,0,,No
wellbeing-2026q2,grace.jensen@example.com,Finance,01/05/2026 08:30,Delivered,No,2,0,01/05/2026 10:02,No
wellbeing-2026q2,wei.yilmaz@example.com,Operations,01/05/2026 08:30,Delivered,No,0,0,,No
wellbeing-2026q2,ben.zhang2@example.com,Manufacturing,01/05/2026 08:30,Bounced,Yes,0,0,,No
wellbeing-2026q2,hiro.patel@example.com,HR,01/05/2026 08:30,Delivered,No,1,0,02/05/2026 04:44,No
wellbeing-2026q2,farid.fischer@example.com,Marketing,01/05/2026 08:30,Delivered,No,1,1,01/05/2026 13:04,No
wellbeing-2026q2,wei.rossi@example.com,Manufacturing,01/05/2026 08:30,Delivered,No,0,0,,No
wellbeing-2026q2,quinn.okafor@example.com,HR,01/05/2026 08:30,Delivered,No,2,0,01/05/2026 09:32,No
wellbeing-2026q2,viktor.patel@example.com,Finance,01/05/2026 08:30,Delivered,No,0,0,,No
wellbeing-2026q2,elena.tanaka@example.com,Operations,01/05/2026 08:30,Delivered,No,0,0,,No
wellbeing-2026q2,ines.lopez@example.com,Technology,01/05/2026 08:30,Delivered,No,1,0,01/05/2026 13:06,No
wellbeing-2026q2,ben.jensen@example.com,Finance,01/05/2026 08:30,Delivered,No,0,0,,No
wellbeing-2026q2,maya.hansen@example.com,Technology,01/05/2026 08:30,Delivered,No,1,0,01/05/2026 13:17,No
wellbeing-2026q2,quinn.muller@example.com,Manufacturing,01/05/2026 08:30,Delivered,No,0,0,,No
wellbeing-2026q2,grace.lopez@example.com,Marketing,01/05/2026 08:30,Delivered,No,0,0,,No
wellbeing-2026q2,kira.ueda@example.com,Finance,01/05/2026 08:30,Delivered,No,1,0,01/05/2026 09:57,No
wellbeing-2026q2,elena.iyer@example.com,Technology,01/05/2026 08:30,Bounced,Yes,0,0,,No
wellbeing-2026q2,yusuf.kowalski@example.com,Operations,01/05/2026 08:30,Delivered,No,1,0,01/05/2026 10:28,No
wellbeing-2026q2,priya.ahmed@example.com,Sales,01/05/2026 08:30,Delivered,No,2,0,01/05/2026 13:08,No
wellbeing-2026q2,yusuf.iyer@example.com,Manufacturing,01/05/2026 08:30,Delivered,No,0,0,,No
wellbeing-2026q2,grace.hansen@example.com,Manufacturing,01/05/2026 08:30,Delivered,No,0,0,,No
wellbeing-2026q2,bruno.silva@example.com,Marketing,01/05/2026 08:30,Delivered,No,1,0,01/05/2026 09:34,No
wellbeing-2026q2,olu.chen@example.com,Manufacturing,01/05/2026 08:30,Delivered,No,0,0,,No
wellbeing-2026q2,wei.hansen@example.com,Marketing,01/05/2026 08:30,Delivered,No,0,0,,No
wellbeing-2026q2,aisha.novak@example.com,Technology,01/05/2026 08:30,Delivered,No,1,1,01/05/2026 13:06,No
wellbeing-2026q2,dmitri.vargas@example.com,Sales,01/05/2026 08:30,Delivered,No,0,0,,No
wellbeing-2026q2,ben.evans@example.com,Marketing,01/05/2026 08:30,Delivered,No,0,0,,No
wellbeing-2026q2,hiro.lopez@example.com,Legal,01/05/2026 08:30,Delivered,No,0,0,,No
wellbeing-2026q2,aisha.patel@example.com,Manufacturing,01/05/2026 08:30,Delivered,No,0,0,,No
wellbeing-2026q2,rosa.yilmaz@example.com,Sales,01/05/2026 08:30,Delivered,No,0,0,,No
wellbeing-2026q2,daniel.fischer@example.com,Finance,01/05/2026 08:30,Delivered,No,1,0,01/05/2026 10:27,No
wellbeing-2026q2,maya.zhang@example.com,Technology,01/05/2026 08:30,Delivered,No,0,0,,No
wellbeing-2026q2,grace.tanaka@example.com,Marketing,01/05/2026 08:30,Delivered,No,1,0,03/05/2026 13:12,No
wellbeing-2026q2,amara.walsh@example.com,Operations,01/05/2026 08:30,Delivered,No,2,1,01/05/2026 13:16,No
wellbeing-2026q2,wei.novak@example.com,Manufacturing,01/05/2026 08:30,Delivered,No,0,0,,No
wellbeing-2026q2,wei.yilmaz2@example.com,Manufacturing,01/05/2026 08:30,Delivered,No,5,0,01/05/2026 09:41,No
wellbeing-2026q2,grace.fischer@example.com,Marketing,01/05/2026 08:30,Delivered,No,1,1,02/05/2026 05:02,No
wellbeing-2026q2,ben.dubois@example.com,Manufacturing,01/05/2026 08:30,Delivered,No,0,0,,No
wellbeing-2026q2,wei.walsh@example.com,Marketing,01/05/2026 08:30,Delivered,No,0,0,,No
wellbeing-2026q2,olu.chen2@example.com,Finance,01/05/2026 08:30,Delivered,No,0,0,,No
wellbeing-2026q2,chloe.okafor@example.com,Sales,01/05/2026 08:30,Delivered,No,2,0,01/05/2026 10:25,No
wellbeing-2026q2,bruno.rossi@example.com,Operations,01/05/2026 08:30,Delivered,No,0,0,,No
wellbeing-2026q2,dmitri.lopez@example.com,HR,01/05/2026 08:30,Delivered,No,0,0,,No
wellbeing-2026q2,bruno.ueda@example.com,Technology,01/05/2026 08:30,Delivered,No,5,0,03/05/2026 12:44,No
wellbeing-2026q2,grace.tanaka2@example.com,Technology,01/05/2026 08:30,Delivered,No,1,0,01/05/2026 10:11,No
wellbeing-2026q2,ben.ahmed@example.com,Manufacturing,01/05/2026 08:30,Bounced,Yes,0,0,,No
wellbeing-2026q2,amara.walsh2@example.com,Technology,01/05/2026 08:30,Delivered,No,0,0,,No
wellbeing-2026q2,jonas.kowalski@example.com,Manufacturing,01/05/2026 08:30,Delivered,No,0,0,,No
wellbeing-2026q2,aisha.ahmed@example.com,Operations,01/05/2026 08:30,Delivered,No,0,0,,No
wellbeing-2026q2,viktor.patel2@example.com,Technology,01/05/2026 08:30,Delivered,No,1,1,01/05/2026 10:16,No
wellbeing-2026q2,yusuf.brown@example.com,Manufacturing,01/05/2026 08:30,Delivered,No,1,1,01/05/2026 09:52,No
wellbeing-2026q2,xenia.silva@example.com,Marketing,01/05/2026 08:30,Delivered,No,1,0,01/05/2026 10:09,No
wellbeing-2026q2,liam.ahmed@example.com,Manufacturing,01/05/2026 08:30,Delivered,No,0,0,,No
wellbeing-2026q2,zoe.hansen@example.com,Operations,01/05/2026 08:30,Bounced,Yes,0,0,,No
wellbeing-2026q2,rosa.chen@example.com,Manufacturing,01/05/2026 08:30,Delivered,No,0,0,,No
wellbeing-2026q2,viktor.yilmaz@example.com,Sales,01/05/2026 08:30,Delivered,No,0,0,,No
wellbeing-2026q2,grace.muller@example.com,Marketing,01/05/2026 08:30,Delivered,No,1,0,01/05/2026 12:38,No
wellbeing-2026q2,tariq.zhang@example.com,Marketing,01/05/2026 08:30,Bounced,Yes,0,0,,No
wellbeing-2026q2,kira.jensen@example.com,Operations,01/05/2026 08:30,Delivered,No,0,0,,No
wellbeing-2026q2,sam.silva@example.com,Legal,01/05/2026 08:30,Delivered,No,0,0,,No
wellbeing-2026q2,grace.walsh@example.com,Operations,01/05/2026 08:30,Delivered,No,0,0,,No
wellbeing-2026q2,olu.lopez@example.com,Technology,01/05/2026 08:30,Delivered,No,1,0,03/05/2026 13:24,No
wellbeing-2026q2,ben.muller@example.com,Manufacturing,01/05/2026 08:30,Delivered,No,0,0,,No
wellbeing-2026q2,noah.lopez@example.com,Operations,01/05/2026 08:30,Delivered,No,0,0,,No
wellbeing-2026q2,quinn.yilmaz@example.com,Technology,01/05/2026 08:30,Delivered,No,1,0,01/05/2026 10:17,No
wellbeing-2026q2,chloe.yilmaz@example.com,Technology,01/05/2026 08:30,Delivered,No,2,2,03/05/2026 13:04,No
wellbeing-2026q2,farid.muller@example.com,Sales,01/05/2026 08:30,Delivered,No,0,0,,No
wellbeing-2026q2,hiro.okafor@example.com,Sales,01/05/2026 08:30,Delivered,No,0,0,,No
wellbeing-2026q2,ben.walsh@example.com,Marketing,01/05/2026 08:30,Delivered,No,1,0,01/05/2026 13:20,No
wellbeing-2026q2,maya.fischer@example.com,Manufacturing,01/05/2026 08:30,Delivered,No,0,0,,No
wellbeing-2026q2,uma.jensen@example.com,Manufacturing,01/05/2026 08:30,Delivered,No,0,0,,No
wellbeing-2026q2,rosa.okafor@example.com,Marketing,01/05/2026 08:30,Delivered,No,0,0,,No
wellbeing-2026q2,aisha.rossi@example.com,Sales,01/05/2026 08:30,Delivered,No,0,0,,No
wellbeing-2026q2,uma.muller@example.com,Manufacturing,01/05/2026 08:30,Delivered,No,0,0,,No
wellbeing-2026q2,tariq.vargas@example.com,Operations,01/05/2026 08:30,Delivered,No,1,0,01/05/2026 13:02,No
wellbeing-2026q2,yusuf.tanaka@example.com,Marketing,01/05/2026 08:30,Delivered,No,0,0,,No
wellbeing-2026q2,xenia.tanaka@example.com,Technology,01/05/2026 08:30,Delivered,No,1,0,03/05/2026 13:23,No
wellbeing-2026q2,dmitri.dubois@example.com,Sales,01/05/2026 08:30,Delivered,No,0,0,,No
wellbeing-2026q2,quinn.iyer@example.com,Technology,01/05/2026 08:30,Delivered,No,0,0,,No
wellbeing-2026q2,farid.kowalski@example.com,Marketing,01/05/2026 08:30,Delivered,No,0,0,,No
wellbeing-2026q2,daniel.chen@example.com,Technology,01/05/2026 08:30,Delivered,No,3,0,02/05/2026 04:45,No
wellbeing-2026q2,cara.kowalski@example.com,Operations,01/05/2026 08:30,Delivered,No,0,0,,No
wellbeing-2026q2,cara.vargas@example.com,Technology,01/05/2026 08:30,Delivered,No,0,0,,No
wellbeing-2026q2,amara.silva@example.com,Operations,01/05/2026 08:30,Delivered,No,3,0,01/05/2026 10:20,No
wellbeing-2026q2,amara.zhang@example.com,Marketing,01/05/2026 08:30,Delivered,No,1,1,01/05/2026 13:14,No
wellbeing-2026q2,wei.novak2@example.com,HR,01/05/2026 08:30,Delivered,No,1,0,01/05/2026 12:43,No
wellbeing-2026q2,quinn.walsh@example.com,Operations,01/05/2026 08:30,Delivered,No,0,0,,No
wellbeing-2026q2,aisha.novak2@example.com,Manufacturing,01/05/2026 08:30,Delivered,No,0,0,,No
wellbeing-2026q2,yusuf.ueda@example.com,Manufacturing,01/05/2026 08:30,Delivered,No,0,0,,No
wellbeing-2026q2,zoe.novak@example.com,Manufacturing,01/05/2026 08:30,Delivered,No,0,0,,No
wellbeing-2026q2,xenia.chen@example.com,Technology,01/05/2026 08:30,Delivered,No,0,0,,No
wellbeing-2026q2,hiro.jensen@example.com,Manufacturing,01/05/2026 08:30,Delivered,No,0,0,,No
wellbeing-2026q2,cara.fischer@example.com,Technology,01/05/2026 08:30,Delivered,No,0,0,,No
wellbeing-2026q2,yusuf.novak@example.com,Operations,01/05/2026 08:30,Delivered,No,2,0,01/05/2026 10:12,No
wellbeing-2026q2,jonas.zhang@example.com,Manufacturing,01/05/2026 08:30,Delivered,No,0,0,,No
wellbeing-2026q2,chloe.patel@example.com,HR,01/05/2026 08:30,Delivered,No,2,0,01/05/2026 10:10,No
wellbeing-2026q2,jonas.walsh@example.com,Manufacturing,01/05/2026 08:30,Delivered,No,0,0,,No
wellbeing-2026q2,xenia.patel@example.com,Manufacturing,01/05/2026 08:30,Delivered,No,0,0,,No
wellbeing-2026q2,cara.ahmed2@example.com,HR,01/05/2026 08:30,Delivered,No,2,0,01/05/2026 09:50,No
wellbeing-2026q2,xenia.vargas@example.com,Manufacturing,01/05/2026 08:30,Delivered,No,0,0,,No
wellbeing-2026q2,elena.kowalski@example.com,Technology,01/05/2026 08:30,Delivered,No,0,0,,No
wellbeing-2026q2,aisha.silva@example.com,Operations,01/05/2026 08:30,Delivered,No,0,0,,No
wellbeing-2026q2,viktor.okafor@example.com,Operations,01/05/2026 08:30,Delivered,No,2,0,01/05/2026 09:32,No
wellbeing-2026q2,chloe.muller@example.com,Marketing,01/05/2026 08:30,Delivered,No,0,0,,No
wellbeing-2026q2,ines.walsh@example.com,Finance,01/05/2026 08:30,Delivered,No,1,1,01/05/2026 10:16,No
wellbeing-2026q2,ben.dubois2@example.com,Technology,01/05/2026 08:30,Delivered,No,1,1,01/05/2026 10:17,No
wellbeing-2026q2,aisha.yilmaz@example.com,Manufacturing,01/05/2026 08:30,Delivered,No,0,0,,No
wellbeing-2026q2,liam.yilmaz@example.com,Manufacturing,01/05/2026 08:30,Delivered,No,0,0,,No
wellbeing-2026q2,hiro.yilmaz@example.com,Finance,01/05/2026 08:30,Delivered,No,0,0,,No
wellbeing-2026q2,hiro.fischer@example.com,Operations,01/05/2026 08:30,Delivered,No,0,0,,No
wellbeing-2026q2,ines.garcia@example.com,Manufacturing,01/05/2026 08:30,Delivered,No,1,0,01/05/2026 10:16,No
wellbeing-2026q2,elena.brown@example.com,Manufacturing,01/05/2026 08:30,Delivered,No,1,0,01/05/2026 10:16,No
wellbeing-2026q2,rosa.patel@example.com,Legal,01/05/2026 08:30,Delivered,No,1,1,01/05/2026 10:15,No
wellbeing-2026q2,elena.patel@example.com,Manufacturing,01/05/2026 08:30,Delivered,No,0,0,,No
wellbeing-2026q2,hiro.vargas@example.com,Manufacturing,01/05/2026 08:30,Delivered,No,0,0,,No
wellbeing-2026q2,jonas.yilmaz@example.com,Manufacturing,01/05/2026 08:30,Delivered,No,0,0,,No
wellbeing-2026q2,tariq.silva@example.com,Finance,01/05/2026 08:30,Delivered,No,0,0,,No
wellbeing-2026q2,xenia.evans@example.com,Operations,01/05/2026 08:30,Delivered,No,1,1,02/05/2026 05:18,No
wellbeing-2026q2,daniel.novak@example.com,Technology,01/05/2026 08:30,Delivered,No,0,0,,No
wellbeing-2026q2,bruno.rossi2@example.com,Manufacturing,01/05/2026 08:30,Delivered,No,0,0,,No
wellbeing-2026q2,noah.garcia@example.com,Operations,01/05/2026 08:30,Delivered,No,0,0,,No
wellbeing-2026q2,daniel.ueda@example.com,HR,01/05/2026 08:30,Delivered,No,0,0,,No
wellbeing-2026q2,kira.okafor@example.com,Finance,01/05/2026 08:30,Delivered,No,1,0,01/05/2026 09:59,No
wellbeing-2026q2,aisha.jensen@example.com,Finance,01/05/2026 08:30,Delivered,No,1,0,02/05/2026 04:47,No
wellbeing-2026q2,jonas.walsh2@example.com,Operations,01/05/2026 08:30,Delivered,No,0,0,,No
wellbeing-2026q2,hiro.novak@example.com,Technology,01/05/2026 08:30,Delivered,No,0,0,,No
wellbeing-2026q2,ben.dubois3@example.com,Operations,01/05/2026 08:30,Delivered,No,0,0,,No
wellbeing-2026q2,grace.jensen2@example.com,Manufacturing,01/05/2026 08:30,Delivered,No,0,0,,No
wellbeing-2026q2,dmitri.rossi@example.com,Marketing,01/05/2026 08:30,Delivered,No,2,0,01/05/2026 13:27,No
wellbeing-2026q2,quinn.rossi@example.com,Manufacturing,01/05/2026 08:30,Delivered,No,1,1,01/05/2026 10:09,No
wellbeing-2026q2,sam.yilmaz@example.com,Manufacturing,01/05/2026 08:30,Delivered,No,5,0,01/05/2026 09:54,No
wellbeing-2026q2,viktor.kowalski@example.com,HR,01/05/2026 08:30,Delivered,No,1,4,01/05/2026 09:55,No
wellbeing-2026q2,wei.fischer@example.com,Finance,01/05/2026 08:30,Delivered,No,1,0,01/05/2026 10:16,No
wellbeing-2026q2,yusuf.tanaka2@example.com,Manufacturing,01/05/2026 08:30,Bounced,Yes,0,0,,No
wellbeing-2026q2,xenia.chen2@example.com,Sales,01/05/2026 08:30,Delivered,No,0,0,,No
wellbeing-2026q2,hiro.brown@example.com,Operations,01/05/2026 08:30,Delivered,No,1,0,03/05/2026 13:07,No
wellbeing-2026q2,jonas.kowalski2@example.com,Operations,01/05/2026 08:30,Delivered,No,0,0,,No
wellbeing-2026q2,viktor.rossi@example.com,HR,01/05/2026 08:30,Delivered,No,3,0,02/05/2026 04:39,No
wellbeing-2026q2,aisha.tanaka@example.com,Operations,01/05/2026 08:30,Delivered,No,0,0,,No
wellbeing-2026q2,olu.jensen@example.com,Manufacturing,01/05/2026 08:30,Delivered,No,0,0,,No
wellbeing-2026q2,liam.garcia@example.com,Manufacturing,01/05/2026 08:30,Bounced,Yes,0,0,,No
wellbeing-2026q2,amara.dubois@example.com,Technology,01/05/2026 08:30,Delivered,No,0,0,,No
wellbeing-2026q2,bruno.yilmaz@example.com,Manufacturing,01/05/2026 08:30,Delivered,No,0,0,,No
wellbeing-2026q2,maya.hansen2@example.com,Technology,01/05/2026 08:30,Delivered,No,0,0,,No
wellbeing-2026q2,rosa.ahmed@example.com,Marketing,01/05/2026 08:30,Delivered,No,1,1,01/05/2026 13:19,No
wellbeing-2026q2,sam.rossi@example.com,Technology,01/05/2026 08:30,Delivered,No,1,2,01/05/2026 12:32,No
wellbeing-2026q2,quinn.chen@example.com,Manufacturing,01/05/2026 08:30,Delivered,No,0,0,,No
wellbeing-2026q2,sam.evans@example.com,Technology,01/05/2026 08:30,Delivered,No,2,0,02/05/2026 05:26,No
wellbeing-2026q2,bruno.yilmaz2@example.com,Technology,01/05/2026 08:30,Delivered,No,2,0,01/05/2026 09:59,No
wellbeing-2026q2,ben.silva@example.com,Operations,01/05/2026 08:30,Delivered,No,0,0,,No
wellbeing-2026q2,maya.rossi@example.com,Operations,01/05/2026 08:30,Delivered,No,1,0,01/05/2026 09:46,No
wellbeing-2026q2,cara.iyer@example.com,Marketing,01/05/2026 08:30,Delivered,No,0,0,,No
wellbeing-2026q2,amara.silva2@example.com,Manufacturing,01/05/2026 08:30,Delivered,No,1,0,01/05/2026 12:30,No
wellbeing-2026q2,cara.iyer2@example.com,Operations,01/05/2026 08:30,Delivered,No,2,0,01/05/2026 10:12,No
wellbeing-2026q2,bruno.kowalski@example.com,Manufacturing,01/05/2026 08:30,Delivered,No,0,0,,No
wellbeing-2026q2,uma.lopez@example.com,Sales,01/05/2026 08:30,Delivered,No,0,0,,No
wellbeing-2026q2,elena.muller@example.com,Operations,01/05/2026 08:30,Delivered,No,0,0,,No
wellbeing-2026q2,cara.ueda@example.com,Operations,01/05/2026 08:30,Delivered,No,2,0,01/05/2026 13:17,No
wellbeing-2026q2,chloe.novak@example.com,Sales,01/05/2026 08:30,Delivered,No,0,0,,No
wellbeing-2026q2,viktor.brown@example.com,Marketing,01/05/2026 08:30,Delivered,No,0,0,,No
wellbeing-2026q2,ines.dubois@example.com,Marketing,01/05/2026 08:30,Delivered,No,0,0,,No
wellbeing-2026q2,xenia.silva2@example.com,Operations,01/05/2026 08:30,Delivered,No,0,0,,No
wellbeing-2026q2,viktor.hansen@example.com,Manufacturing,01/05/2026 08:30,Delivered,No,0,0,,No
wellbeing-2026q2,tariq.evans@example.com,Legal,01/05/2026 08:30,Delivered,No,1,0,01/05/2026 12:57,No
wellbeing-2026q2,kira.fischer@example.com,Legal,01/05/2026 08:30,Delivered,No,1,0,01/05/2026 09:38,No
wellbeing-2026q2,hiro.ahmed@example.com,Operations,01/05/2026 08:30,Delivered,No,2,0,01/05/2026 12:43,No
wellbeing-2026q2,rosa.dubois@example.com,Manufacturing,01/05/2026 08:30,Delivered,No,1,1,01/05/2026 12:47,No
wellbeing-2026q2,liam.chen@example.com,HR,01/05/2026 08:30,Delivered,No,0,0,,No
wellbeing-2026q2,amara.rossi@example.com,Sales,01/05/2026 08:30,Delivered,No,0,0,,No
wellbeing-2026q2,wei.tanaka@example.com,Manufacturing,01/05/2026 08:30,Delivered,No,0,0,,No
wellbeing-2026q2,chloe.lopez@example.com,Technology,01/05/2026 08:30,Delivered,No,1,0,01/05/2026 10:22,No
wellbeing-2026q2,cara.yilmaz@example.com,HR,01/05/2026 08:30,Delivered,No,0,0,,No
wellbeing-2026q2,uma.zhang@example.com,Technology,01/05/2026 08:30,Delivered,No,0,0,,No
wellbeing-2026q2,liam.tanaka@example.com,Technology,01/05/2026 08:30,Delivered,No,1,0,01/05/2026 12:50,No
wellbeing-2026q2,rosa.iyer@example.com,Sales,01/05/2026 08:30,Delivered,No,1,0,01/05/2026 12:38,No
wellbeing-2026q2,chloe.kowalski@example.com,Marketing,01/05/2026 08:30,Delivered,No,5,0,02/05/2026 04:47,No
wellbeing-2026q2,chloe.walsh@example.com,Legal,01/05/2026 08:30,Delivered,No,1,1,01/05/2026 13:12,No
wellbeing-2026q2,cara.rossi@example.com,Operations,01/05/2026 08:30,Delivered,No,0,0,,No
wellbeing-2026q2,rosa.kowalski@example.com,Sales,01/05/2026 08:30,Delivered,No,0,0,,No
wellbeing-2026q2,maya.fischer2@example.com,Operations,01/05/2026 08:30,Delivered,No,1,0,03/05/2026 12:50,No
wellbeing-2026q2,hiro.chen@example.com,Manufacturing,01/05/2026 08:30,Delivered,No,0,0,,No
wellbeing-2026q2,dmitri.evans@example.com,Manufacturing,01/05/2026 08:30,Delivered,No,0,0,,No
wellbeing-2026q2,ben.okafor@example.com,Manufacturing,01/05/2026 08:30,Delivered,No,1,0,02/05/2026 05:11,No
wellbeing-2026q2,wei.jensen@example.com,Marketing,01/05/2026 08:30,Delivered,No,1,0,01/05/2026 13:03,No
wellbeing-2026q2,priya.jensen@example.com,Technology,01/05/2026 08:30,Delivered,No,0,0,,No
wellbeing-2026q2,rosa.okafor2@example.com,Legal,01/05/2026 08:30,Delivered,No,0,0,,No
wellbeing-2026q2,ben.silva2@example.com,Marketing,01/05/2026 08:30,Delivered,No,0,0,,No
wellbeing-2026q2,ines.fischer@example.com,Finance,01/05/2026 08:30,Delivered,No,1,2,01/05/2026 10:22,No
wellbeing-2026q2,priya.fischer@example.com,Manufacturing,01/05/2026 08:30,Delivered,No,0,0,,No
wellbeing-2026q2,rosa.ueda@example.com,Operations,01/05/2026 08:30,Delivered,No,1,0,01/05/2026 09:37,No
wellbeing-2026q2,viktor.walsh@example.com,Technology,01/05/2026 08:30,Delivered,No,2,0,01/05/2026 10:28,No
wellbeing-2026q2,olu.jensen2@example.com,Finance,01/05/2026 08:30,Delivered,No,3,0,01/05/2026 09:32,No
wellbeing-2026q2,cara.muller@example.com,Manufacturing,01/05/2026 08:30,Delivered,No,0,0,,No
wellbeing-2026q2,bruno.fischer@example.com,Technology,01/05/2026 08:30,Delivered,No,0,0,,No
wellbeing-2026q2,grace.kowalski@example.com,Manufacturing,01/05/2026 08:30,Delivered,No,0,0,,No
wellbeing-2026q2,hiro.novak2@example.com,Manufacturing,01/05/2026 08:30,Delivered,No,0,0,,No
wellbeing-2026q2,xenia.iyer@example.com,Manufacturing,01/05/2026 08:30,Delivered,No,0,0,,No
wellbeing-2026q2,jonas.patel@example.com,Technology,01/05/2026 08:30,Bounced,Yes,0,0,,No
wellbeing-2026q2,ben.yilmaz@example.com,Technology,01/05/2026 08:30,Delivered,No,1,1,01/05/2026 10:03,No
wellbeing-2026q2,viktor.hansen2@example.com,Manufacturing,01/05/2026 08:30,Bounced,Yes,0,0,,No
wellbeing-2026q2,wei.brown@example.com,Manufacturing,01/05/2026 08:30,Delivered,No,3,0,01/05/2026 12:38,No
wellbeing-2026q2,xenia.vargas2@example.com,Sales,01/05/2026 08:30,Delivered,No,0,0,,No
wellbeing-2026q2,ben.patel@example.com,Technology,01/05/2026 08:30,Delivered,No,1,1,01/05/2026 12:40,No
wellbeing-2026q2,sam.evans2@example.com,Manufacturing,01/05/2026 08:30,Delivered,No,0,0,,No
wellbeing-2026q2,viktor.brown2@example.com,Sales,01/05/2026 08:30,Delivered,No,3,1,01/05/2026 10:14,No
wellbeing-2026q2,olu.okafor@example.com,Technology,01/05/2026 08:30,Delivered,No,2,0,01/05/2026 10:27,No
wellbeing-2026q2,noah.dubois@example.com,Operations,01/05/2026 08:30,Delivered,No,2,1,01/05/2026 13:14,No
wellbeing-2026q2,daniel.dubois@example.com,Manufacturing,01/05/2026 08:30,Delivered,No,0,0,,No
wellbeing-2026q2,bruno.rossi3@example.com,Marketing,01/05/2026 08:30,Delivered,No,0,0,,No
wellbeing-2026q2,viktor.lopez@example.com,Sales,01/05/2026 08:30,Delivered,No,0,0,,No
wellbeing-2026q2,quinn.zhang@example.com,Manufacturing,01/05/2026 08:30,Delivered,No,2,0,01/05/2026 09:42,No
wellbeing-2026q2,ben.okafor2@example.com,Sales,01/05/2026 08:30,Delivered,No,0,0,,No
wellbeing-2026q2,noah.lopez2@example.com,HR,01/05/2026 08:30,Delivered,No,1,0,01/05/2026 09:30,No
wellbeing-2026q2,kira.tanaka@example.com,Technology,01/05/2026 08:30,Delivered,No,0,0,,No
wellbeing-2026q2,ben.brown@example.com,Sales,01/05/2026 08:30,Delivered,No,0,0,,No
wellbeing-2026q2,farid.tanaka@example.com,Manufacturing,01/05/2026 08:30,Delivered,No,0,0,,No
wellbeing-2026q2,hiro.chen2@example.com,Finance,01/05/2026 08:30,Delivered,No,3,0,01/05/2026 13:22,No
wellbeing-2026q2,xenia.ahmed@example.com,Operations,01/05/2026 08:30,Delivered,No,2,0,01/05/2026 10:09,No
wellbeing-2026q2,zoe.brown@example.com,Manufacturing,01/05/2026 08:30,Delivered,No,0,0,,No
wellbeing-2026q2,aisha.brown@example.com,Marketing,01/05/2026 08:30,Delivered,No,0,0,,No
wellbeing-2026q2,olu.muller@example.com,Sales,01/05/2026 08:30,Delivered,No,0,0,,No
wellbeing-2026q2,farid.hansen@example.com,Manufacturing,01/05/2026 08:30,Delivered,No,0,0,,No
wellbeing-2026q2,priya.kowalski@example.com,Marketing,01/05/2026 08:30,Delivered,No,0,0,,No
wellbeing-2026q2,amara.brown@example.com,Finance,01/05/2026 08:30,Delivered,No,0,0,,No
wellbeing-2026q2,wei.chen@example.com,Manufacturing,01/05/2026 08:30,Delivered,No,1,1,01/05/2026 13:21,No
wellbeing-2026q2,priya.ahmed2@example.com,Manufacturing,01/05/2026 08:30,Delivered,No,0,0,,No
wellbeing-2026q2,hiro.walsh@example.com,Marketing,01/05/2026 08:30,Delivered,No,2,1,01/05/2026 10:02,No
wellbeing-2026q2,yusuf.okafor@example.com,Finance,01/05/2026 08:30,Delivered,No,1,0,01/05/2026 10:08,No
wellbeing-2026q2,farid.kowalski2@example.com,HR,01/05/2026 08:30,Delivered,No,1,0,03/05/2026 13:02,No
wellbeing-2026q2,cara.jensen@example.com,Operations,01/05/2026 08:30,Delivered,No,1,0,01/05/2026 12:33,No
wellbeing-2026q2,noah.iyer@example.com,Finance,01/05/2026 08:30,Delivered,No,0,0,,No
wellbeing-2026q2,amara.ahmed@example.com,Technology,01/05/2026 08:30,Delivered,No,1,1,01/05/2026 10:19,No
wellbeing-2026q2,uma.ueda@example.com,Manufacturing,01/05/2026 08:30,Delivered,No,0,0,,No
wellbeing-2026q2,kira.yilmaz@example.com,Technology,01/05/2026 08:30,Delivered,No,1,4,01/05/2026 12:46,No
wellbeing-2026q2,tariq.okafor@example.com,Manufacturing,01/05/2026 08:30,Delivered,No,3,0,01/05/2026 10:07,No
wellbeing-2026q2,bruno.garcia@example.com,Sales,01/05/2026 08:30,Delivered,No,1,0,02/05/2026 05:01,No
wellbeing-2026q2,maya.garcia@example.com,Manufacturing,01/05/2026 08:30,Delivered,No,0,0,,No
wellbeing-2026q2,tariq.evans2@example.com,Sales,01/05/2026 08:30,Delivered,No,0,0,,No
wellbeing-2026q2,tariq.muller@example.com,Finance,01/05/2026 08:30,Delivered,No,0,0,,No
wellbeing-2026q2,hiro.zhang@example.com,Finance,01/05/2026 08:30,Delivered,No,0,0,,No
wellbeing-2026q2,amara.lopez@example.com,HR,01/05/2026 08:30,Delivered,No,0,0,,No
wellbeing-2026q2,uma.tanaka@example.com,Marketing,01/05/2026 08:30,Delivered,No,1,0,02/05/2026 04:39,No
wellbeing-2026q2,daniel.vargas@example.com,Technology,01/05/2026 08:30,Delivered,No,1,0,01/05/2026 10:28,No
wellbeing-2026q2,zoe.novak2@example.com,Manufacturing,01/05/2026 08:30,Bounced,Yes,0,0,,No
wellbeing-2026q2,sam.okafor@example.com,Manufacturing,01/05/2026 08:30,Delivered,No,0,0,,No
wellbeing-2026q2,priya.tanaka@example.com,Operations,01/05/2026 08:30,Delivered,No,0,0,,No
wellbeing-2026q2,elena.novak@example.com,Marketing,01/05/2026 08:30,Delivered,No,1,0,01/05/2026 09:39,No
wellbeing-2026q2,jonas.garcia@example.com,Manufacturing,01/05/2026 08:30,Delivered,No,0,0,,No
wellbeing-2026q2,dmitri.vargas2@example.com,Sales,01/05/2026 08:30,Delivered,No,0,0,,No
wellbeing-2026q2,daniel.ueda2@example.com,Operations,01/05/2026 08:30,Delivered,No,0,0,,No
wellbeing-2026q2,uma.jensen2@example.com,Manufacturing,01/05/2026 08:30,Delivered,No,0,0,,No
wellbeing-2026q2,chloe.evans@example.com,Finance,01/05/2026 08:30,Delivered,No,2,0,01/05/2026 10:04,No
wellbeing-2026q2,jonas.hansen@example.com,Manufacturing,01/05/2026 08:30,Delivered,No,0,0,,No
wellbeing-2026q2,noah.rossi@example.com,Manufacturing,01/05/2026 08:30,Delivered,No,0,0,,No
wellbeing-2026q2,daniel.zhang@example.com,Manufacturing,01/05/2026 08:30,Delivered,No,0,0,,No
wellbeing-2026q2,priya.okafor@example.com,Manufacturing,01/05/2026 08:30,Delivered,No,0,0,,No
wellbeing-2026q2,viktor.brown3@example.com,Marketing,01/05/2026 08:30,Delivered,No,0,0,,No
wellbeing-2026q2,rosa.muller@example.com,Sales,01/05/2026 08:30,Delivered,No,2,0,02/05/2026 04:32,No
wellbeing-2026q2,kira.chen@example.com,Marketing,01/05/2026 08:30,Delivered,No,0,0,,No
wellbeing-2026q2,cara.kowalski2@example.com,HR,01/05/2026 08:30,Delivered,No,1,0,01/05/2026 09:59,No
wellbeing-2026q2,priya.novak@example.com,Marketing,01/05/2026 08:30,Delivered,No,2,0,01/05/2026 09:44,No
wellbeing-2026q2,xenia.evans2@example.com,Technology,01/05/2026 08:30,Delivered,No,3,1,02/05/2026 04:53,No
wellbeing-2026q2,elena.ahmed@example.com,Manufacturing,01/05/2026 08:30,Delivered,No,1,0,01/05/2026 10:23,No
wellbeing-2026q2,maya.chen@example.com,Sales,01/05/2026 08:30,Delivered,No,0,0,,No
wellbeing-2026q2,zoe.rossi@example.com,Manufacturing,01/05/2026 08:30,Delivered,No,0,0,,No
wellbeing-2026q2,elena.ueda@example.com,HR,01/05/2026 08:30,Delivered,No,0,0,,No
wellbeing-2026q2,wei.yilmaz3@example.com,Technology,01/05/2026 08:30,Delivered,No,0,0,,No
wellbeing-2026q2,dmitri.hansen@example.com,Technology,01/05/2026 08:30,Delivered,No,1,0,01/05/2026 12:59,No
wellbeing-2026q2,bruno.muller@example.com,Finance,01/05/2026 08:30,Delivered,No,2,2,01/05/2026 10:02,No
wellbeing-2026q2,liam.tanaka2@example.com,Technology,01/05/2026 08:30,Delivered,No,1,1,01/05/2026 09:47,No
wellbeing-2026q2,quinn.lopez@example.com,Sales,01/05/2026 08:30,Delivered,No,0,0,,No
wellbeing-2026q2,xenia.vargas3@example.com,Technology,01/05/2026 08:30,Delivered,No,1,0,02/05/2026 05:08,No
wellbeing-2026q2,liam.rossi@example.com,Manufacturing,01/05/2026 08:30,Delivered,No,0,0,,No
wellbeing-2026q2,jonas.yilmaz2@example.com,Legal,01/05/2026 08:30,Delivered,No,0,0,,No
wellbeing-2026q2,aisha.garcia@example.com,Marketing,01/05/2026 08:30,Delivered,No,1,0,03/05/2026 12:53,No
wellbeing-2026q2,sam.tanaka@example.com,Finance,01/05/2026 08:30,Delivered,No,0,0,,No
wellbeing-2026q2,farid.okafor@example.com,Marketing,01/05/2026 08:30,Delivered,No,0,0,,No
wellbeing-2026q2,aisha.garcia2@example.com,Legal,01/05/2026 08:30,Delivered,No,0,0,,No
wellbeing-2026q2,hiro.rossi@example.com,HR,01/05/2026 08:30,Delivered,No,0,0,,No
wellbeing-2026q2,wei.chen2@example.com,Technology,01/05/2026 08:30,Delivered,No,3,0,01/05/2026 12:59,No
wellbeing-2026q2,zoe.kowalski@example.com,Manufacturing,01/05/2026 08:30,Delivered,No,0,0,,No
wellbeing-2026q2,chloe.iyer@example.com,Manufacturing,01/05/2026 08:30,Delivered,No,2,0,01/05/2026 12:32,No
wellbeing-2026q2,jonas.novak@example.com,HR,01/05/2026 08:30,Delivered,No,0,0,,No
wellbeing-2026q2,priya.iyer@example.com,Operations,01/05/2026 08:30,Delivered,No,0,0,,No
wellbeing-2026q2,ben.brown2@example.com,Sales,01/05/2026 08:30,Delivered,No,1,0,01/05/2026 10:22,No
wellbeing-2026q2,priya.evans@example.com,Operations,01/05/2026 08:30,Delivered,No,0,0,,No
wellbeing-2026q2,yusuf.fischer@example.com,Manufacturing,01/05/2026 08:30,Delivered,No,3,0,01/05/2026 13:22,No
wellbeing-2026q2,xenia.kowalski@example.com,Manufacturing,01/05/2026 08:30,Delivered,No,0,0,,No
wellbeing-2026q2,noah.hansen@example.com,Technology,01/05/2026 08:30,Delivered,No,0,0,,No
wellbeing-2026q2,xenia.vargas4@example.com,Operations,01/05/2026 08:30,Delivered,No,2,0,01/05/2026 09:51,No
wellbeing-2026q2,xenia.garcia@example.com,Manufacturing,01/05/2026 08:30,Delivered,No,0,0,,No
wellbeing-2026q2,noah.zhang@example.com,Manufacturing,01/05/2026 08:30,Delivered,No,1,0,01/05/2026 10:19,No
wellbeing-2026q2,maya.brown@example.com,Manufacturing,01/05/2026 08:30,Delivered,No,0,0,,No
wellbeing-2026q2,daniel.evans@example.com,Manufacturing,01/05/2026 08:30,Delivered,No,0,0,,No
wellbeing-2026q2,hiro.vargas2@example.com,Manufacturing,01/05/2026 08:30,Delivered,No,0,0,,No
wellbeing-2026q2,yusuf.muller@example.com,Marketing,01/05/2026 08:30,Delivered,No,1,0,02/05/2026 05:03,No
wellbeing-2026q2,hiro.kowalski@example.com,Operations,01/05/2026 08:30,Delivered,No,0,0,,No
wellbeing-2026q2,chloe.okafor2@example.com,Manufacturing,01/05/2026 08:30,Delivered,No,0,0,,No
wellbeing-2026q2,yusuf.rossi@example.com,Finance,01/05/2026 08:30,Delivered,No,0,0,,No
wellbeing-2026q2,kira.iyer@example.com,Manufacturing,01/05/2026 08:30,Delivered,No,0,0,,No
wellbeing-2026q2,rosa.kowalski2@example.com,Finance,01/05/2026 08:30,Delivered,No,0,0,,No
wellbeing-2026q2,yusuf.walsh@example.com,HR,01/05/2026 08:30,Delivered,No,0,0,,No
wellbeing-2026q2,daniel.silva@example.com,Finance,01/05/2026 08:30,Delivered,No,3,0,01/05/2026 10:16,No
wellbeing-2026q2,aisha.rossi2@example.com,Manufacturing,01/05/2026 08:30,Delivered,No,0,0,,No
wellbeing-2026q2,bruno.tanaka@example.com,HR,01/05/2026 08:30,Delivered,No,1,0,01/05/2026 13:00,No
wellbeing-2026q2,quinn.yilmaz2@example.com,Manufacturing,01/05/2026 08:30,Delivered,No,0,0,,No
wellbeing-2026q2,bruno.ahmed@example.com,Finance,01/05/2026 08:30,Delivered,No,0,0,,No
wellbeing-2026q2,farid.jensen@example.com,Technology,01/05/2026 08:30,Delivered,No,2,1,01/05/2026 13:16,No
wellbeing-2026q2,jonas.novak2@example.com,Finance,01/05/2026 08:30,Delivered,No,0,0,,No
wellbeing-2026q2,liam.novak@example.com,Manufacturing,01/05/2026 08:30,Delivered,No,1,0,01/05/2026 10:27,No
wellbeing-2026q2,elena.rossi@example.com,Technology,01/05/2026 08:30,Delivered,No,0,0,,No
wellbeing-2026q2,viktor.patel3@example.com,Legal,01/05/2026 08:30,Delivered,No,0,0,,No
wellbeing-2026q2,hiro.iyer@example.com,Sales,01/05/2026 08:30,Delivered,No,0,0,,No
wellbeing-2026q2,aisha.ueda@example.com,Manufacturing,01/05/2026 08:30,Delivered,No,0,0,,No
wellbeing-2026q2,viktor.okafor2@example.com,Finance,01/05/2026 08:30,Delivered,No,0,0,,No
wellbeing-2026q2,tariq.rossi@example.com,Finance,01/05/2026 08:30,Delivered,No,0,0,,No
wellbeing-2026q2,zoe.patel@example.com,Manufacturing,01/05/2026 08:30,Delivered,No,0,0,,No
wellbeing-2026q2,maya.dubois@example.com,Marketing,01/05/2026 08:30,Delivered,No,0,0,,No
wellbeing-2026q2,tariq.hansen@example.com,Marketing,01/05/2026 08:30,Delivered,No,0,0,,No
wellbeing-2026q2,kira.ueda2@example.com,Operations,01/05/2026 08:30,Delivered,No,0,0,,No
wellbeing-2026q2,jonas.muller@example.com,Finance,01/05/2026 08:30,Delivered,No,0,0,,No
wellbeing-2026q2,sam.chen@example.com,HR,01/05/2026 08:30,Delivered,No,2,4,01/05/2026 09:37,No
wellbeing-2026q2,aisha.evans@example.com,Technology,01/05/2026 08:30,Delivered,No,0,0,,No
wellbeing-2026q2,wei.tanaka2@example.com,Technology,01/05/2026 08:30,Delivered,No,0,0,,No
wellbeing-2026q2,kira.garcia@example.com,Technology,01/05/2026 08:30,Delivered,No,0,0,,No
wellbeing-2026q2,elena.muller2@example.com,Legal,01/05/2026 08:30,Delivered,No,0,0,,No
wellbeing-2026q2,jonas.kowalski3@example.com,Manufacturing,01/05/2026 08:30,Delivered,No,0,0,,No
wellbeing-2026q2,xenia.chen3@example.com,Technology,01/05/2026 08:30,Delivered,No,2,1,02/05/2026 05:06,No
wellbeing-2026q2,chloe.brown@example.com,Finance,01/05/2026 08:30,Delivered,No,0,0,,No
wellbeing-2026q2,amara.rossi2@example.com,Marketing,01/05/2026 08:30,Delivered,No,2,1,01/05/2026 10:21,No
wellbeing-2026q2,daniel.chen2@example.com,Finance,01/05/2026 08:30,Delivered,No,0,0,,No
wellbeing-2026q2,liam.kowalski@example.com,Manufacturing,01/05/2026 08:30,Delivered,No,0,0,,No
wellbeing-2026q2,cara.lopez@example.com,Manufacturing,01/05/2026 08:30,Delivered,No,0,0,,No
wellbeing-2026q2,farid.vargas@example.com,Finance,01/05/2026 08:30,Delivered,No,0,0,,No
wellbeing-2026q2,hiro.zhang2@example.com,Sales,01/05/2026 08:30,Delivered,No,0,0,,No
wellbeing-2026q2,jonas.chen@example.com,Operations,01/05/2026 08:30,Delivered,No,0,0,,No
wellbeing-2026q2,priya.hansen@example.com,Finance,01/05/2026 08:30,Delivered,No,1,0,01/05/2026 09:56,No
wellbeing-2026q2,wei.hansen2@example.com,Sales,01/05/2026 08:30,Delivered,No,2,0,01/05/2026 09:41,No
wellbeing-2026q2,uma.dubois@example.com,Sales,01/05/2026 08:30,Delivered,No,2,0,01/05/2026 09:34,No
wellbeing-2026q2,viktor.zhang@example.com,Manufacturing,01/05/2026 08:30,Delivered,No,0,0,,No
wellbeing-2026q2,uma.chen@example.com,Marketing,01/05/2026 08:30,Delivered,No,1,0,01/05/2026 09:56,No
wellbeing-2026q2,xenia.yilmaz@example.com,Manufacturing,01/05/2026 08:30,Delivered,No,0,0,,No
wellbeing-2026q2,dmitri.zhang@example.com,Operations,01/05/2026 08:30,Delivered,No,0,0,,No
wellbeing-2026q2,dmitri.ahmed@example.com,Marketing,01/05/2026 08:30,Delivered,No,0,0,,No
wellbeing-2026q2,priya.kowalski2@example.com,Operations,01/05/2026 08:30,Delivered,No,0,0,,No
wellbeing-2026q2,hiro.patel2@example.com,Sales,01/05/2026 08:30,Delivered,No,1,2,01/05/2026 10:06,No
wellbeing-2026q2,zoe.tanaka@example.com,Marketing,01/05/2026 08:30,Delivered,No,5,0,03/05/2026 12:53,No
wellbeing-2026q2,elena.fischer@example.com,Operations,01/05/2026 08:30,Delivered,No,1,0,01/05/2026 12:35,No
wellbeing-2026q2,rosa.tanaka@example.com,Operations,01/05/2026 08:30,Delivered,No,1,0,01/05/2026 13:04,No
wellbeing-2026q2,jonas.walsh3@example.com,Manufacturing,01/05/2026 08:30,Delivered,No,0,0,,No
wellbeing-2026q2,grace.yilmaz@example.com,Marketing,01/05/2026 08:30,Delivered,No,1,0,01/05/2026 12:46,No
wellbeing-2026q2,ben.evans2@example.com,Legal,01/05/2026 08:30,Bounced,Yes,0,0,,No
wellbeing-2026q2,kira.walsh@example.com,Manufacturing,01/05/2026 08:30,Delivered,No,0,0,,No
wellbeing-2026q2,kira.brown@example.com,Technology,01/05/2026 08:30,Delivered,No,0,0,,No
wellbeing-2026q2,zoe.evans@example.com,Finance,01/05/2026 08:30,Delivered,No,1,0,01/05/2026 09:58,No
wellbeing-2026q2,zoe.brown2@example.com,Finance,01/05/2026 08:30,Delivered,No,0,0,,No
wellbeing-2026q2,dmitri.muller@example.com,Operations,01/05/2026 08:30,Delivered,No,1,0,01/05/2026 09:42,No
wellbeing-2026q2,tariq.yilmaz@example.com,Manufacturing,01/05/2026 08:30,Delivered,No,0,0,,No
wellbeing-2026q2,noah.ueda@example.com,Technology,01/05/2026 08:30,Delivered,No,1,1,02/05/2026 04:58,No
wellbeing-2026q2,hiro.dubois@example.com,Manufacturing,01/05/2026 08:30,Delivered,No,0,0,,No
wellbeing-2026q2,aisha.jensen2@example.com,Technology,01/05/2026 08:30,Delivered,No,0,0,,No
wellbeing-2026q2,grace.patel@example.com,Manufacturing,01/05/2026 08:30,Delivered,No,0,0,,No
wellbeing-2026q2,daniel.ueda3@example.com,Sales,01/05/2026 08:30,Delivered,No,0,0,,No
wellbeing-2026q2,uma.novak@example.com,Manufacturing,01/05/2026 08:30,Delivered,No,0,0,,No
wellbeing-2026q2,kira.novak@example.com,Marketing,01/05/2026 08:30,Delivered,No,5,0,01/05/2026 12:44,No
wellbeing-2026q2,chloe.muller2@example.com,Operations,01/05/2026 08:30,Delivered,No,0,0,,No
wellbeing-2026q2,daniel.iyer@example.com,Manufacturing,01/05/2026 08:30,Delivered,No,0,0,,No
wellbeing-2026q2,rosa.okafor3@example.com,HR,01/05/2026 08:30,Delivered,No,0,0,,No
wellbeing-2026q2,ben.ahmed2@example.com,Operations,01/05/2026 08:30,Delivered,No,0,0,,No
wellbeing-2026q2,ben.ueda@example.com,Manufacturing,01/05/2026 08:30,Delivered,No,1,1,01/05/2026 09:56,No
wellbeing-2026q2,liam.ueda@example.com,Manufacturing,01/05/2026 08:30,Delivered,No,0,0,,No
wellbeing-2026q2,xenia.garcia2@example.com,Operations,01/05/2026 08:30,Delivered,No,0,0,,No
wellbeing-2026q2,viktor.silva@example.com,Sales,01/05/2026 08:30,Delivered,No,1,0,02/05/2026 05:12,No
wellbeing-2026q2,bruno.ueda2@example.com,Manufacturing,01/05/2026 08:30,Delivered,No,0,0,,No
wellbeing-2026q2,elena.fischer2@example.com,Operations,01/05/2026 08:30,Delivered,No,2,0,01/05/2026 09:53,No
wellbeing-2026q2,liam.jensen@example.com,Operations,01/05/2026 08:30,Delivered,No,0,0,,No
wellbeing-2026q2,yusuf.rossi2@example.com,Manufacturing,01/05/2026 08:30,Delivered,No,1,0,02/05/2026 05:02,No
wellbeing-2026q2,wei.evans@example.com,Manufacturing,01/05/2026 08:30,Delivered,No,2,0,01/05/2026 13:24,No
wellbeing-2026q2,liam.brown@example.com,Sales,01/05/2026 08:30,Delivered,No,0,0,,No
wellbeing-2026q2,daniel.zhang2@example.com,Operations,01/05/2026 08:30,Delivered,No,0,0,,No
wellbeing-2026q2,priya.novak2@example.com,Manufacturing,01/05/2026 08:30,Delivered,No,0,0,,No
wellbeing-2026q2,ines.tanaka@example.com,Sales,01/05/2026 08:30,Delivered,No,3,0,01/05/2026 09:51,No
wellbeing-2026q2,quinn.rossi2@example.com,Sales,01/05/2026 08:30,Delivered,No,0,0,,No
wellbeing-2026q2,cara.okafor@example.com,Sales,01/05/2026 08:30,Delivered,No,0,0,,No
wellbeing-2026q2,maya.patel@example.com,Operations,01/05/2026 08:30,Delivered,No,0,0,,No
wellbeing-2026q2,wei.zhang@example.com,Finance,01/05/2026 08:30,Delivered,No,1,0,01/05/2026 12:34,No
wellbeing-2026q2,ines.fischer2@example.com,Manufacturing,01/05/2026 08:30,Delivered,No,0,0,,No
wellbeing-2026q2,chloe.ueda@example.com,Sales,01/05/2026 08:30,Delivered,No,0,0,,No
wellbeing-2026q2,priya.ahmed3@example.com,Sales,01/05/2026 08:30,Delivered,No,0,0,,No
wellbeing-2026q2,amara.dubois2@example.com,Manufacturing,01/05/2026 08:30,Delivered,No,0,0,,No
wellbeing-2026q2,noah.tanaka@example.com,Manufacturing,01/05/2026 08:30,Delivered,No,0,0,,No
wellbeing-2026q2,cara.iyer3@example.com,Technology,01/05/2026 08:30,Delivered,No,1,0,01/05/2026 12:57,No
wellbeing-2026q2,amara.rossi3@example.com,Manufacturing,01/05/2026 08:30,Delivered,No,0,0,,No
wellbeing-2026q2,rosa.iyer2@example.com,Operations,01/05/2026 08:30,Delivered,No,0,0,,No
wellbeing-2026q2,xenia.walsh@example.com,Operations,01/05/2026 08:30,Delivered,No,0,0,,No
wellbeing-2026q2,ines.yilmaz@example.com,Technology,01/05/2026 08:30,Delivered,No,0,0,,No
wellbeing-2026q2,ben.ahmed3@example.com,Operations,01/05/2026 08:30,Delivered,No,0,0,,No
wellbeing-2026q2,elena.lopez@example.com,Legal,01/05/2026 08:30,Delivered,No,0,0,,No
wellbeing-2026q2,tariq.chen@example.com,Finance,01/05/2026 08:30,Delivered,No,0,0,,No
wellbeing-2026q2,farid.vargas2@example.com,Operations,01/05/2026 08:30,Delivered,No,0,0,,No
wellbeing-2026q2,aisha.hansen@example.com,Operations,01/05/2026 08:30,Delivered,No,0,0,,No
wellbeing-2026q2,aisha.ahmed2@example.com,Operations,01/05/2026 08:30,Delivered,No,1,0,01/05/2026 10:21,No
wellbeing-2026q2,jonas.dubois@example.com,Manufacturing,01/05/2026 08:30,Delivered,No,0,0,,No
wellbeing-2026q2,wei.fischer2@example.com,Manufacturing,01/05/2026 08:30,Delivered,No,0,0,,No
wellbeing-2026q2,aisha.silva2@example.com,Technology,01/05/2026 08:30,Delivered,No,0,0,,No
wellbeing-2026q2,daniel.dubois2@example.com,Manufacturing,01/05/2026 08:30,Delivered,No,1,0,01/05/2026 10:13,No
wellbeing-2026q2,noah.iyer2@example.com,Manufacturing,01/05/2026 08:30,Delivered,No,0,0,,No
wellbeing-2026q2,ben.silva3@example.com,Operations,01/05/2026 08:30,Delivered,No,2,0,01/05/2026 10:20,No
wellbeing-2026q2,elena.vargas@example.com,Sales,01/05/2026 08:30,Delivered,No,0,0,,No
wellbeing-2026q2,daniel.silva2@example.com,Manufacturing,01/05/2026 08:30,Delivered,No,1,0,02/05/2026 04:56,No
wellbeing-2026q2,bruno.dubois@example.com,Manufacturing,01/05/2026 08:30,Delivered,No,0,0,,No
wellbeing-2026q2,sam.silva2@example.com,HR,01/05/2026 08:30,Delivered,No,1,1,01/05/2026 10:27,No
wellbeing-2026q2,rosa.chen2@example.com,Operations,01/05/2026 08:30,Delivered,No,1,1,01/05/2026 09:53,No
wellbeing-2026q2,yusuf.dubois@example.com,Manufacturing,01/05/2026 08:30,Delivered,No,0,0,,No
wellbeing-2026q2,ben.hansen@example.com,Manufacturing,01/05/2026 08:30,Delivered,No,0,0,,No
wellbeing-2026q2,chloe.silva@example.com,Legal,01/05/2026 08:30,Delivered,No,2,0,01/05/2026 12:49,No
wellbeing-2026q2,yusuf.chen@example.com,Technology,01/05/2026 08:30,Delivered,No,0,0,,No
wellbeing-2026q2,olu.kowalski@example.com,Manufacturing,01/05/2026 08:30,Delivered,No,0,0,,No
wellbeing-2026q2,sam.muller@example.com,Technology,01/05/2026 08:30,Delivered,No,0,0,,No
wellbeing-2026q2,sam.dubois@example.com,Finance,01/05/2026 08:30,Delivered,No,0,0,,No
wellbeing-2026q2,sam.walsh@example.com,Marketing,01/05/2026 08:30,Delivered,No,0,0,,No
wellbeing-2026q2,yusuf.rossi3@example.com,Manufacturing,01/05/2026 08:30,Delivered,No,1,0,02/05/2026 05:03,No
wellbeing-2026q2,kira.ueda3@example.com,Sales,01/05/2026 08:30,Delivered,No,1,0,01/05/2026 13:15,No
wellbeing-2026q2,dmitri.walsh@example.com,Operations,01/05/2026 08:30,Delivered,No,0,0,,No
wellbeing-2026q2,hiro.lopez2@example.com,Technology,01/05/2026 08:30,Delivered,No,0,0,,No
wellbeing-2026q2,yusuf.silva@example.com,Technology,01/05/2026 08:30,Delivered,No,0,0,,No
wellbeing-2026q2,farid.hansen2@example.com,Technology,01/05/2026 08:30,Delivered,No,0,0,,No
wellbeing-2026q2,viktor.ueda@example.com,Operations,01/05/2026 08:30,Delivered,No,1,0,01/05/2026 10:25,No
wellbeing-2026q2,olu.fischer@example.com,Manufacturing,01/05/2026 08:30,Delivered,No,1,1,02/05/2026 04:44,No
wellbeing-2026q2,aisha.patel2@example.com,Manufacturing,01/05/2026 08:30,Delivered,No,0,0,,No
wellbeing-2026q2,ben.rossi@example.com,Sales,01/05/2026 08:30,Delivered,No,3,0,01/05/2026 12:37,No
wellbeing-2026q2,farid.ahmed@example.com,Finance,01/05/2026 08:30,Bounced,Yes,0,0,,No
wellbeing-2026q2,ben.dubois4@example.com,Technology,01/05/2026 08:30,Delivered,No,0,0,,No
wellbeing-2026q2,ines.novak@example.com,Manufacturing,01/05/2026 08:30,Delivered,No,0,0,,No
wellbeing-2026q2,ben.hansen2@example.com,HR,01/05/2026 08:30,Delivered,No,0,0,,No
wellbeing-2026q2,viktor.vargas@example.com,Manufacturing,01/05/2026 08:30,Delivered,No,0,0,,No
wellbeing-2026q2,bruno.muller2@example.com,Technology,01/05/2026 08:30,Delivered,No,2,0,01/05/2026 13:05,No
wellbeing-2026q2,kira.chen2@example.com,HR,01/05/2026 08:30,Delivered,No,3,0,03/05/2026 13:24,No
wellbeing-2026q2,ines.iyer@example.com,HR,01/05/2026 08:30,Delivered,No,1,1,02/05/2026 05:26,No
wellbeing-2026q2,amara.ueda@example.com,Operations,01/05/2026 08:30,Delivered,No,0,0,,No
wellbeing-2026q2,daniel.jensen@example.com,Manufacturing,01/05/2026 08:30,Delivered,No,0,0,,No
wellbeing-2026q2,daniel.lopez@example.com,Marketing,01/05/2026 08:30,Delivered,No,0,0,,No
wellbeing-2026q2,quinn.evans@example.com,Finance,01/05/2026 08:30,Delivered,No,3,0,01/05/2026 10:11,No
wellbeing-2026q2,daniel.fischer2@example.com,Technology,01/05/2026 08:30,Delivered,No,0,0,,No
wellbeing-2026q2,rosa.walsh@example.com,Technology,01/05/2026 08:30,Delivered,No,0,0,,No
wellbeing-2026q2,priya.novak3@example.com,Operations,01/05/2026 08:30,Delivered,No,2,0,02/05/2026 05:18,No
wellbeing-2026q2,xenia.hansen@example.com,Technology,01/05/2026 08:30,Bounced,Yes,0,0,,No
wellbeing-2026q2,zoe.tanaka2@example.com,Sales,01/05/2026 08:30,Delivered,No,1,0,01/05/2026 12:46,No
wellbeing-2026q2,zoe.ahmed@example.com,Technology,01/05/2026 08:30,Delivered,No,0,0,,No
wellbeing-2026q2,cara.dubois@example.com,Manufacturing,01/05/2026 08:30,Delivered,No,5,0,03/05/2026 12:42,No
wellbeing-2026q2,priya.tanaka2@example.com,Manufacturing,01/05/2026 08:30,Delivered,No,1,0,01/05/2026 13:06,No
wellbeing-2026q2,elena.fischer3@example.com,Technology,01/05/2026 08:30,Delivered,No,1,0,02/05/2026 05:11,No
wellbeing-2026q2,xenia.novak@example.com,Technology,01/05/2026 08:30,Bounced,Yes,0,0,,No
wellbeing-2026q2,olu.garcia@example.com,Marketing,01/05/2026 08:30,Delivered,No,0,0,,No
wellbeing-2026q2,liam.evans@example.com,Manufacturing,01/05/2026 08:30,Delivered,No,0,0,,No
wellbeing-2026q2,grace.yilmaz2@example.com,HR,01/05/2026 08:30,Delivered,No,1,0,01/05/2026 09:40,No
wellbeing-2026q2,ines.novak2@example.com,Manufacturing,01/05/2026 08:30,Delivered,No,0,0,,No
wellbeing-2026q2,bruno.novak@example.com,Sales,01/05/2026 08:30,Delivered,No,1,0,01/05/2026 09:30,No
wellbeing-2026q2,viktor.evans@example.com,Marketing,01/05/2026 08:30,Delivered,No,1,0,01/05/2026 09:40,No
wellbeing-2026q2,ben.evans3@example.com,Finance,01/05/2026 08:30,Delivered,No,0,0,,No
wellbeing-2026q2,amara.fischer@example.com,Marketing,01/05/2026 08:30,Delivered,No,1,0,03/05/2026 13:28,No
wellbeing-2026q2,kira.rossi@example.com,Legal,01/05/2026 08:30,Delivered,No,1,1,01/05/2026 10:19,No
wellbeing-2026q2,viktor.rossi2@example.com,Operations,01/05/2026 08:30,Delivered,No,0,0,,No
wellbeing-2026q2,kira.brown2@example.com,Sales,01/05/2026 08:30,Delivered,No,1,0,01/05/2026 09:52,No
wellbeing-2026q2,dmitri.silva@example.com,Operations,01/05/2026 08:30,Delivered,No,1,0,02/05/2026 05:20,No
wellbeing-2026q2,daniel.evans2@example.com,Legal,01/05/2026 08:30,Delivered,No,0,0,,No
wellbeing-2026q2,yusuf.yilmaz@example.com,Marketing,01/05/2026 08:30,Delivered,No,2,0,02/05/2026 04:46,No
wellbeing-2026q2,farid.kowalski3@example.com,Technology,01/05/2026 08:30,Delivered,No,0,0,,No
wellbeing-2026q2,priya.brown@example.com,Finance,01/05/2026 08:30,Delivered,No,0,0,,No
wellbeing-2026q2,quinn.dubois@example.com,Legal,01/05/2026 08:30,Delivered,No,0,0,,No
wellbeing-2026q2,ben.zhang3@example.com,Sales,01/05/2026 08:30,Delivered,No,1,0,01/05/2026 12:35,No
wellbeing-2026q2,xenia.novak2@example.com,Marketing,01/05/2026 08:30,Delivered,No,0,0,,No
wellbeing-2026q2,rosa.ahmed2@example.com,Marketing,01/05/2026 08:30,Delivered,No,0,0,,No
wellbeing-2026q2,tariq.ueda@example.com,Sales,01/05/2026 08:30,Delivered,No,0,0,,No
wellbeing-2026q2,hiro.vargas3@example.com,Marketing,01/05/2026 08:30,Delivered,No,0,0,,No
wellbeing-2026q2,liam.evans2@example.com,Operations,01/05/2026 08:30,Delivered,No,0,0,,No
wellbeing-2026q2,wei.zhang2@example.com,Manufacturing,01/05/2026 08:30,Delivered,No,0,0,,No
wellbeing-2026q2,wei.iyer@example.com,Operations,01/05/2026 08:30,Delivered,No,0,0,,No
wellbeing-2026q2,rosa.evans@example.com,Sales,01/05/2026 08:30,Delivered,No,0,0,,No
wellbeing-2026q2,jonas.lopez@example.com,Marketing,01/05/2026 08:30,Delivered,No,1,2,02/05/2026 05:15,No
wellbeing-2026q2,tariq.fischer@example.com,Sales,01/05/2026 08:30,Delivered,No,1,2,01/05/2026 09:32,No
wellbeing-2026q2,zoe.walsh@example.com,Technology,01/05/2026 08:30,Delivered,No,1,1,01/05/2026 09:34,No
wellbeing-2026q2,sam.walsh2@example.com,Technology,01/05/2026 08:30,Delivered,No,1,0,02/05/2026 04:44,No
wellbeing-2026q2,zoe.dubois@example.com,Operations,01/05/2026 08:30,Delivered,No,0,0,,No
wellbeing-2026q2,kira.vargas@example.com,Legal,01/05/2026 08:30,Delivered,No,3,0,02/05/2026 04:39,No
wellbeing-2026q2,maya.evans@example.com,Marketing,01/05/2026 08:30,Delivered,No,0,0,,No
wellbeing-2026q2,zoe.rossi2@example.com,Legal,01/05/2026 08:30,Delivered,No,0,0,,No
wellbeing-2026q2,yusuf.vargas@example.com,Operations,01/05/2026 08:30,Delivered,No,0,0,,No
wellbeing-2026q2,noah.brown@example.com,Operations,01/05/2026 08:30,Delivered,No,3,0,01/05/2026 10:16,No
wellbeing-2026q2,cara.evans@example.com,Sales,01/05/2026 08:30,Delivered,No,0,0,,No
wellbeing-2026q2,priya.hansen2@example.com,Operations,01/05/2026 08:30,Delivered,No,0,0,,No
wellbeing-2026q2,viktor.zhang2@example.com,Sales,01/05/2026 08:30,Delivered,No,1,0,02/05/2026 04:59,No
wellbeing-2026q2,hiro.iyer2@example.com,Operations,01/05/2026 08:30,Delivered,No,0,0,,No
wellbeing-2026q2,uma.okafor@example.com,Marketing,01/05/2026 08:30,Delivered,No,0,0,,No
wellbeing-2026q2,chloe.tanaka@example.com,Sales,01/05/2026 08:30,Delivered,No,0,0,,No
wellbeing-2026q2,bruno.hansen@example.com,Operations,01/05/2026 08:30,Delivered,No,0,0,,No
wellbeing-2026q2,amara.walsh3@example.com,Manufacturing,01/05/2026 08:30,Delivered,No,0,0,,No
wellbeing-2026q2,bruno.kowalski2@example.com,Manufacturing,01/05/2026 08:30,Delivered,No,0,0,,No
wellbeing-2026q2,uma.ueda2@example.com,Technology,01/05/2026 08:30,Delivered,No,2,1,03/05/2026 13:24,No
wellbeing-2026q2,quinn.ahmed@example.com,Manufacturing,01/05/2026 08:30,Bounced,Yes,0,0,,No
wellbeing-2026q2,tariq.rossi2@example.com,Manufacturing,01/05/2026 08:30,Delivered,No,2,0,01/05/2026 09:33,No
wellbeing-2026q2,chloe.garcia@example.com,Marketing,01/05/2026 08:30,Delivered,No,0,0,,No
wellbeing-2026q2,tariq.novak@example.com,Manufacturing,01/05/2026 08:30,Delivered,No,0,0,,No
wellbeing-2026q2,cara.iyer4@example.com,Marketing,01/05/2026 08:30,Delivered,No,0,0,,No
wellbeing-2026q2,bruno.hansen2@example.com,Finance,01/05/2026 08:30,Delivered,No,0,0,,No
wellbeing-2026q2,uma.ahmed@example.com,Finance,01/05/2026 08:30,Delivered,No,5,1,02/05/2026 05:19,No
wellbeing-2026q2,jonas.kowalski4@example.com,Marketing,01/05/2026 08:30,Delivered,No,2,1,01/05/2026 10:09,No
wellbeing-2026q2,sam.zhang@example.com,Legal,01/05/2026 08:30,Delivered,No,0,0,,No
wellbeing-2026q2,chloe.dubois@example.com,Technology,01/05/2026 08:30,Delivered,No,0,0,,No
wellbeing-2026q2,grace.ueda@example.com,Manufacturing,01/05/2026 08:30,Delivered,No,0,0,,No
wellbeing-2026q2,quinn.jensen@example.com,Sales,01/05/2026 08:30,Delivered,No,1,0,01/05/2026 10:13,No
wellbeing-2026q2,liam.fischer@example.com,Finance,01/05/2026 08:30,Delivered,No,1,0,01/05/2026 12:50,No
wellbeing-2026q2,wei.chen3@example.com,Operations,01/05/2026 08:30,Delivered,No,0,0,,No
wellbeing-2026q2,ines.fischer3@example.com,Manufacturing,01/05/2026 08:30,Delivered,No,0,0,,No
wellbeing-2026q2,ines.lopez2@example.com,Sales,01/05/2026 08:30,Delivered,No,1,4,01/05/2026 13:01,No
wellbeing-2026q2,ines.jensen@example.com,Operations,01/05/2026 08:30,Delivered,No,0,0,,No
wellbeing-2026q2,kira.brown3@example.com,Operations,01/05/2026 08:30,Delivered,No,1,1,01/05/2026 09:53,No
wellbeing-2026q2,yusuf.okafor2@example.com,Manufacturing,01/05/2026 08:30,Delivered,No,0,0,,No
wellbeing-2026q2,ben.rossi2@example.com,Sales,01/05/2026 08:30,Delivered,No,0,0,,No
wellbeing-2026q2,olu.ueda@example.com,Marketing,01/05/2026 08:30,Delivered,No,0,0,,No
wellbeing-2026q2,elena.jensen@example.com,Operations,01/05/2026 08:30,Delivered,No,0,0,,No
wellbeing-2026q2,xenia.yilmaz2@example.com,Manufacturing,01/05/2026 08:30,Delivered,No,2,0,02/05/2026 04:57,No
wellbeing-2026q2,noah.walsh@example.com,Marketing,01/05/2026 08:30,Delivered,No,0,0,,No
wellbeing-2026q2,quinn.fischer@example.com,Manufacturing,01/05/2026 08:30,Delivered,No,0,0,,No
wellbeing-2026q2,tariq.dubois@example.com,Manufacturing,01/05/2026 08:30,Delivered,No,0,0,,No
wellbeing-2026q2,noah.novak@example.com,Manufacturing,01/05/2026 08:30,Delivered,No,0,0,,No
wellbeing-2026q2,dmitri.hansen2@example.com,Sales,01/05/2026 08:30,Delivered,No,0,0,,No
wellbeing-2026q2,cara.chen@example.com,Manufacturing,01/05/2026 08:30,Delivered,No,0,0,,No
wellbeing-2026q2,tariq.kowalski@example.com,Operations,01/05/2026 08:30,Delivered,No,0,0,,No
wellbeing-2026q2,amara.hansen@example.com,Manufacturing,01/05/2026 08:30,Delivered,No,0,0,,No
wellbeing-2026q2,wei.silva@example.com,Sales,01/05/2026 08:30,Delivered,No,0,0,,No
wellbeing-2026q2,daniel.jensen2@example.com,Technology,01/05/2026 08:30,Delivered,No,1,0,01/05/2026 10:23,No
wellbeing-2026q2,noah.fischer@example.com,Manufacturing,01/05/2026 08:30,Delivered,No,0,0,,No
wellbeing-2026q2,grace.yilmaz3@example.com,Technology,01/05/2026 08:30,Delivered,No,0,0,,No
wellbeing-2026q2,daniel.garcia@example.com,Marketing,01/05/2026 08:30,Delivered,No,0,0,,No
wellbeing-2026q2,cara.garcia@example.com,Marketing,01/05/2026 08:30,Delivered,No,0,0,,No
wellbeing-2026q2,noah.zhang2@example.com,Technology,01/05/2026 08:30,Delivered,No,0,0,,No
wellbeing-2026q2,olu.muller2@example.com,Technology,01/05/2026 08:30,Delivered,No,2,4,01/05/2026 13:21,No
wellbeing-2026q2,maya.yilmaz@example.com,Marketing,01/05/2026 08:30,Delivered,No,5,0,01/05/2026 12:37,No
wellbeing-2026q2,elena.jensen2@example.com,Manufacturing,01/05/2026 08:30,Delivered,No,0,0,,No
wellbeing-2026q2,jonas.brown@example.com,Operations,01/05/2026 08:30,Delivered,No,0,0,,No
wellbeing-2026q2,grace.muller2@example.com,Legal,01/05/2026 08:30,Delivered,No,3,0,01/05/2026 09:31,No
wellbeing-2026q2,amara.novak@example.com,HR,01/05/2026 08:30,Delivered,No,0,0,,No
wellbeing-2026q2,farid.rossi@example.com,Manufacturing,01/05/2026 08:30,Delivered,No,0,0,,No
wellbeing-2026q2,bruno.garcia2@example.com,Manufacturing,01/05/2026 08:30,Delivered,No,1,0,01/05/2026 10:00,No
wellbeing-2026q2,wei.brown2@example.com,Manufacturing,01/05/2026 08:30,Delivered,No,0,0,,No
wellbeing-2026q2,noah.iyer3@example.com,Technology,01/05/2026 08:30,Delivered,No,0,0,,No
wellbeing-2026q2,hiro.patel3@example.com,Marketing,01/05/2026 08:30,Delivered,No,3,0,01/05/2026 12:34,No
wellbeing-2026q2,olu.kowalski2@example.com,Marketing,01/05/2026 08:30,Delivered,No,2,0,01/05/2026 12:47,No
wellbeing-2026q2,chloe.fischer@example.com,Manufacturing,01/05/2026 08:30,Delivered,No,1,0,01/05/2026 13:27,No
wellbeing-2026q2,xenia.ahmed2@example.com,Operations,01/05/2026 08:30,Delivered,No,0,0,,No
wellbeing-2026q2,sam.ueda@example.com,Sales,01/05/2026 08:30,Delivered,No,0,0,,No
wellbeing-2026q2,ben.muller2@example.com,Technology,01/05/2026 08:30,Delivered,No,1,0,01/05/2026 13:18,No
wellbeing-2026q2,yusuf.yilmaz2@example.com,Manufacturing,01/05/2026 08:30,Delivered,No,2,0,02/05/2026 05:05,No
wellbeing-2026q2,cara.kowalski3@example.com,Technology,01/05/2026 08:30,Delivered,No,2,0,01/05/2026 10:22,No
wellbeing-2026q2,viktor.lopez2@example.com,Operations,01/05/2026 08:30,Delivered,No,0,0,,No
wellbeing-2026q2,wei.rossi2@example.com,Operations,01/05/2026 08:30,Delivered,No,0,0,,No
wellbeing-2026q2,bruno.kowalski3@example.com,Manufacturing,01/05/2026 08:30,Bounced,Yes,0,0,,No
wellbeing-2026q2,uma.jensen3@example.com,Marketing,01/05/2026 08:30,Delivered,No,1,0,01/05/2026 09:32,No
wellbeing-2026q2,ben.iyer@example.com,Finance,01/05/2026 08:30,Delivered,No,2,0,01/05/2026 10:15,No
wellbeing-2026q2,liam.yilmaz2@example.com,Manufacturing,01/05/2026 08:30,Delivered,No,0,0,,No
wellbeing-2026q2,dmitri.garcia@example.com,Manufacturing,01/05/2026 08:30,Delivered,No,0,0,,No
wellbeing-2026q2,elena.vargas2@example.com,Technology,01/05/2026 08:30,Delivered,No,1,0,01/05/2026 09:52,No
wellbeing-2026q2,uma.tanaka2@example.com,Marketing,01/05/2026 08:30,Delivered,No,0,0,,No
wellbeing-2026q2,maya.jensen@example.com,Marketing,01/05/2026 08:30,Delivered,No,2,0,02/05/2026 05:02,No
wellbeing-2026q2,liam.okafor@example.com,Sales,01/05/2026 08:30,Delivered,No,1,0,03/05/2026 13:07,No
wellbeing-2026q2,aisha.silva3@example.com,Manufacturing,01/05/2026 08:30,Delivered,No,0,0,,No
wellbeing-2026q2,liam.jensen2@example.com,Sales,01/05/2026 08:30,Delivered,No,0,0,,No
wellbeing-2026q2,viktor.yilmaz2@example.com,HR,01/05/2026 08:30,Delivered,No,0,0,,No
wellbeing-2026q2,tariq.kowalski2@example.com,Technology,01/05/2026 08:30,Delivered,No,0,0,,No
wellbeing-2026q2,priya.muller@example.com,Finance,01/05/2026 08:30,Delivered,No,3,0,01/05/2026 13:22,No
wellbeing-2026q2,rosa.garcia@example.com,Manufacturing,01/05/2026 08:30,Delivered,No,0,0,,No
wellbeing-2026q2,ben.novak@example.com,Technology,01/05/2026 08:30,Delivered,No,1,1,01/05/2026 12:36,No
wellbeing-2026q2,kira.tanaka2@example.com,Operations,01/05/2026 08:30,Delivered,No,0,0,,No
wellbeing-2026q2,kira.ahmed@example.com,Marketing,01/05/2026 08:30,Delivered,No,1,1,01/05/2026 13:10,No
wellbeing-2026q2,xenia.chen4@example.com,Operations,01/05/2026 08:30,Delivered,No,1,0,01/05/2026 13:06,No
wellbeing-2026q2,jonas.fischer@example.com,Operations,01/05/2026 08:30,Delivered,No,1,0,03/05/2026 13:07,No
wellbeing-2026q2,olu.dubois@example.com,Marketing,01/05/2026 08:30,Delivered,No,1,2,01/05/2026 12:35,No
wellbeing-2026q2,xenia.evans3@example.com,Operations,01/05/2026 08:30,Delivered,No,0,0,,No
wellbeing-2026q2,kira.ahmed2@example.com,Operations,01/05/2026 08:30,Delivered,No,0,0,,No
wellbeing-2026q2,bruno.vargas@example.com,Manufacturing,01/05/2026 08:30,Delivered,No,2,0,01/05/2026 10:07,No
wellbeing-2026q2,zoe.chen@example.com,Finance,01/05/2026 08:30,Delivered,No,0,0,,No
wellbeing-2026q2,daniel.brown@example.com,Legal,01/05/2026 08:30,Delivered,No,2,0,01/05/2026 10:14,No
wellbeing-2026q2,quinn.ueda@example.com,Manufacturing,01/05/2026 08:30,Delivered,No,0,0,,No
wellbeing-2026q2,jonas.iyer@example.com,Operations,01/05/2026 08:30,Delivered,No,2,0,01/05/2026 13:27,No
wellbeing-2026q2,sam.walsh3@example.com,Technology,01/05/2026 08:30,Delivered,No,1,0,01/05/2026 10:28,No
wellbeing-2026q2,grace.novak@example.com,Finance,01/05/2026 08:30,Delivered,No,1,0,03/05/2026 13:13,No
wellbeing-2026q2,priya.ueda@example.com,Operations,01/05/2026 08:30,Delivered,No,0,0,,No
wellbeing-2026q2,wei.silva2@example.com,Manufacturing,01/05/2026 08:30,Delivered,No,0,0,,No
wellbeing-2026q2,quinn.brown@example.com,HR,01/05/2026 08:30,Delivered,No,1,1,01/05/2026 10:18,No
wellbeing-2026q2,grace.tanaka3@example.com,Marketing,01/05/2026 08:30,Delivered,No,1,1,01/05/2026 13:27,No
wellbeing-2026q2,sam.garcia@example.com,Marketing,01/05/2026 08:30,Delivered,No,1,0,01/05/2026 10:21,No
wellbeing-2026q2,daniel.dubois3@example.com,Operations,01/05/2026 08:30,Delivered,No,1,0,01/05/2026 10:17,No
wellbeing-2026q2,tariq.okafor2@example.com,Technology,01/05/2026 08:30,Delivered,No,1,1,01/05/2026 10:11,No
wellbeing-2026q2,liam.muller@example.com,Manufacturing,01/05/2026 08:30,Delivered,No,0,0,,No
wellbeing-2026q2,viktor.patel4@example.com,Operations,01/05/2026 08:30,Delivered,No,0,0,,No
wellbeing-2026q2,cara.chen2@example.com,Technology,01/05/2026 08:30,Delivered,No,0,0,,No
wellbeing-2026q2,uma.ahmed2@example.com,Manufacturing,01/05/2026 08:30,Delivered,No,0,0,,No
wellbeing-2026q2,chloe.novak2@example.com,Marketing,01/05/2026 08:30,Delivered,No,2,0,01/05/2026 13:07,No
wellbeing-2026q2,yusuf.lopez@example.com,Manufacturing,01/05/2026 08:30,Bounced,Yes,0,0,,No
wellbeing-2026q2,wei.tanaka3@example.com,Operations,01/05/2026 08:30,Delivered,No,1,1,01/05/2026 09:49,No
wellbeing-2026q2,farid.muller2@example.com,Manufacturing,01/05/2026 08:30,Delivered,No,0,0,,No
wellbeing-2026q2,olu.zhang@example.com,Sales,01/05/2026 08:30,Delivered,No,2,1,01/05/2026 13:01,No
wellbeing-2026q2,amara.walsh4@example.com,Marketing,01/05/2026 08:30,Delivered,No,2,0,01/05/2026 13:25,No
wellbeing-2026q2,ben.muller3@example.com,Technology,01/05/2026 08:30,Delivered,No,0,0,,No
wellbeing-2026q2,ben.rossi3@example.com,Operations,01/05/2026 08:30,Delivered,No,1,0,01/05/2026 09:33,No
wellbeing-2026q2,xenia.lopez@example.com,Manufacturing,01/05/2026 08:30,Delivered,No,0,0,,No
wellbeing-2026q2,amara.yilmaz@example.com,Sales,01/05/2026 08:30,Bounced,Yes,0,0,,No
wellbeing-2026q2,maya.tanaka@example.com,Manufacturing,01/05/2026 08:30,Delivered,No,0,0,,No
wellbeing-2026q2,priya.silva@example.com,Marketing,01/05/2026 08:30,Delivered,No,1,0,01/05/2026 10:20,No
wellbeing-2026q2,kira.ahmed3@example.com,Sales,01/05/2026 08:30,Delivered,No,0,0,,No
wellbeing-2026q2,amara.iyer@example.com,HR,01/05/2026 08:30,Delivered,No,0,0,,No
wellbeing-2026q2,farid.patel@example.com,Manufacturing,01/05/2026 08:30,Delivered,No,0,0,,No
wellbeing-2026q2,kira.evans@example.com,Marketing,01/05/2026 08:30,Delivered,No,0,0,,No
wellbeing-2026q2,tariq.ahmed@example.com,Operations,01/05/2026 08:30,Delivered,No,1,0,01/05/2026 10:13,No
wellbeing-2026q2,chloe.lopez2@example.com,Manufacturing,01/05/2026 08:30,Delivered,No,1,0,03/05/2026 13:06,No
wellbeing-2026q2,tariq.muller2@example.com,Legal,01/05/2026 08:30,Delivered,No,1,1,02/05/2026 04:51,No
wellbeing-2026q2,noah.iyer4@example.com,Technology,01/05/2026 08:30,Delivered,No,0,0,,No
wellbeing-2026q2,noah.tanaka2@example.com,Legal,01/05/2026 08:30,Delivered,No,0,0,,No
wellbeing-2026q2,quinn.walsh2@example.com,Manufacturing,01/05/2026 08:30,Delivered,No,1,0,01/05/2026 10:17,No
wellbeing-2026q2,farid.fischer2@example.com,Manufacturing,01/05/2026 08:30,Delivered,No,0,0,,No
wellbeing-2026q2,priya.jensen2@example.com,Operations,01/05/2026 08:30,Delivered,No,1,1,03/05/2026 12:44,No
wellbeing-2026q2,jonas.rossi@example.com,Technology,01/05/2026 08:30,Delivered,No,1,0,02/05/2026 04:54,No
wellbeing-2026q2,quinn.muller2@example.com,Technology,01/05/2026 08:30,Delivered,No,2,1,01/05/2026 10:18,No
wellbeing-2026q2,chloe.silva2@example.com,Sales,01/05/2026 08:30,Bounced,Yes,0,0,,No
wellbeing-2026q2,farid.vargas3@example.com,Sales,01/05/2026 08:30,Delivered,No,1,0,01/05/2026 09:49,No
wellbeing-2026q2,liam.vargas@example.com,Manufacturing,01/05/2026 08:30,Delivered,No,1,0,01/05/2026 12:32,No
wellbeing-2026q2,tariq.zhang2@example.com,Manufacturing,01/05/2026 08:30,Delivered,No,0,0,,No
wellbeing-2026q2,uma.silva@example.com,Technology,01/05/2026 08:30,Delivered,No,0,0,,No
wellbeing-2026q2,olu.ahmed@example.com,Marketing,01/05/2026 08:30,Delivered,No,0,0,,No
wellbeing-2026q2,ines.iyer2@example.com,Sales,01/05/2026 08:30,Delivered,No,0,0,,No
wellbeing-2026q2,liam.garcia2@example.com,Operations,01/05/2026 08:30,Delivered,No,2,0,01/05/2026 12:53,No
wellbeing-2026q2,priya.fischer2@example.com,Technology,01/05/2026 08:30,Delivered,No,0,0,,No
wellbeing-2026q2,grace.lopez2@example.com,Manufacturing,01/05/2026 08:30,Delivered,No,0,0,,No
wellbeing-2026q2,uma.hansen@example.com,Operations,01/05/2026 08:30,Delivered,No,0,0,,No
wellbeing-2026q2,noah.hansen2@example.com,Manufacturing,01/05/2026 08:30,Delivered,No,0,0,,No
wellbeing-2026q2,noah.tanaka3@example.com,Manufacturing,01/05/2026 08:30,Delivered,No,0,0,,No
wellbeing-2026q2,ines.chen@example.com,Operations,01/05/2026 08:30,Delivered,No,0,0,,No
wellbeing-2026q2,wei.evans2@example.com,Manufacturing,01/05/2026 08:30,Delivered,No,1,0,01/05/2026 13:07,No
wellbeing-2026q2,noah.evans@example.com,HR,01/05/2026 08:30,Delivered,No,1,1,02/05/2026 05:11,No
wellbeing-2026q2,amara.lopez2@example.com,Technology,01/05/2026 08:30,Bounced,Yes,0,0,,No
wellbeing-2026q2,kira.okafor2@example.com,Sales,01/05/2026 08:30,Delivered,No,0,0,,No
wellbeing-2026q2,chloe.chen@example.com,Finance,01/05/2026 08:30,Delivered,No,3,1,01/05/2026 10:28,No
wellbeing-2026q2,cara.yilmaz2@example.com,Manufacturing,01/05/2026 08:30,Delivered,No,0,0,,No
wellbeing-2026q2,liam.okafor2@example.com,HR,01/05/2026 08:30,Delivered,No,1,0,01/05/2026 10:20,No
wellbeing-2026q2,sam.ahmed@example.com,Technology,01/05/2026 08:30,Delivered,No,0,0,,No
wellbeing-2026q2,farid.garcia@example.com,Manufacturing,01/05/2026 08:30,Delivered,No,0,0,,No
wellbeing-2026q2,viktor.patel5@example.com,Technology,01/05/2026 08:30,Delivered,No,3,1,01/05/2026 13:14,No
wellbeing-2026q2,kira.tanaka3@example.com,Sales,01/05/2026 08:30,Delivered,No,1,0,01/05/2026 13:19,No
wellbeing-2026q2,chloe.hansen@example.com,Technology,01/05/2026 08:30,Delivered,No,1,2,02/05/2026 05:29,No
wellbeing-2026q2,kira.yilmaz2@example.com,Marketing,01/05/2026 08:30,Bounced,Yes,0,0,,No
wellbeing-2026q2,xenia.garcia3@example.com,Manufacturing,01/05/2026 08:30,Delivered,No,0,0,,No
wellbeing-2026q2,viktor.yilmaz3@example.com,Manufacturing,01/05/2026 08:30,Delivered,No,0,0,,No
wellbeing-2026q2,cara.ahmed3@example.com,Marketing,01/05/2026 08:30,Delivered,No,1,0,02/05/2026 05:09,No
wellbeing-2026q2,yusuf.lopez2@example.com,Sales,01/05/2026 08:30,Delivered,No,1,0,01/05/2026 09:49,No
wellbeing-2026q2,cara.kowalski4@example.com,Manufacturing,01/05/2026 08:30,Delivered,No,0,0,,No
wellbeing-2026q2,xenia.okafor@example.com,Operations,01/05/2026 08:30,Delivered,No,0,0,,No
wellbeing-2026q2,wei.kowalski@example.com,Sales,01/05/2026 08:30,Delivered,No,1,0,01/05/2026 09:37,No
wellbeing-2026q2,ben.evans4@example.com,Finance,01/05/2026 08:30,Delivered,No,1,0,01/05/2026 13:22,No
wellbeing-2026q2,liam.ueda2@example.com,Operations,01/05/2026 08:30,Delivered,No,1,0,01/05/2026 13:26,No
wellbeing-2026q2,tariq.kowalski3@example.com,Legal,01/05/2026 08:30,Delivered,No,1,0,02/05/2026 04:35,No
wellbeing-2026q2,farid.hansen3@example.com,Manufacturing,01/05/2026 08:30,Delivered,No,3,0,01/05/2026 10:11,No
wellbeing-2026q2,amara.novak2@example.com,Operations,01/05/2026 08:30,Delivered,No,0,0,,No
wellbeing-2026q2,wei.muller@example.com,Sales,01/05/2026 08:30,Delivered,No,1,0,01/05/2026 10:26,No
wellbeing-2026q2,uma.novak2@example.com,Marketing,01/05/2026 08:30,Delivered,No,0,0,,No
wellbeing-2026q2,rosa.ueda2@example.com,Technology,01/05/2026 08:30,Delivered,No,0,0,,No
wellbeing-2026q2,maya.garcia2@example.com,Operations,01/05/2026 08:30,Delivered,No,0,0,,No
wellbeing-2026q2,elena.yilmaz@example.com,Manufacturing,01/05/2026 08:30,Delivered,No,0,0,,No
wellbeing-2026q2,daniel.chen3@example.com,Manufacturing,01/05/2026 08:30,Delivered,No,0,0,,No
wellbeing-2026q2,jonas.chen2@example.com,Manufacturing,01/05/2026 08:30,Delivered,No,0,0,,No
wellbeing-2026q2,yusuf.dubois2@example.com,Finance,01/05/2026 08:30,Delivered,No,1,0,03/05/2026 13:24,No
wellbeing-2026q2,kira.zhang@example.com,HR,01/05/2026 08:30,Delivered,No,1,0,01/05/2026 10:07,No
wellbeing-2026q2,ines.lopez3@example.com,Manufacturing,01/05/2026 08:30,Delivered,No,1,1,02/05/2026 05:27,No
wellbeing-2026q2,elena.okafor@example.com,Manufacturing,01/05/2026 08:30,Delivered,No,0,0,,No
wellbeing-2026q2,uma.silva2@example.com,Technology,01/05/2026 08:30,Delivered,No,0,0,,No
wellbeing-2026q2,priya.tanaka3@example.com,Operations,01/05/2026 08:30,Delivered,No,1,0,01/05/2026 09:38,No
wellbeing-2026q2,bruno.okafor@example.com,Technology,01/05/2026 08:30,Delivered,No,1,0,01/05/2026 09:44,No
wellbeing-2026q2,dmitri.kowalski@example.com,Manufacturing,01/05/2026 08:30,Delivered,No,0,0,,No
wellbeing-2026q2,xenia.vargas5@example.com,Marketing,01/05/2026 08:30,Delivered,No,0,0,,No
wellbeing-2026q2,quinn.fischer2@example.com,Manufacturing,01/05/2026 08:30,Delivered,No,0,0,,No
wellbeing-2026q2,grace.okafor@example.com,Manufacturing,01/05/2026 08:30,Delivered,No,0,0,,No
wellbeing-2026q2,quinn.okafor2@example.com,Manufacturing,01/05/2026 08:30,Delivered,No,1,0,01/05/2026 10:20,No
wellbeing-2026q2,ines.tanaka2@example.com,Legal,01/05/2026 08:30,Delivered,No,0,0,,No
wellbeing-2026q2,hiro.zhang3@example.com,HR,01/05/2026 08:30,Bounced,Yes,0,0,,No
wellbeing-2026q2,cara.walsh@example.com,Technology,01/05/2026 08:30,Delivered,No,2,2,01/05/2026 13:19,No
wellbeing-2026q2,grace.muller3@example.com,Marketing,01/05/2026 08:30,Delivered,No,3,0,01/05/2026 09:38,No
wellbeing-2026q2,maya.walsh@example.com,Operations,01/05/2026 08:30,Delivered,No,0,0,,No
wellbeing-2026q2,kira.zhang2@example.com,Manufacturing,01/05/2026 08:30,Delivered,No,0,0,,No
wellbeing-2026q2,ines.kowalski@example.com,Manufacturing,01/05/2026 08:30,Bounced,Yes,0,0,,No
wellbeing-2026q2,viktor.fischer@example.com,Sales,01/05/2026 08:30,Delivered,No,0,0,,No
wellbeing-2026q2,amara.jensen@example.com,Technology,01/05/2026 08:30,Delivered,No,1,2,01/05/2026 09:49,No
wellbeing-2026q2,aisha.brown2@example.com,Technology,01/05/2026 08:30,Delivered,No,0,0,,No
wellbeing-2026q2,hiro.zhang4@example.com,Manufacturing,01/05/2026 08:30,Delivered,No,0,0,,No
wellbeing-2026q2,kira.ahmed4@example.com,Manufacturing,01/05/2026 08:30,Delivered,No,0,0,,No
wellbeing-2026q2,amara.lopez3@example.com,Technology,01/05/2026 08:30,Delivered,No,1,1,01/05/2026 10:29,No
wellbeing-2026q2,olu.iyer@example.com,Technology,01/05/2026 08:30,Delivered,No,0,0,,No
wellbeing-2026q2,chloe.walsh2@example.com,HR,01/05/2026 08:30,Delivered,No,0,0,,No
wellbeing-2026q2,zoe.walsh2@example.com,Operations,01/05/2026 08:30,Delivered,No,0,0,,No
wellbeing-2026q2,farid.brown@example.com,Marketing,01/05/2026 08:30,Delivered,No,0,0,,No
wellbeing-2026q2,daniel.chen4@example.com,Marketing,01/05/2026 08:30,Delivered,No,0,0,,No
wellbeing-2026q2,noah.dubois2@example.com,Operations,01/05/2026 08:30,Delivered,No,1,0,01/05/2026 10:01,No
wellbeing-2026q2,elena.lopez2@example.com,Manufacturing,01/05/2026 08:30,Delivered,No,0,0,,No
wellbeing-2026q2,yusuf.hansen2@example.com,Operations,01/05/2026 08:30,Delivered,No,0,0,,No
wellbeing-2026q2,wei.rossi3@example.com,Sales,01/05/2026 08:30,Delivered,No,1,0,01/05/2026 10:17,No
wellbeing-2026q2,viktor.brown4@example.com,Technology,01/05/2026 08:30,Delivered,No,0,0,,No
wellbeing-2026q2,hiro.dubois2@example.com,Manufacturing,01/05/2026 08:30,Delivered,No,0,0,,No
wellbeing-2026q2,elena.rossi2@example.com,Technology,01/05/2026 08:30,Delivered,No,0,0,,No
wellbeing-2026q2,xenia.yilmaz3@example.com,Finance,01/05/2026 08:30,Bounced,Yes,0,0,,No
wellbeing-2026q2,hiro.zhang5@example.com,Marketing,01/05/2026 08:30,Delivered,No,1,1,01/05/2026 13:19,No
wellbeing-2026q2,hiro.silva@example.com,Manufacturing,01/05/2026 08:30,Delivered,No,0,0,,No
wellbeing-2026q2,daniel.brown2@example.com,Finance,01/05/2026 08:30,Delivered,No,2,0,01/05/2026 09:44,No
wellbeing-2026q2,grace.hansen2@example.com,Operations,01/05/2026 08:30,Delivered,No,1,0,02/05/2026 05:05,No
wellbeing-2026q2,dmitri.zhang2@example.com,Manufacturing,01/05/2026 08:30,Delivered,No,0,0,,No
wellbeing-2026q2,maya.evans2@example.com,Operations,01/05/2026 08:30,Delivered,No,0,0,,No
wellbeing-2026q2,liam.ueda3@example.com,Manufacturing,01/05/2026 08:30,Delivered,No,0,0,,No
wellbeing-2026q2,jonas.walsh4@example.com,Sales,01/05/2026 08:30,Delivered,No,3,0,01/05/2026 12:36,No
wellbeing-2026q2,amara.fischer2@example.com,HR,01/05/2026 08:30,Delivered,No,0,0,,No
wellbeing-2026q2,tariq.muller3@example.com,Operations,01/05/2026 08:30,Delivered,No,0,0,,No
wellbeing-2026q2,viktor.garcia@example.com,HR,01/05/2026 08:30,Delivered,No,0,0,,No
wellbeing-2026q2,noah.rossi2@example.com,Operations,01/05/2026 08:30,Delivered,No,0,0,,No
wellbeing-2026q2,yusuf.brown2@example.com,Sales,01/05/2026 08:30,Delivered,No,0,0,,No
wellbeing-2026q2,elena.evans@example.com,Manufacturing,01/05/2026 08:30,Delivered,No,0,0,,No
wellbeing-2026q2,hiro.lopez3@example.com,Marketing,01/05/2026 08:30,Delivered,No,0,0,,No
wellbeing-2026q2,chloe.ueda2@example.com,Operations,01/05/2026 08:30,Delivered,No,1,2,01/05/2026 10:09,No
wellbeing-2026q2,hiro.lopez4@example.com,Manufacturing,01/05/2026 08:30,Delivered,No,0,0,,No
wellbeing-2026q2,cara.chen3@example.com,Finance,01/05/2026 08:30,Delivered,No,0,0,,No
wellbeing-2026q2,viktor.patel6@example.com,Manufacturing,01/05/2026 08:30,Delivered,No,1,0,02/05/2026 04:45,No
wellbeing-2026q2,priya.garcia@example.com,Operations,01/05/2026 08:30,Delivered,No,0,0,,No
wellbeing-2026q2,olu.fischer2@example.com,Sales,01/05/2026 08:30,Delivered,No,1,0,01/05/2026 12:59,No
wellbeing-2026q2,maya.kowalski@example.com,Manufacturing,01/05/2026 08:30,Delivered,No,0,0,,No
wellbeing-2026q2,uma.kowalski@example.com,Legal,01/05/2026 08:30,Delivered,No,0,0,,No
wellbeing-2026q2,hiro.brown2@example.com,Operations,01/05/2026 08:30,Delivered,No,0,0,,No
wellbeing-2026q2,grace.novak2@example.com,Operations,01/05/2026 08:30,Delivered,No,0,0,,No
wellbeing-2026q2,elena.jensen3@example.com,Marketing,01/05/2026 08:30,Bounced,Yes,0,0,,No
wellbeing-2026q2,aisha.rossi3@example.com,Finance,01/05/2026 08:30,Delivered,No,2,0,02/05/2026 05:28,No
wellbeing-2026q2,yusuf.iyer2@example.com,Operations,01/05/2026 08:30,Delivered,No,0,0,,No
wellbeing-2026q2,ines.muller@example.com,Sales,01/05/2026 08:30,Delivered,No,0,0,,No
wellbeing-2026q2,maya.hansen3@example.com,Marketing,01/05/2026 08:30,Delivered,No,0,0,,No
wellbeing-2026q2,bruno.okafor2@example.com,HR,01/05/2026 08:30,Delivered,No,0,0,,No
wellbeing-2026q2,jonas.chen3@example.com,Technology,01/05/2026 08:30,Delivered,No,2,0,01/05/2026 10:26,No
wellbeing-2026q2,kira.brown4@example.com,Manufacturing,01/05/2026 08:30,Delivered,No,0,0,,No
wellbeing-2026q2,jonas.dubois2@example.com,Manufacturing,01/05/2026 08:30,Delivered,No,2,0,01/05/2026 13:22,No
wellbeing-2026q2,sam.hansen@example.com,Sales,01/05/2026 08:30,Delivered,No,1,0,02/05/2026 05:26,No
wellbeing-2026q2,wei.hansen3@example.com,Sales,01/05/2026 08:30,Delivered,No,1,0,03/05/2026 13:23,No
wellbeing-2026q2,bruno.silva2@example.com,Operations,01/05/2026 08:30,Delivered,No,1,0,01/05/2026 09:32,No
wellbeing-2026q2,maya.tanaka2@example.com,Manufacturing,01/05/2026 08:30,Delivered,No,1,0,03/05/2026 12:46,No
wellbeing-2026q2,ben.ueda2@example.com,Manufacturing,01/05/2026 08:30,Delivered,No,2,0,01/05/2026 10:10,No
wellbeing-2026q2,liam.novak2@example.com,Technology,01/05/2026 08:30,Delivered,No,0,0,,No
wellbeing-2026q2,elena.dubois@example.com,Manufacturing,01/05/2026 08:30,Delivered,No,0,0,,No
wellbeing-2026q2,daniel.garcia2@example.com,Marketing,01/05/2026 08:30,Delivered,No,0,0,,No
wellbeing-2026q2,sam.chen2@example.com,Manufacturing,01/05/2026 08:30,Delivered,No,0,0,,No
wellbeing-2026q2,bruno.garcia3@example.com,Manufacturing,01/05/2026 08:30,Delivered,No,0,0,,No
wellbeing-2026q2,daniel.okafor@example.com,Legal,01/05/2026 08:30,Delivered,No,1,0,01/05/2026 09:47,No
wellbeing-2026q2,hiro.lopez5@example.com,Finance,01/05/2026 08:30,Delivered,No,0,0,,No
wellbeing-2026q2,hiro.brown3@example.com,Marketing,01/05/2026 08:30,Delivered,No,3,0,01/05/2026 10:28,No
wellbeing-2026q2,amara.iyer2@example.com,HR,01/05/2026 08:30,Delivered,No,1,0,01/05/2026 12:48,No
wellbeing-2026q2,noah.iyer5@example.com,Sales,01/05/2026 08:30,Delivered,No,0,0,,No
wellbeing-2026q2,kira.evans2@example.com,Operations,01/05/2026 08:30,Delivered,No,0,0,,No
wellbeing-2026q2,farid.lopez@example.com,Finance,01/05/2026 08:30,Delivered,No,0,0,,No
wellbeing-2026q2,chloe.ahmed@example.com,Technology,01/05/2026 08:30,Delivered,No,1,0,01/05/2026 10:24,No
wellbeing-2026q2,bruno.patel@example.com,Sales,01/05/2026 08:30,Delivered,No,0,0,,No
wellbeing-2026q2,farid.hansen4@example.com,Technology,01/05/2026 08:30,Delivered,No,0,0,,No
wellbeing-2026q2,tariq.yilmaz2@example.com,Manufacturing,01/05/2026 08:30,Delivered,No,1,0,01/05/2026 10:28,No
wellbeing-2026q2,noah.hansen3@example.com,Technology,01/05/2026 08:30,Delivered,No,1,0,01/05/2026 09:35,No
wellbeing-2026q2,bruno.novak2@example.com,Manufacturing,01/05/2026 08:30,Delivered,No,0,0,,No
wellbeing-2026q2,yusuf.evans@example.com,Manufacturing,01/05/2026 08:30,Delivered,No,0,0,,No
wellbeing-2026q2,elena.muller3@example.com,Marketing,01/05/2026 08:30,Delivered,No,0,0,,No
wellbeing-2026q2,xenia.walsh2@example.com,Manufacturing,01/05/2026 08:30,Delivered,No,0,0,,No
wellbeing-2026q2,kira.ueda4@example.com,Technology,01/05/2026 08:30,Delivered,No,0,0,,No
wellbeing-2026q2,chloe.hansen2@example.com,Operations,01/05/2026 08:30,Delivered,No,2,0,01/05/2026 09:43,No
wellbeing-2026q2,noah.evans2@example.com,Technology,01/05/2026 08:30,Delivered,No,0,0,,No
wellbeing-2026q2,olu.evans@example.com,Technology,01/05/2026 08:30,Delivered,No,2,1,01/05/2026 10:26,No
wellbeing-2026q2,sam.walsh4@example.com,HR,01/05/2026 08:30,Delivered,No,5,0,02/05/2026 05:11,No
wellbeing-2026q2,chloe.silva3@example.com,Sales,01/05/2026 08:30,Delivered,No,3,0,02/05/2026 04:37,No
wellbeing-2026q2,yusuf.patel@example.com,Manufacturing,01/05/2026 08:30,Delivered,No,0,0,,No
wellbeing-2026q2,ben.muller4@example.com,Manufacturing,01/05/2026 08:30,Delivered,No,0,0,,No
wellbeing-2026q2,grace.walsh2@example.com,Sales,01/05/2026 08:30,Delivered,No,2,1,01/05/2026 13:21,No
wellbeing-2026q2,viktor.hansen3@example.com,Manufacturing,01/05/2026 08:30,Delivered,No,0,0,,No
wellbeing-2026q2,dmitri.lopez2@example.com,Manufacturing,01/05/2026 08:30,Delivered,No,1,0,01/05/2026 13:14,No
wellbeing-2026q2,farid.muller3@example.com,Marketing,01/05/2026 08:30,Delivered,No,2,1,01/05/2026 10:25,No
wellbeing-2026q2,hiro.kowalski2@example.com,Technology,01/05/2026 08:30,Delivered,No,0,0,,No
wellbeing-2026q2,dmitri.iyer@example.com,Operations,01/05/2026 08:30,Delivered,No,0,0,,No
wellbeing-2026q2,cara.silva@example.com,Technology,01/05/2026 08:30,Delivered,No,1,0,01/05/2026 09:32,No
wellbeing-2026q2,ines.silva@example.com,HR,01/05/2026 08:30,Delivered,No,0,0,,No
wellbeing-2026q2,zoe.zhang@example.com,Technology,01/05/2026 08:30,Delivered,No,0,0,,No
wellbeing-2026q2,rosa.brown@example.com,HR,01/05/2026 08:30,Delivered,No,1,1,02/05/2026 04:49,No
wellbeing-2026q2,hiro.okafor2@example.com,HR,01/05/2026 08:30,Bounced,Yes,0,0,,No
wellbeing-2026q2,viktor.evans2@example.com,Marketing,01/05/2026 08:30,Delivered,No,2,0,01/05/2026 12:36,No
wellbeing-2026q2,uma.ueda3@example.com,Marketing,01/05/2026 08:30,Delivered,No,1,0,01/05/2026 10:14,No
wellbeing-2026q2,rosa.yilmaz2@example.com,Finance,01/05/2026 08:30,Delivered,No,1,0,01/05/2026 10:16,No
wellbeing-2026q2,xenia.ueda@example.com,Legal,01/05/2026 08:30,Delivered,No,0,0,,No
wellbeing-2026q2,aisha.zhang@example.com,HR,01/05/2026 08:30,Delivered,No,0,0,,No
wellbeing-2026q2,jonas.lopez2@example.com,Operations,01/05/2026 08:30,Delivered,No,0,0,,No
wellbeing-2026q2,rosa.okafor4@example.com,Marketing,01/05/2026 08:30,Delivered,No,1,1,01/05/2026 09:55,No
wellbeing-2026q2,daniel.novak2@example.com,Manufacturing,01/05/2026 08:30,Delivered,No,0,0,,No
wellbeing-2026q2,zoe.jensen@example.com,Legal,01/05/2026 08:30,Delivered,No,1,1,01/05/2026 12:44,No
wellbeing-2026q2,tariq.fischer2@example.com,Manufacturing,01/05/2026 08:30,Delivered,No,0,0,,No
wellbeing-2026q2,amara.okafor@example.com,Technology,01/05/2026 08:30,Delivered,No,1,1,01/05/2026 10:11,No
wellbeing-2026q2,sam.ahmed2@example.com,Sales,01/05/2026 08:30,Delivered,No,0,0,,No
wellbeing-2026q2,quinn.yilmaz3@example.com,Sales,01/05/2026 08:30,Delivered,No,0,0,,No
wellbeing-2026q2,cara.walsh2@example.com,Technology,01/05/2026 08:30,Delivered,No,3,0,01/05/2026 09:30,No
wellbeing-2026q2,amara.silva3@example.com,Sales,01/05/2026 08:30,Delivered,No,0,0,,No
wellbeing-2026q2,chloe.okafor3@example.com,Sales,01/05/2026 08:30,Delivered,No,3,1,01/05/2026 10:17,No
wellbeing-2026q2,quinn.jensen2@example.com,Manufacturing,01/05/2026 08:30,Delivered,No,0,0,,No
wellbeing-2026q2,xenia.hansen2@example.com,Sales,01/05/2026 08:30,Delivered,No,0,0,,No
wellbeing-2026q2,daniel.dubois4@example.com,Operations,01/05/2026 08:30,Delivered,No,1,0,01/05/2026 09:31,No
wellbeing-2026q2,sam.novak@example.com,Manufacturing,01/05/2026 08:30,Delivered,No,0,0,,No
wellbeing-2026q2,kira.rossi2@example.com,Operations,01/05/2026 08:30,Delivered,No,0,0,,No
wellbeing-2026q2,xenia.kowalski2@example.com,Manufacturing,01/05/2026 08:30,Delivered,No,0,0,,No
wellbeing-2026q2,quinn.iyer2@example.com,Technology,01/05/2026 08:30,Delivered,No,1,0,01/05/2026 09:48,No
wellbeing-2026q2,ben.iyer2@example.com,Manufacturing,01/05/2026 08:30,Delivered,No,0,0,,No
wellbeing-2026q2,viktor.ueda2@example.com,Manufacturing,01/05/2026 08:30,Delivered,No,0,0,,No
wellbeing-2026q2,bruno.okafor3@example.com,Manufacturing,01/05/2026 08:30,Delivered,No,0,0,,No
wellbeing-2026q2,elena.kowalski2@example.com,Manufacturing,01/05/2026 08:30,Delivered,No,0,0,,No
wellbeing-2026q2,tariq.yilmaz3@example.com,Manufacturing,01/05/2026 08:30,Delivered,No,0,0,,No
wellbeing-2026q2,zoe.garcia@example.com,Manufacturing,01/05/2026 08:30,Delivered,No,0,0,,No
wellbeing-2026q2,ines.muller2@example.com,Sales,01/05/2026 08:30,Delivered,No,0,0,,No
wellbeing-2026q2,dmitri.evans2@example.com,Marketing,01/05/2026 08:30,Bounced,Yes,0,0,,No
wellbeing-2026q2,zoe.lopez@example.com,Operations,01/05/2026 08:30,Bounced,Yes,0,0,,No
wellbeing-2026q2,dmitri.patel@example.com,Sales,01/05/2026 08:30,Delivered,No,1,0,01/05/2026 13:15,No
wellbeing-2026q2,wei.dubois@example.com,Manufacturing,01/05/2026 08:30,Delivered,No,0,0,,No
wellbeing-2026q2,tariq.brown@example.com,Manufacturing,01/05/2026 08:30,Delivered,No,0,0,,No
wellbeing-2026q2,farid.patel2@example.com,Manufacturing,01/05/2026 08:30,Delivered,No,0,0,,No
wellbeing-2026q2,rosa.hansen@example.com,Marketing,01/05/2026 08:30,Delivered,No,2,0,01/05/2026 09:36,No
wellbeing-2026q2,viktor.novak@example.com,HR,01/05/2026 08:30,Delivered,No,1,0,01/05/2026 12:37,No
wellbeing-2026q2,tariq.fischer3@example.com,Marketing,01/05/2026 08:30,Delivered,No,0,0,,No
wellbeing-2026q2,wei.vargas@example.com,Operations,01/05/2026 08:30,Delivered,No,0,0,,No
wellbeing-2026q2,ben.iyer3@example.com,Manufacturing,01/05/2026 08:30,Delivered,No,0,0,,No
wellbeing-2026q2,quinn.ahmed2@example.com,Manufacturing,01/05/2026 08:30,Delivered,No,0,0,,No
wellbeing-2026q2,amara.jensen2@example.com,Marketing,01/05/2026 08:30,Delivered,No,1,0,02/05/2026 04:51,No
wellbeing-2026q2,yusuf.jensen@example.com,Finance,01/05/2026 08:30,Delivered,No,2,1,01/05/2026 10:20,No
wellbeing-2026q2,grace.dubois@example.com,Operations,01/05/2026 08:30,Delivered,No,0,0,,No
wellbeing-2026q2,grace.muller4@example.com,Manufacturing,01/05/2026 08:30,Delivered,No,0,0,,No
wellbeing-2026q2,farid.novak@example.com,Manufacturing,01/05/2026 08:30,Delivered,No,0,0,,No
wellbeing-2026q2,zoe.iyer@example.com,Sales,01/05/2026 08:30,Delivered,No,3,0,01/05/2026 13:23,No
wellbeing-2026q2,tariq.brown2@example.com,Marketing,01/05/2026 08:30,Delivered,No,0,0,,No
wellbeing-2026q2,amara.novak3@example.com,Manufacturing,01/05/2026 08:30,Delivered,No,1,1,01/05/2026 13:18,No
wellbeing-2026q2,cara.silva2@example.com,Manufacturing,01/05/2026 08:30,Delivered,No,0,0,,No
wellbeing-2026q2,noah.yilmaz@example.com,HR,01/05/2026 08:30,Delivered,No,0,0,,No
wellbeing-2026q2,bruno.dubois2@example.com,Operations,01/05/2026 08:30,Delivered,No,3,0,01/05/2026 09:57,No
wellbeing-2026q2,ben.brown3@example.com,Sales,01/05/2026 08:30,Delivered,No,2,0,01/05/2026 10:27,No
wellbeing-2026q2,liam.jensen3@example.com,Sales,01/05/2026 08:30,Delivered,No,1,1,01/05/2026 09:35,No
wellbeing-2026q2,maya.hansen4@example.com,Marketing,01/05/2026 08:30,Delivered,No,0,0,,No
wellbeing-2026q2,viktor.dubois@example.com,Manufacturing,01/05/2026 08:30,Delivered,No,0,0,,No
wellbeing-2026q2,hiro.patel4@example.com,Finance,01/05/2026 08:30,Delivered,No,0,0,,No
wellbeing-2026q2,ben.silva4@example.com,Technology,01/05/2026 08:30,Delivered,No,0,0,,No
wellbeing-2026q2,xenia.lopez2@example.com,Operations,01/05/2026 08:30,Delivered,No,1,1,01/05/2026 09:47,No
wellbeing-2026q2,noah.iyer6@example.com,Manufacturing,01/05/2026 08:30,Delivered,No,0,0,,No
wellbeing-2026q2,viktor.vargas2@example.com,Manufacturing,01/05/2026 08:30,Delivered,No,0,0,,No
wellbeing-2026q2,grace.iyer@example.com,Legal,01/05/2026 08:30,Delivered,No,0,0,,No
wellbeing-2026q2,viktor.iyer@example.com,Finance,01/05/2026 08:30,Bounced,Yes,0,0,,No
wellbeing-2026q2,viktor.patel7@example.com,Manufacturing,01/05/2026 08:30,Delivered,No,1,0,01/05/2026 10:09,No
wellbeing-2026q2,bruno.fischer2@example.com,Manufacturing,01/05/2026 08:30,Delivered,No,0,0,,No
wellbeing-2026q2,dmitri.okafor@example.com,Manufacturing,01/05/2026 08:30,Delivered,No,1,0,01/05/2026 13:05,No
wellbeing-2026q2,zoe.evans2@example.com,Manufacturing,01/05/2026 08:30,Delivered,No,0,0,,No
wellbeing-2026q2,sam.walsh5@example.com,Marketing,01/05/2026 08:30,Delivered,No,0,0,,No
wellbeing-2026q2,olu.fischer3@example.com,Marketing,01/05/2026 08:30,Delivered,No,0,0,,Yes
wellbeing-2026q2,elena.hansen@example.com,Legal,01/05/2026 08:30,Delivered,No,2,1,01/05/2026 13:25,No
wellbeing-2026q2,kira.silva@example.com,Finance,01/05/2026 08:30,Delivered,No,2,2,02/05/2026 04:50,No
wellbeing-2026q2,elena.novak2@example.com,Sales,01/05/2026 08:30,Delivered,No,0,0,,No
wellbeing-2026q2,yusuf.muller2@example.com,HR,01/05/2026 08:30,Delivered,No,1,0,01/05/2026 13:23,No
wellbeing-2026q2,jonas.dubois3@example.com,Legal,01/05/2026 08:30,Delivered,No,0,0,,No
wellbeing-2026q2,cara.rossi2@example.com,Sales,01/05/2026 08:30,Delivered,No,1,0,01/05/2026 10:10,No
wellbeing-2026q2,bruno.chen@example.com,Manufacturing,01/05/2026 08:30,Delivered,No,0,0,,No
wellbeing-2026q2,jonas.iyer2@example.com,Marketing,01/05/2026 08:30,Delivered,No,1,1,01/05/2026 12:44,No
wellbeing-2026q2,cara.okafor2@example.com,Finance,01/05/2026 08:30,Delivered,No,0,0,,No
wellbeing-2026q2,sam.patel@example.com,Operations,01/05/2026 08:30,Delivered,No,0,0,,No
wellbeing-2026q2,viktor.patel8@example.com,Finance,01/05/2026 08:30,Delivered,No,1,0,02/05/2026 05:03,No
wellbeing-2026q2,elena.novak3@example.com,Operations,01/05/2026 08:30,Delivered,No,2,0,01/05/2026 09:50,No
wellbeing-2026q2,maya.brown2@example.com,Sales,01/05/2026 08:30,Delivered,No,0,0,,No
wellbeing-2026q2,rosa.okafor5@example.com,Finance,01/05/2026 08:30,Delivered,No,0,0,,No
wellbeing-2026q2,cara.zhang@example.com,Operations,01/05/2026 08:30,Delivered,No,5,0,02/05/2026 05:21,No
wellbeing-2026q2,viktor.walsh2@example.com,Operations,01/05/2026 08:30,Delivered,No,0,0,,No
wellbeing-2026q2,aisha.lopez@example.com,HR,01/05/2026 08:30,Delivered,No,0,0,,No
wellbeing-2026q2,jonas.walsh5@example.com,Technology,01/05/2026 08:30,Delivered,No,0,0,,No
wellbeing-2026q2,ines.zhang@example.com,Marketing,01/05/2026 08:30,Delivered,No,1,0,01/05/2026 10:13,No
wellbeing-2026q2,dmitri.rossi2@example.com,Manufacturing,01/05/2026 08:30,Delivered,No,0,0,,No
wellbeing-2026q2,quinn.dubois2@example.com,Manufacturing,01/05/2026 08:30,Delivered,No,2,1,02/05/2026 05:25,No
wellbeing-2026q2,cara.zhang2@example.com,Manufacturing,01/05/2026 08:30,Delivered,No,0,0,,No
wellbeing-2026q2,daniel.garcia3@example.com,Manufacturing,01/05/2026 08:30,Delivered,No,1,0,02/05/2026 04:34,No
wellbeing-2026q2,uma.silva3@example.com,Operations,01/05/2026 08:30,Delivered,No,0,0,,No
wellbeing-2026q2,daniel.hansen@example.com,Manufacturing,01/05/2026 08:30,Delivered,No,0,0,,No
wellbeing-2026q2,ben.vargas@example.com,Legal,01/05/2026 08:30,Delivered,No,2,1,01/05/2026 09:36,No
wellbeing-2026q2,liam.hansen@example.com,Technology,01/05/2026 08:30,Delivered,No,1,1,01/05/2026 12:43,No
wellbeing-2026q2,kira.kowalski@example.com,Marketing,01/05/2026 08:30,Delivered,No,0,0,,No
wellbeing-2026q2,zoe.silva@example.com,Manufacturing,01/05/2026 08:30,Delivered,No,0,0,,No
wellbeing-2026q2,grace.silva@example.com,Marketing,01/05/2026 08:30,Delivered,No,5,0,01/05/2026 13:27,No
wellbeing-2026q2,daniel.tanaka@example.com,Technology,01/05/2026 08:30,Delivered,No,0,0,,No
wellbeing-2026q2,daniel.zhang3@example.com,Technology,01/05/2026 08:30,Delivered,No,1,0,01/05/2026 10:03,No
wellbeing-2026q2,liam.garcia3@example.com,Operations,01/05/2026 08:30,Delivered,No,2,0,02/05/2026 04:49,No
wellbeing-2026q2,maya.ahmed@example.com,Marketing,01/05/2026 08:30,Delivered,No,1,0,01/05/2026 09:43,No
wellbeing-2026q2,maya.lopez@example.com,Operations,01/05/2026 08:30,Delivered,No,0,0,,No
wellbeing-2026q2,ines.tanaka3@example.com,Operations,01/05/2026 08:30,Bounced,Yes,0,0,,No
wellbeing-2026q2,bruno.evans@example.com,Sales,01/05/2026 08:30,Delivered,No,0,0,,No
wellbeing-2026q2,rosa.lopez@example.com,Sales,01/05/2026 08:30,Delivered,No,1,0,01/05/2026 09:45,No
wellbeing-2026q2,rosa.walsh2@example.com,Technology,01/05/2026 08:30,Delivered,No,0,0,,No
wellbeing-2026q2,cara.fischer2@example.com,Finance,01/05/2026 08:30,Delivered,No,0,0,,No
wellbeing-2026q2,tariq.jensen@example.com,HR,01/05/2026 08:30,Delivered,No,0,0,,No
wellbeing-2026q2,aisha.rossi4@example.com,Operations,01/05/2026 08:30,Delivered,No,0,0,,No
wellbeing-2026q2,elena.walsh@example.com,Manufacturing,01/05/2026 08:30,Delivered,No,3,0,01/05/2026 10:19,No
wellbeing-2026q2,liam.zhang@example.com,Operations,01/05/2026 08:30,Delivered,No,1,0,01/05/2026 09:56,No
wellbeing-2026q2,priya.yilmaz@example.com,Finance,01/05/2026 08:30,Bounced,Yes,0,0,,No
wellbeing-2026q2,yusuf.walsh2@example.com,Finance,01/05/2026 08:30,Delivered,No,0,0,,No
wellbeing-2026q2,xenia.fischer@example.com,Manufacturing,01/05/2026 08:30,Delivered,No,0,0,,No
wellbeing-2026q2,kira.tanaka4@example.com,Operations,01/05/2026 08:30,Delivered,No,0,0,,No
wellbeing-2026q2,ben.chen@example.com,HR,01/05/2026 08:30,Delivered,No,0,0,,No
wellbeing-2026q2,daniel.patel@example.com,HR,01/05/2026 08:30,Bounced,Yes,0,0,,No
wellbeing-2026q2,elena.ueda2@example.com,Sales,01/05/2026 08:30,Delivered,No,0,0,,No
wellbeing-2026q2,dmitri.ahmed2@example.com,Operations,01/05/2026 08:30,Delivered,No,1,0,02/05/2026 04:59,No
wellbeing-2026q2,ben.fischer@example.com,Operations,01/05/2026 08:30,Delivered,No,0,0,,No
wellbeing-2026q2,amara.brown2@example.com,Manufacturing,01/05/2026 08:30,Delivered,No,0,0,,Yes
wellbeing-2026q2,sam.rossi2@example.com,Technology,01/05/2026 08:30,Delivered,No,0,0,,No
wellbeing-2026q2,rosa.hansen2@example.com,Marketing,01/05/2026 08:30,Delivered,No,0,0,,No
wellbeing-2026q2,zoe.okafor@example.com,Technology,01/05/2026 08:30,Delivered,No,0,0,,No
wellbeing-2026q2,farid.ueda@example.com,Technology,01/05/2026 08:30,Delivered,No,1,2,01/05/2026 10:12,No
wellbeing-2026q2,viktor.garcia2@example.com,Technology,01/05/2026 08:30,Delivered,No,0,0,,No
wellbeing-2026q2,jonas.ueda@example.com,Operations,01/05/2026 08:30,Delivered,No,0,0,,No
wellbeing-2026q2,chloe.brown2@example.com,Marketing,01/05/2026 08:30,Delivered,No,1,1,01/05/2026 13:25,No
wellbeing-2026q2,wei.rossi4@example.com,Technology,01/05/2026 08:30,Delivered,No,0,0,,No
wellbeing-2026q2,rosa.muller2@example.com,Sales,01/05/2026 08:30,Delivered,No,0,0,,No
wellbeing-2026q2,ben.novak2@example.com,Manufacturing,01/05/2026 08:30,Delivered,No,0,0,,No
wellbeing-2026q2,grace.silva2@example.com,Operations,01/05/2026 08:30,Delivered,No,1,0,01/05/2026 09:38,No
wellbeing-2026q2,kira.muller@example.com,Manufacturing,01/05/2026 08:30,Delivered,No,0,0,,No
wellbeing-2026q2,grace.lopez3@example.com,Finance,01/05/2026 08:30,Delivered,No,2,1,01/05/2026 09:48,No
wellbeing-2026q2,farid.brown2@example.com,Finance,01/05/2026 08:30,Delivered,No,0,0,,No
wellbeing-2026q2,ines.dubois2@example.com,Manufacturing,01/05/2026 08:30,Delivered,No,0,0,,No
wellbeing-2026q2,ines.dubois3@example.com,Manufacturing,01/05/2026 08:30,Delivered,No,0,0,,No
wellbeing-2026q2,aisha.fischer@example.com,HR,01/05/2026 08:30,Delivered,No,0,0,,No
wellbeing-2026q2,priya.silva2@example.com,Legal,01/05/2026 08:30,Delivered,No,1,2,01/05/2026 10:21,No
wellbeing-2026q2,sam.evans3@example.com,Manufacturing,01/05/2026 08:30,Delivered,No,0,0,,No
wellbeing-2026q2,noah.silva@example.com,Technology,01/05/2026 08:30,Delivered,No,0,0,,No
wellbeing-2026q2,xenia.yilmaz4@example.com,HR,01/05/2026 08:30,Delivered,No,1,0,02/05/2026 05:08,No
wellbeing-2026q2,maya.chen2@example.com,Manufacturing,01/05/2026 08:30,Delivered,No,1,0,01/05/2026 09:54,No
wellbeing-2026q2,hiro.jensen2@example.com,Technology,01/05/2026 08:30,Delivered,No,2,0,01/05/2026 09:40,No
wellbeing-2026q2,rosa.yilmaz3@example.com,Manufacturing,01/05/2026 08:30,Delivered,No,1,0,01/05/2026 09:50,No
wellbeing-2026q2,priya.lopez@example.com,Manufacturing,01/05/2026 08:30,Delivered,No,0,0,,No
wellbeing-2026q2,chloe.rossi@example.com,Technology,01/05/2026 08:30,Delivered,No,1,0,01/05/2026 09:37,No
wellbeing-2026q2,aisha.muller@example.com,Finance,01/05/2026 08:30,Delivered,No,1,0,02/05/2026 04:45,No
wellbeing-2026q2,chloe.ahmed2@example.com,Manufacturing,01/05/2026 08:30,Delivered,No,0,0,,No
wellbeing-2026q2,sam.garcia2@example.com,Operations,01/05/2026 08:30,Delivered,No,0,0,,No
wellbeing-2026q2,wei.chen4@example.com,HR,01/05/2026 08:30,Delivered,No,5,0,02/05/2026 05:06,No
wellbeing-2026q2,xenia.yilmaz5@example.com,Operations,01/05/2026 08:30,Delivered,No,0,0,,No
wellbeing-2026q2,olu.muller3@example.com,Operations,01/05/2026 08:30,Delivered,No,0,0,,No
wellbeing-2026q2,ines.garcia2@example.com,Manufacturing,01/05/2026 08:30,Delivered,No,0,0,,No
wellbeing-2026q2,ben.rossi4@example.com,Manufacturing,01/05/2026 08:30,Delivered,No,3,1,01/05/2026 13:17,No
wellbeing-2026q2,farid.fischer3@example.com,Operations,01/05/2026 08:30,Delivered,No,2,0,01/05/2026 10:10,No
wellbeing-2026q2,amara.kowalski@example.com,Manufacturing,01/05/2026 08:30,Delivered,No,0,0,,No
wellbeing-2026q2,xenia.patel2@example.com,Operations,01/05/2026 08:30,Delivered,No,0,0,,No
wellbeing-2026q2,liam.walsh@example.com,Manufacturing,01/05/2026 08:30,Delivered,No,0,0,,No
wellbeing-2026q2,tariq.rossi3@example.com,Sales,01/05/2026 08:30,Delivered,No,2,0,01/05/2026 12:42,No
wellbeing-2026q2,daniel.ueda4@example.com,Manufacturing,01/05/2026 08:30,Delivered,No,3,1,01/05/2026 12:38,No
wellbeing-2026q2,rosa.lopez2@example.com,Manufacturing,01/05/2026 08:30,Delivered,No,0,0,,No
wellbeing-2026q2,cara.kowalski5@example.com,Manufacturing,01/05/2026 08:30,Delivered,No,1,0,02/05/2026 05:16,No
wellbeing-2026q2,yusuf.novak2@example.com,Legal,01/05/2026 08:30,Delivered,No,3,0,02/05/2026 05:26,No
wellbeing-2026q2,grace.dubois2@example.com,Marketing,01/05/2026 08:30,Delivered,No,1,0,01/05/2026 10:05,No
wellbeing-2026q2,elena.lopez3@example.com,Sales,01/05/2026 08:30,Delivered,No,0,0,,No
wellbeing-2026q2,xenia.dubois@example.com,Technology,01/05/2026 08:30,Delivered,No,5,1,01/05/2026 13:15,No
wellbeing-2026q2,sam.ueda2@example.com,Manufacturing,01/05/2026 08:30,Bounced,Yes,0,0,,No
wellbeing-2026q2,farid.dubois@example.com,Sales,01/05/2026 08:30,Delivered,No,1,1,01/05/2026 10:02,No
wellbeing-2026q2,cara.silva3@example.com,Sales,01/05/2026 08:30,Delivered,No,0,0,,No
wellbeing-2026q2,rosa.dubois2@example.com,Sales,01/05/2026 08:30,Delivered,No,3,0,01/05/2026 10:12,No
wellbeing-2026q2,zoe.ahmed2@example.com,Operations,01/05/2026 08:30,Delivered,No,3,1,01/05/2026 12:36,No
wellbeing-2026q2,kira.evans3@example.com,Manufacturing,01/05/2026 08:30,Delivered,No,0,0,,No
wellbeing-2026q2,priya.ueda2@example.com,Sales,01/05/2026 08:30,Delivered,No,1,0,01/05/2026 09:39,No
wellbeing-2026q2,farid.evans@example.com,Finance,01/05/2026 08:30,Delivered,No,0,0,,No
wellbeing-2026q2,elena.ahmed2@example.com,Marketing,01/05/2026 08:30,Delivered,No,0,0,,No
wellbeing-2026q2,olu.okafor2@example.com,Finance,01/05/2026 08:30,Delivered,No,1,0,01/05/2026 13:21,No
wellbeing-2026q2,yusuf.novak3@example.com,Finance,01/05/2026 08:30,Delivered,No,1,1,01/05/2026 09:31,No
wellbeing-2026q2,uma.hansen2@example.com,HR,01/05/2026 08:30,Delivered,No,0,0,,No
wellbeing-2026q2,kira.vargas2@example.com,Legal,01/05/2026 08:30,Delivered,No,0,0,,No
wellbeing-2026q2,jonas.zhang2@example.com,Finance,01/05/2026 08:30,Delivered,No,2,2,01/05/2026 09:42,No
wellbeing-2026q2,maya.chen3@example.com,Manufacturing,01/05/2026 08:30,Delivered,No,1,0,01/05/2026 09:51,No
wellbeing-2026q2,sam.okafor2@example.com,Finance,01/05/2026 08:30,Delivered,No,2,0,01/05/2026 13:11,No
wellbeing-2026q2,grace.zhang@example.com,Technology,01/05/2026 08:30,Delivered,No,1,0,01/05/2026 10:13,No
wellbeing-2026q2,hiro.tanaka@example.com,Manufacturing,01/05/2026 08:30,Delivered,No,0,0,,No
wellbeing-2026q2,sam.iyer@example.com,Operations,01/05/2026 08:30,Delivered,No,0,0,,No
wellbeing-2026q2,olu.chen3@example.com,Manufacturing,01/05/2026 08:30,Delivered,No,0,0,,No
wellbeing-2026q2,jonas.vargas@example.com,Sales,01/05/2026 08:30,Delivered,No,3,1,01/05/2026 09:33,No
wellbeing-2026q2,maya.chen4@example.com,Finance,01/05/2026 08:30,Delivered,No,1,1,01/05/2026 09:45,No
wellbeing-2026q2,zoe.muller@example.com,Sales,01/05/2026 08:30,Delivered,No,0,0,,No
wellbeing-2026q2,bruno.walsh@example.com,Manufacturing,01/05/2026 08:30,Delivered,No,1,0,01/05/2026 09:41,No
wellbeing-2026q2,ben.walsh2@example.com,Sales,01/05/2026 08:30,Delivered,No,0,0,,No
wellbeing-2026q2,ben.walsh3@example.com,Sales,01/05/2026 08:30,Delivered,No,0,0,,No
wellbeing-2026q2,aisha.brown3@example.com,Technology,01/05/2026 08:30,Delivered,No,0,0,,No
wellbeing-2026q2,chloe.yilmaz2@example.com,Sales,01/05/2026 08:30,Delivered,No,0,0,,No
wellbeing-2026q2,xenia.brown@example.com,Technology,01/05/2026 08:30,Bounced,Yes,0,0,,No
wellbeing-2026q2,zoe.okafor2@example.com,Manufacturing,01/05/2026 08:30,Delivered,No,2,0,01/05/2026 09:43,No
wellbeing-2026q2,hiro.garcia@example.com,Sales,01/05/2026 08:30,Delivered,No,0,0,,No
wellbeing-2026q2,bruno.chen2@example.com,Operations,01/05/2026 08:30,Delivered,No,2,1,03/05/2026 13:27,No
wellbeing-2026q2,zoe.garcia2@example.com,Technology,01/05/2026 08:30,Delivered,No,2,1,01/05/2026 12:39,No
wellbeing-2026q2,jonas.novak3@example.com,Manufacturing,01/05/2026 08:30,Delivered,No,0,0,,No
wellbeing-2026q2,dmitri.ahmed3@example.com,Technology,01/05/2026 08:30,Delivered,No,5,0,01/05/2026 09:33,No
wellbeing-2026q2,quinn.vargas@example.com,Sales,01/05/2026 08:30,Delivered,No,0,0,,No
wellbeing-2026q2,daniel.tanaka2@example.com,Manufacturing,01/05/2026 08:30,Delivered,No,2,0,01/05/2026 12:45,No
wellbeing-2026q2,maya.brown3@example.com,Operations,01/05/2026 08:30,Delivered,No,1,0,01/05/2026 10:25,No
wellbeing-2026q2,viktor.zhang3@example.com,Marketing,01/05/2026 08:30,Delivered,No,1,0,01/05/2026 13:04,No
wellbeing-2026q2,priya.fischer3@example.com,Technology,01/05/2026 08:30,Delivered,No,0,0,,No
wellbeing-2026q2,maya.zhang2@example.com,Marketing,01/05/2026 08:30,Delivered,No,1,4,02/05/2026 05:20,No
wellbeing-2026q2,priya.ahmed4@example.com,Manufacturing,01/05/2026 08:30,Delivered,No,0,0,,No
wellbeing-2026q2,hiro.yilmaz2@example.com,Legal,01/05/2026 08:30,Delivered,No,0,0,,Yes
wellbeing-2026q2,elena.brown2@example.com,Sales,01/05/2026 08:30,Delivered,No,1,0,01/05/2026 10:12,No
wellbeing-2026q2,olu.hansen@example.com,Manufacturing,01/05/2026 08:30,Delivered,No,0,0,,No
wellbeing-2026q2,amara.novak4@example.com,Legal,01/05/2026 08:30,Delivered,No,0,0,,No
wellbeing-2026q2,quinn.ahmed3@example.com,Technology,01/05/2026 08:30,Delivered,No,0,0,,No
wellbeing-2026q2,zoe.kowalski2@example.com,Finance,01/05/2026 08:30,Delivered,No,1,0,01/05/2026 09:50,No
wellbeing-2026q2,tariq.okafor3@example.com,Operations,01/05/2026 08:30,Delivered,No,2,1,01/05/2026 10:10,No
wellbeing-2026q2,yusuf.rossi4@example.com,Manufacturing,01/05/2026 08:30,Delivered,No,2,0,03/05/2026 13:22,No
wellbeing-2026q2,xenia.walsh3@example.com,Operations,01/05/2026 08:30,Delivered,No,3,0,01/05/2026 12:31,No
wellbeing-2026q2,elena.silva@example.com,Sales,01/05/2026 08:30,Delivered,No,0,0,,No
wellbeing-2026q2,noah.lopez3@example.com,HR,01/05/2026 08:30,Delivered,No,1,0,01/05/2026 12:51,No
wellbeing-2026q2,dmitri.vargas3@example.com,Manufacturing,01/05/2026 08:30,Bounced,Yes,0,0,,No
wellbeing-2026q2,elena.kowalski3@example.com,Finance,01/05/2026 08:30,Delivered,No,0,0,,No
wellbeing-2026q2,ben.rossi5@example.com,Marketing,01/05/2026 08:30,Delivered,No,0,0,,No
wellbeing-2026q2,sam.tanaka2@example.com,Operations,01/05/2026 08:30,Delivered,No,0,0,,No
wellbeing-2026q2,viktor.tanaka@example.com,Technology,01/05/2026 08:30,Delivered,No,1,2,01/05/2026 09:39,No
wellbeing-2026q2,hiro.chen3@example.com,Finance,01/05/2026 08:30,Delivered,No,0,0,,No
wellbeing-2026q2,kira.jensen2@example.com,Manufacturing,01/05/2026 08:30,Delivered,No,0,0,,No
wellbeing-2026q2,quinn.muller3@example.com,Manufacturing,01/05/2026 08:30,Delivered,No,0,0,,No
wellbeing-2026q2,dmitri.kowalski2@example.com,Operations,01/05/2026 08:30,Delivered,No,1,0,01/05/2026 10:09,No
wellbeing-2026q2,amara.patel@example.com,Manufacturing,01/05/2026 08:30,Delivered,No,0,0,,No
wellbeing-2026q2,liam.garcia4@example.com,Operations,01/05/2026 08:30,Delivered,No,1,1,01/05/2026 10:16,No
wellbeing-2026q2,quinn.chen2@example.com,Manufacturing,01/05/2026 08:30,Delivered,No,0,0,,No
wellbeing-2026q2,amara.fischer3@example.com,Finance,01/05/2026 08:30,Delivered,No,1,0,01/05/2026 12:35,No
wellbeing-2026q2,priya.silva3@example.com,Sales,01/05/2026 08:30,Delivered,No,0,0,,No
wellbeing-2026q2,zoe.jensen2@example.com,Marketing,01/05/2026 08:30,Delivered,No,1,0,01/05/2026 13:19,No
wellbeing-2026q2,grace.kowalski2@example.com,Manufacturing,01/05/2026 08:30,Delivered,No,0,0,,No
wellbeing-2026q2,elena.tanaka2@example.com,Operations,01/05/2026 08:30,Delivered,No,0,0,,No
wellbeing-2026q2,cara.silva4@example.com,Manufacturing,01/05/2026 08:30,Delivered,No,0,0,,No
wellbeing-2026q2,noah.evans3@example.com,Manufacturing,01/05/2026 08:30,Delivered,No,0,0,,No
wellbeing-2026q2,zoe.kowalski3@example.com,Marketing,01/05/2026 08:30,Delivered,No,0,0,,No
wellbeing-2026q2,aisha.patel3@example.com,Finance,01/05/2026 08:30,Delivered,No,0,0,,No
wellbeing-2026q2,viktor.ueda3@example.com,Operations,01/05/2026 08:30,Delivered,No,0,0,,No
wellbeing-2026q2,yusuf.okafor3@example.com,Manufacturing,01/05/2026 08:30,Delivered,No,0,0,,No
wellbeing-2026q2,olu.evans2@example.com,Finance,01/05/2026 08:30,Delivered,No,0,0,,No
wellbeing-2026q2,ben.chen2@example.com,Manufacturing,01/05/2026 08:30,Delivered,No,0,0,,No
wellbeing-2026q2,elena.rossi3@example.com,Manufacturing,01/05/2026 08:30,Delivered,No,0,0,,No
wellbeing-2026q2,rosa.lopez3@example.com,Technology,01/05/2026 08:30,Delivered,No,2,1,02/05/2026 05:11,No
wellbeing-2026q2,aisha.fischer2@example.com,Marketing,01/05/2026 08:30,Delivered,No,0,0,,No
wellbeing-2026q2,maya.hansen5@example.com,Operations,01/05/2026 08:30,Delivered,No,0,0,,No
wellbeing-2026q2,quinn.hansen@example.com,Marketing,01/05/2026 08:30,Delivered,No,0,0,,No
wellbeing-2026q2,liam.novak3@example.com,Operations,01/05/2026 08:30,Delivered,No,0,0,,No
wellbeing-2026q2,farid.garcia2@example.com,Sales,01/05/2026 08:30,Delivered,No,2,0,02/05/2026 04:36,No
wellbeing-2026q2,ines.hansen@example.com,Marketing,01/05/2026 08:30,Delivered,No,0,0,,No
wellbeing-2026q2,chloe.kowalski2@example.com,Manufacturing,01/05/2026 08:30,Delivered,No,1,1,01/05/2026 13:24,No
wellbeing-2026q2,tariq.silva2@example.com,Manufacturing,01/05/2026 08:30,Delivered,No,0,0,,No
wellbeing-2026q2,liam.novak4@example.com,Operations,01/05/2026 08:30,Delivered,No,0,0,,No
wellbeing-2026q2,amara.chen@example.com,Sales,01/05/2026 08:30,Delivered,No,2,0,01/05/2026 09:45,No
wellbeing-2026q2,kira.garcia2@example.com,Sales,01/05/2026 08:30,Delivered,No,0,0,,No
wellbeing-2026q2,wei.kowalski2@example.com,HR,01/05/2026 08:30,Delivered,No,5,0,01/05/2026 12:33,No
wellbeing-2026q2,uma.iyer@example.com,Manufacturing,01/05/2026 08:30,Delivered,No,0,0,,No
wellbeing-2026q2,priya.iyer2@example.com,Manufacturing,01/05/2026 08:30,Delivered,No,0,0,,No
wellbeing-2026q2,kira.brown5@example.com,Sales,01/05/2026 08:30,Delivered,No,0,0,,No
wellbeing-2026q2,yusuf.walsh3@example.com,Manufacturing,01/05/2026 08:30,Delivered,No,0,0,,No
wellbeing-2026q2,sam.rossi3@example.com,Manufacturing,01/05/2026 08:30,Delivered,No,5,0,01/05/2026 12:46,No
wellbeing-2026q2,xenia.fischer2@example.com,Sales,01/05/2026 08:30,Delivered,No,1,0,01/05/2026 12:48,No
wellbeing-2026q2,wei.ueda@example.com,HR,01/05/2026 08:30,Delivered,No,1,1,01/05/2026 10:18,No
wellbeing-2026q2,ben.zhang4@example.com,Finance,01/05/2026 08:30,Delivered,No,2,0,01/05/2026 10:25,No
wellbeing-2026q2,grace.dubois3@example.com,Marketing,01/05/2026 08:30,Delivered,No,1,0,01/05/2026 09:39,No
wellbeing-2026q2,chloe.patel2@example.com,Sales,01/05/2026 08:30,Delivered,No,1,0,01/05/2026 10:28,No
wellbeing-2026q2,zoe.zhang2@example.com,Marketing,01/05/2026 08:30,Delivered,No,5,0,03/05/2026 12:31,No
wellbeing-2026q2,farid.hansen5@example.com,Manufacturing,01/05/2026 08:30,Delivered,No,0,0,,No
wellbeing-2026q2,chloe.kowalski3@example.com,Technology,01/05/2026 08:30,Delivered,No,1,0,03/05/2026 13:01,No
wellbeing-2026q2,bruno.okafor4@example.com,Sales,01/05/2026 08:30,Delivered,No,0,0,,No
wellbeing-2026q2,chloe.patel3@example.com,Manufacturing,01/05/2026 08:30,Delivered,No,1,0,02/05/2026 05:11,No
wellbeing-2026q2,daniel.rossi@example.com,Finance,01/05/2026 08:30,Delivered,No,1,0,01/05/2026 10:26,No
wellbeing-2026q2,yusuf.novak4@example.com,Manufacturing,01/05/2026 08:30,Delivered,No,0,0,,No
wellbeing-2026q2,hiro.rossi2@example.com,Marketing,01/05/2026 08:30,Delivered,No,1,1,01/05/2026 10:08,No
wellbeing-2026q2,quinn.iyer3@example.com,Marketing,01/05/2026 08:30,Delivered,No,0,0,,No
wellbeing-2026q2,amara.yilmaz2@example.com,Manufacturing,01/05/2026 08:30,Delivered,No,0,0,,No
wellbeing-2026q2,dmitri.walsh2@example.com,Sales,01/05/2026 08:30,Delivered,No,5,0,01/05/2026 09:42,No
wellbeing-2026q2,olu.jensen3@example.com,Technology,01/05/2026 08:30,Delivered,No,0,0,,No
wellbeing-2026q2,wei.evans3@example.com,Technology,01/05/2026 08:30,Delivered,No,0,0,,No
wellbeing-2026q2,olu.jensen4@example.com,Marketing,01/05/2026 08:30,Delivered,No,1,1,01/05/2026 09:36,No
wellbeing-2026q2,wei.fischer3@example.com,Manufacturing,01/05/2026 08:30,Delivered,No,0,0,,No
wellbeing-2026q2,ines.iyer3@example.com,Manufacturing,01/05/2026 08:30,Delivered,No,0,0,,No
wellbeing-2026q2,amara.tanaka@example.com,Marketing,01/05/2026 08:30,Delivered,No,0,0,,No
wellbeing-2026q2,liam.lopez@example.com,Manufacturing,01/05/2026 08:30,Delivered,No,0,0,,No
wellbeing-2026q2,aisha.ahmed3@example.com,Marketing,01/05/2026 08:30,Delivered,No,1,0,01/05/2026 10:24,No
wellbeing-2026q2,noah.zhang3@example.com,Manufacturing,01/05/2026 08:30,Bounced,Yes,0,0,,No
wellbeing-2026q2,priya.tanaka4@example.com,Manufacturing,01/05/2026 08:30,Delivered,No,0,0,,No
wellbeing-2026q2,elena.patel2@example.com,Manufacturing,01/05/2026 08:30,Delivered,No,2,0,01/05/2026 09:53,No
wellbeing-2026q2,cara.yilmaz3@example.com,Technology,01/05/2026 08:30,Delivered,No,1,0,01/05/2026 12:38,No
wellbeing-2026q2,rosa.ahmed3@example.com,Operations,01/05/2026 08:30,Delivered,No,0,0,,No
wellbeing-2026q2,priya.okafor2@example.com,Sales,01/05/2026 08:30,Delivered,No,0,0,,No
wellbeing-2026q2,chloe.ahmed3@example.com,Manufacturing,01/05/2026 08:30,Delivered,No,0,0,,No
wellbeing-2026q2,amara.ueda2@example.com,Technology,01/05/2026 08:30,Delivered,No,1,1,01/05/2026 12:30,No
wellbeing-2026q2,elena.lopez4@example.com,Operations,01/05/2026 08:30,Delivered,No,0,0,,No
wellbeing-2026q2,tariq.garcia@example.com,Sales,01/05/2026 08:30,Delivered,No,0,0,,No
wellbeing-2026q2,uma.chen2@example.com,Sales,01/05/2026 08:30,Delivered,No,1,1,01/05/2026 10:01,No
wellbeing-2026q2,liam.chen2@example.com,Marketing,01/05/2026 08:30,Delivered,No,1,1,01/05/2026 10:07,No
wellbeing-2026q2,xenia.tanaka2@example.com,Manufacturing,01/05/2026 08:30,Delivered,No,0,0,,No
wellbeing-2026q2,uma.chen3@example.com,Manufacturing,01/05/2026 08:30,Delivered,No,0,0,,No
wellbeing-2026q2,aisha.jensen3@example.com,Marketing,01/05/2026 08:30,Delivered,No,0,0,,No
wellbeing-2026q2,uma.muller2@example.com,Finance,01/05/2026 08:30,Delivered,No,0,0,,No
wellbeing-2026q2,olu.jensen5@example.com,Technology,01/05/2026 08:30,Delivered,No,0,0,,No
wellbeing-2026q2,olu.rossi@example.com,Technology,01/05/2026 08:30,Delivered,No,0,0,,No
wellbeing-2026q2,cara.garcia2@example.com,Sales,01/05/2026 08:30,Bounced,Yes,0,0,,No
wellbeing-2026q2,hiro.silva2@example.com,Technology,01/05/2026 08:30,Delivered,No,2,0,01/05/2026 13:12,No
wellbeing-2026q2,kira.fischer2@example.com,Manufacturing,01/05/2026 08:30,Delivered,No,0,0,,No
wellbeing-2026q2,priya.evans2@example.com,Marketing,01/05/2026 08:30,Delivered,No,0,0,,No
wellbeing-2026q2,yusuf.patel2@example.com,Marketing,01/05/2026 08:30,Delivered,No,1,1,01/05/2026 13:11,No
wellbeing-2026q2,xenia.zhang@example.com,Legal,01/05/2026 08:30,Delivered,No,0,0,,No
wellbeing-2026q2,amara.yilmaz3@example.com,Sales,01/05/2026 08:30,Delivered,No,0,0,,No
wellbeing-2026q2,cara.walsh3@example.com,Manufacturing,01/05/2026 08:30,Delivered,No,0,0,,No
wellbeing-2026q2,elena.fischer4@example.com,HR,01/05/2026 08:30,Delivered,No,1,1,01/05/2026 13:13,No
wellbeing-2026q2,jonas.iyer3@example.com,Operations,01/05/2026 08:30,Delivered,No,1,0,01/05/2026 10:13,No
wellbeing-2026q2,hiro.walsh2@example.com,Technology,01/05/2026 08:30,Delivered,No,0,0,,No
wellbeing-2026q2,kira.novak2@example.com,Manufacturing,01/05/2026 08:30,Delivered,No,0,0,,No
wellbeing-2026q2,quinn.yilmaz4@example.com,Technology,01/05/2026 08:30,Delivered,No,3,0,01/05/2026 13:20,No
wellbeing-2026q2,ines.chen2@example.com,Manufacturing,01/05/2026 08:30,Delivered,No,1,0,03/05/2026 12:54,No
wellbeing-2026q2,noah.novak2@example.com,Technology,01/05/2026 08:30,Delivered,No,0,0,,No
wellbeing-2026q2,jonas.brown2@example.com,Operations,01/05/2026 08:30,Delivered,No,2,0,01/05/2026 12:34,No
wellbeing-2026q2,ben.fischer2@example.com,Sales,01/05/2026 08:30,Delivered,No,0,0,,No
wellbeing-2026q2,chloe.evans2@example.com,Sales,01/05/2026 08:30,Delivered,No,0,0,,No
wellbeing-2026q2,zoe.garcia3@example.com,Technology,01/05/2026 08:30,Delivered,No,0,0,,No
wellbeing-2026q2,sam.ahmed3@example.com,Sales,01/05/2026 08:30,Delivered,No,1,0,01/05/2026 13:10,No
wellbeing-2026q2,rosa.garcia2@example.com,Operations,01/05/2026 08:30,Delivered,No,1,1,01/05/2026 10:27,No
wellbeing-2026q2,bruno.vargas2@example.com,Finance,01/05/2026 08:30,Delivered,No,0,0,,No
wellbeing-2026q2,hiro.fischer2@example.com,Manufacturing,01/05/2026 08:30,Delivered,No,0,0,,No
wellbeing-2026q2,uma.patel@example.com,Manufacturing,01/05/2026 08:30,Delivered,No,1,0,01/05/2026 12:44,No
wellbeing-2026q2,xenia.garcia4@example.com,Manufacturing,01/05/2026 08:30,Delivered,No,0,0,,No
wellbeing-2026q2,rosa.iyer3@example.com,Manufacturing,01/05/2026 08:30,Delivered,No,0,0,,No
wellbeing-2026q2,daniel.evans3@example.com,Marketing,01/05/2026 08:30,Delivered,No,0,0,,No
wellbeing-2026q2,xenia.fischer3@example.com,Manufacturing,01/05/2026 08:30,Delivered,No,0,0,,No
wellbeing-2026q2,grace.rossi@example.com,Manufacturing,01/05/2026 08:30,Delivered,No,1,0,01/05/2026 13:14,No
wellbeing-2026q2,noah.garcia2@example.com,HR,01/05/2026 08:30,Delivered,No,3,1,01/05/2026 12:54,No
wellbeing-2026q2,ben.patel2@example.com,Technology,01/05/2026 08:30,Delivered,No,0,0,,No
wellbeing-2026q2,ben.silva5@example.com,Legal,01/05/2026 08:30,Delivered,No,3,1,01/05/2026 12:59,No
wellbeing-2026q2,farid.yilmaz@example.com,Sales,01/05/2026 08:30,Delivered,No,1,0,01/05/2026 12:48,No
wellbeing-2026q2,daniel.ueda5@example.com,Finance,01/05/2026 08:30,Delivered,No,1,1,01/05/2026 09:33,No
wellbeing-2026q2,ines.tanaka4@example.com,Operations,01/05/2026 08:30,Delivered,No,0,0,,No
wellbeing-2026q2,grace.patel2@example.com,Operations,01/05/2026 08:30,Delivered,No,2,0,01/05/2026 12:48,No
wellbeing-2026q2,grace.jensen3@example.com,HR,01/05/2026 08:30,Delivered,No,0,0,,No
wellbeing-2026q2,bruno.muller3@example.com,Legal,01/05/2026 08:30,Delivered,No,0,0,,No
wellbeing-2026q2,aisha.brown4@example.com,Finance,01/05/2026 08:30,Delivered,No,1,1,03/05/2026 13:03,No
wellbeing-2026q2,uma.muller3@example.com,Manufacturing,01/05/2026 08:30,Delivered,No,0,0,,No
wellbeing-2026q2,chloe.walsh3@example.com,Marketing,01/05/2026 08:30,Delivered,No,0,0,,No
wellbeing-2026q2,uma.rossi@example.com,HR,01/05/2026 08:30,Delivered,No,0,0,,No
wellbeing-2026q2,quinn.vargas2@example.com,Technology,01/05/2026 08:30,Delivered,No,2,0,01/05/2026 10:19,No
wellbeing-2026q2,bruno.chen3@example.com,HR,01/05/2026 08:30,Delivered,No,0,0,,No
wellbeing-2026q2,uma.garcia@example.com,Manufacturing,01/05/2026 08:30,Bounced,Yes,0,0,,No
wellbeing-2026q2,kira.evans4@example.com,Sales,01/05/2026 08:30,Delivered,No,2,0,01/05/2026 10:04,No
wellbeing-2026q2,farid.walsh@example.com,Manufacturing,01/05/2026 08:30,Delivered,No,0,0,,No
wellbeing-2026q2,olu.muller4@example.com,Operations,01/05/2026 08:30,Delivered,No,0,0,,No
wellbeing-2026q2,uma.chen4@example.com,Manufacturing,01/05/2026 08:30,Delivered,No,0,0,,No
wellbeing-2026q2,sam.silva3@example.com,Operations,01/05/2026 08:30,Delivered,No,1,0,02/05/2026 04:40,No
wellbeing-2026q2,uma.rossi2@example.com,Manufacturing,01/05/2026 08:30,Delivered,No,0,0,,No
wellbeing-2026q2,maya.dubois2@example.com,Legal,01/05/2026 08:30,Delivered,No,0,0,,No
wellbeing-2026q2,kira.okafor3@example.com,Sales,01/05/2026 08:30,Delivered,No,0,0,,No
wellbeing-2026q2,ben.walsh4@example.com,HR,01/05/2026 08:30,Delivered,No,0,0,,No
wellbeing-2026q2,kira.muller2@example.com,Technology,01/05/2026 08:30,Delivered,No,0,0,,No
wellbeing-2026q2,maya.dubois3@example.com,Operations,01/05/2026 08:30,Delivered,No,1,0,01/05/2026 10:03,No
wellbeing-2026q2,priya.okafor3@example.com,Manufacturing,01/05/2026 08:30,Delivered,No,1,0,01/05/2026 10:29,No
wellbeing-2026q2,xenia.iyer2@example.com,Technology,01/05/2026 08:30,Delivered,No,1,0,02/05/2026 05:01,No
wellbeing-2026q2,noah.iyer7@example.com,Technology,01/05/2026 08:30,Delivered,No,0,0,,No
wellbeing-2026q2,grace.tanaka4@example.com,Operations,01/05/2026 08:30,Delivered,No,0,0,,No
wellbeing-2026q2,kira.evans5@example.com,Legal,01/05/2026 08:30,Delivered,No,1,1,01/05/2026 10:26,No
wellbeing-2026q2,hiro.vargas4@example.com,Operations,01/05/2026 08:30,Delivered,No,1,0,01/05/2026 12:33,No
wellbeing-2026q2,olu.patel@example.com,Manufacturing,01/05/2026 08:30,Delivered,No,0,0,,No
wellbeing-2026q2,grace.brown@example.com,Marketing,01/05/2026 08:30,Delivered,No,0,0,,No
wellbeing-2026q2,wei.dubois2@example.com,Operations,01/05/2026 08:30,Delivered,No,2,1,01/05/2026 12:44,No
wellbeing-2026q2,dmitri.zhang3@example.com,Manufacturing,01/05/2026 08:30,Delivered,No,0,0,,No
wellbeing-2026q2,priya.jensen3@example.com,Technology,01/05/2026 08:30,Delivered,No,1,0,01/05/2026 09:41,No
wellbeing-2026q2,noah.vargas@example.com,Manufacturing,01/05/2026 08:30,Delivered,No,1,0,01/05/2026 13:12,No
wellbeing-2026q2,hiro.hansen@example.com,Finance,01/05/2026 08:30,Delivered,No,0,0,,No
wellbeing-2026q2,ben.silva6@example.com,Manufacturing,01/05/2026 08:30,Delivered,No,0,0,,No
wellbeing-2026q2,daniel.rossi2@example.com,Manufacturing,01/05/2026 08:30,Delivered,No,0,0,,No
wellbeing-2026q2,maya.fischer3@example.com,Manufacturing,01/05/2026 08:30,Delivered,No,0,0,,No
wellbeing-2026q2,uma.jensen4@example.com,Sales,01/05/2026 08:30,Delivered,No,1,1,02/05/2026 05:07,No
wellbeing-2026q2,hiro.evans@example.com,HR,01/05/2026 08:30,Delivered,No,2,0,01/05/2026 12:35,No
wellbeing-2026q2,noah.novak3@example.com,Operations,01/05/2026 08:30,Delivered,No,2,0,01/05/2026 10:26,No
wellbeing-2026q2,cara.zhang3@example.com,Manufacturing,01/05/2026 08:30,Delivered,No,0,0,,No
wellbeing-2026q2,ben.okafor3@example.com,Sales,01/05/2026 08:30,Delivered,No,2,0,03/05/2026 12:58,No
wellbeing-2026q2,olu.yilmaz@example.com,Operations,01/05/2026 08:30,Delivered,No,0,0,,No
wellbeing-2026q2,xenia.ahmed3@example.com,Manufacturing,01/05/2026 08:30,Delivered,No,1,0,01/05/2026 13:26,No
wellbeing-2026q2,xenia.jensen@example.com,Manufacturing,01/05/2026 08:30,Delivered,No,1,0,01/05/2026 10:22,No
wellbeing-2026q2,daniel.brown3@example.com,Operations,01/05/2026 08:30,Delivered,No,0,0,,No
wellbeing-2026q2,zoe.garcia4@example.com,Operations,01/05/2026 08:30,Delivered,No,2,0,01/05/2026 12:34,No
wellbeing-2026q2,maya.dubois4@example.com,Manufacturing,01/05/2026 08:30,Delivered,No,0,0,,No
wellbeing-2026q2,grace.dubois4@example.com,Legal,01/05/2026 08:30,Delivered,No,0,0,,No
wellbeing-2026q2,kira.silva2@example.com,Legal,01/05/2026 08:30,Delivered,No,1,2,01/05/2026 09:39,No
wellbeing-2026q2,daniel.okafor2@example.com,Operations,01/05/2026 08:30,Delivered,No,0,0,,No
wellbeing-2026q2,dmitri.yilmaz@example.com,Finance,01/05/2026 08:30,Delivered,No,0,0,,No
wellbeing-2026q2,rosa.tanaka2@example.com,Finance,01/05/2026 08:30,Delivered,No,0,0,,No
wellbeing-2026q2,rosa.muller3@example.com,Sales,01/05/2026 08:30,Delivered,No,0,0,,No
wellbeing-2026q2,noah.muller@example.com,Legal,01/05/2026 08:30,Delivered,No,1,0,01/05/2026 09:33,No
wellbeing-2026q2,quinn.tanaka@example.com,HR,01/05/2026 08:30,Delivered,No,0,0,,No
wellbeing-2026q2,priya.fischer4@example.com,Manufacturing,01/05/2026 08:30,Delivered,No,1,0,01/05/2026 13:05,No
wellbeing-2026q2,zoe.jensen3@example.com,Sales,01/05/2026 08:30,Delivered,No,2,0,01/05/2026 09:32,No
wellbeing-2026q2,quinn.yilmaz5@example.com,Operations,01/05/2026 08:30,Delivered,No,0,0,,No
wellbeing-2026q2,xenia.evans4@example.com,HR,01/05/2026 08:30,Delivered,No,0,0,,No
wellbeing-2026q2,noah.patel@example.com,Marketing,01/05/2026 08:30,Delivered,No,0,0,,No
wellbeing-2026q2,noah.novak4@example.com,Operations,01/05/2026 08:30,Delivered,No,0,0,,No
wellbeing-2026q2,olu.vargas@example.com,Sales,01/05/2026 08:30,Delivered,No,0,0,,No
wellbeing-2026q2,amara.garcia@example.com,HR,01/05/2026 08:30,Delivered,No,3,0,01/05/2026 10:17,No
wellbeing-2026q2,dmitri.silva2@example.com,Manufacturing,01/05/2026 08:30,Delivered,No,0,0,,No
wellbeing-2026q2,quinn.novak@example.com,Technology,01/05/2026 08:30,Delivered,No,1,0,01/05/2026 09:44,No
townhall-q1-2026,cara.ahmed@example.com,Manufacturing,14/04/2026 08:30,Delivered,No,2,0,15/04/2026 04:57,No
townhall-q1-2026,xenia.rossi@example.com,Marketing,14/04/2026 08:30,Delivered,No,0,0,,No
townhall-q1-2026,ben.zhang@example.com,Operations,14/04/2026 08:30,Delivered,No,0,0,,No
townhall-q1-2026,yusuf.hansen@example.com,HR,14/04/2026 08:30,Delivered,No,1,1,14/04/2026 12:55,No
townhall-q1-2026,grace.jensen@example.com,Finance,14/04/2026 08:30,Delivered,No,1,2,15/04/2026 05:05,No
townhall-q1-2026,wei.yilmaz@example.com,Operations,14/04/2026 08:30,Delivered,No,0,0,,No
townhall-q1-2026,ben.zhang2@example.com,Manufacturing,14/04/2026 08:30,Delivered,No,0,0,,No
townhall-q1-2026,hiro.patel@example.com,HR,14/04/2026 08:30,Delivered,No,0,0,,No
townhall-q1-2026,farid.fischer@example.com,Marketing,14/04/2026 08:30,Delivered,No,5,1,15/04/2026 04:39,No
townhall-q1-2026,wei.rossi@example.com,Manufacturing,14/04/2026 08:30,Delivered,No,0,0,,No
townhall-q1-2026,quinn.okafor@example.com,HR,14/04/2026 08:30,Delivered,No,1,0,16/04/2026 12:49,No
townhall-q1-2026,viktor.patel@example.com,Finance,14/04/2026 08:30,Bounced,Yes,0,0,,No
townhall-q1-2026,elena.tanaka@example.com,Operations,14/04/2026 08:30,Delivered,No,2,0,14/04/2026 09:33,No
townhall-q1-2026,ines.lopez@example.com,Technology,14/04/2026 08:30,Delivered,No,1,4,14/04/2026 12:34,No
townhall-q1-2026,ben.jensen@example.com,Finance,14/04/2026 08:30,Delivered,No,5,1,15/04/2026 05:17,No
townhall-q1-2026,maya.hansen@example.com,Technology,14/04/2026 08:30,Delivered,No,1,0,14/04/2026 12:34,No
townhall-q1-2026,quinn.muller@example.com,Manufacturing,14/04/2026 08:30,Delivered,No,0,0,,No
townhall-q1-2026,grace.lopez@example.com,Marketing,14/04/2026 08:30,Delivered,No,0,0,,No
townhall-q1-2026,kira.ueda@example.com,Finance,14/04/2026 08:30,Delivered,No,0,0,,No
townhall-q1-2026,elena.iyer@example.com,Technology,14/04/2026 08:30,Delivered,No,1,0,14/04/2026 09:57,No
townhall-q1-2026,yusuf.kowalski@example.com,Operations,14/04/2026 08:30,Delivered,No,1,1,14/04/2026 10:26,No
townhall-q1-2026,priya.ahmed@example.com,Sales,14/04/2026 08:30,Delivered,No,0,0,,No
townhall-q1-2026,yusuf.iyer@example.com,Manufacturing,14/04/2026 08:30,Bounced,Yes,0,0,,No
townhall-q1-2026,grace.hansen@example.com,Manufacturing,14/04/2026 08:30,Delivered,No,0,0,,No
townhall-q1-2026,bruno.silva@example.com,Marketing,14/04/2026 08:30,Delivered,No,2,0,15/04/2026 04:44,No
townhall-q1-2026,olu.chen@example.com,Manufacturing,14/04/2026 08:30,Delivered,No,2,0,14/04/2026 09:41,No
townhall-q1-2026,wei.hansen@example.com,Marketing,14/04/2026 08:30,Delivered,No,1,4,15/04/2026 04:36,No
townhall-q1-2026,aisha.novak@example.com,Technology,14/04/2026 08:30,Delivered,No,0,0,,No
townhall-q1-2026,dmitri.vargas@example.com,Sales,14/04/2026 08:30,Delivered,No,0,0,,No
townhall-q1-2026,ben.evans@example.com,Marketing,14/04/2026 08:30,Delivered,No,0,0,,No
townhall-q1-2026,hiro.lopez@example.com,Legal,14/04/2026 08:30,Delivered,No,1,0,14/04/2026 12:55,No
townhall-q1-2026,aisha.patel@example.com,Manufacturing,14/04/2026 08:30,Delivered,No,0,0,,No
townhall-q1-2026,rosa.yilmaz@example.com,Sales,14/04/2026 08:30,Delivered,No,2,0,14/04/2026 13:06,No
townhall-q1-2026,daniel.fischer@example.com,Finance,14/04/2026 08:30,Bounced,Yes,0,0,,No
townhall-q1-2026,maya.zhang@example.com,Technology,14/04/2026 08:30,Delivered,No,1,0,16/04/2026 13:19,No
townhall-q1-2026,grace.tanaka@example.com,Marketing,14/04/2026 08:30,Delivered,No,0,0,,No
townhall-q1-2026,amara.walsh@example.com,Operations,14/04/2026 08:30,Delivered,No,3,2,14/04/2026 09:55,No
townhall-q1-2026,wei.novak@example.com,Manufacturing,14/04/2026 08:30,Delivered,No,1,0,14/04/2026 09:56,No
townhall-q1-2026,wei.yilmaz2@example.com,Manufacturing,14/04/2026 08:30,Delivered,No,1,0,14/04/2026 13:19,No
townhall-q1-2026,grace.fischer@example.com,Marketing,14/04/2026 08:30,Delivered,No,0,0,,No
townhall-q1-2026,ben.dubois@example.com,Manufacturing,14/04/2026 08:30,Delivered,No,0,0,,No
townhall-q1-2026,wei.walsh@example.com,Marketing,14/04/2026 08:30,Delivered,No,0,0,,No
townhall-q1-2026,olu.chen2@example.com,Finance,14/04/2026 08:30,Delivered,No,2,1,15/04/2026 04:39,No
townhall-q1-2026,chloe.okafor@example.com,Sales,14/04/2026 08:30,Delivered,No,0,0,,No
townhall-q1-2026,bruno.rossi@example.com,Operations,14/04/2026 08:30,Delivered,No,1,0,14/04/2026 10:04,No
townhall-q1-2026,dmitri.lopez@example.com,HR,14/04/2026 08:30,Delivered,No,0,0,,No
townhall-q1-2026,bruno.ueda@example.com,Technology,14/04/2026 08:30,Delivered,No,0,0,,No
townhall-q1-2026,grace.tanaka2@example.com,Technology,14/04/2026 08:30,Delivered,No,0,0,,No
townhall-q1-2026,ben.ahmed@example.com,Manufacturing,14/04/2026 08:30,Delivered,No,0,0,,No
townhall-q1-2026,amara.walsh2@example.com,Technology,14/04/2026 08:30,Delivered,No,2,0,14/04/2026 12:56,No
townhall-q1-2026,jonas.kowalski@example.com,Manufacturing,14/04/2026 08:30,Delivered,No,0,0,,No
townhall-q1-2026,aisha.ahmed@example.com,Operations,14/04/2026 08:30,Delivered,No,0,0,,No
townhall-q1-2026,viktor.patel2@example.com,Technology,14/04/2026 08:30,Delivered,No,3,0,14/04/2026 10:02,No
townhall-q1-2026,yusuf.brown@example.com,Manufacturing,14/04/2026 08:30,Delivered,No,0,0,,No
townhall-q1-2026,xenia.silva@example.com,Marketing,14/04/2026 08:30,Delivered,No,2,0,14/04/2026 10:01,No
townhall-q1-2026,liam.ahmed@example.com,Manufacturing,14/04/2026 08:30,Delivered,No,0,0,,No
townhall-q1-2026,zoe.hansen@example.com,Operations,14/04/2026 08:30,Delivered,No,0,0,,No
townhall-q1-2026,rosa.chen@example.com,Manufacturing,14/04/2026 08:30,Delivered,No,0,0,,No
townhall-q1-2026,viktor.yilmaz@example.com,Sales,14/04/2026 08:30,Delivered,No,0,0,,No
townhall-q1-2026,grace.muller@example.com,Marketing,14/04/2026 08:30,Delivered,No,0,0,,No
townhall-q1-2026,tariq.zhang@example.com,Marketing,14/04/2026 08:30,Delivered,No,2,0,14/04/2026 12:45,No
townhall-q1-2026,kira.jensen@example.com,Operations,14/04/2026 08:30,Delivered,No,0,0,,No
townhall-q1-2026,sam.silva@example.com,Legal,14/04/2026 08:30,Delivered,No,0,0,,No
townhall-q1-2026,grace.walsh@example.com,Operations,14/04/2026 08:30,Delivered,No,1,0,14/04/2026 10:18,No
townhall-q1-2026,olu.lopez@example.com,Technology,14/04/2026 08:30,Delivered,No,0,0,,No
townhall-q1-2026,ben.muller@example.com,Manufacturing,14/04/2026 08:30,Delivered,No,0,0,,No
townhall-q1-2026,noah.lopez@example.com,Operations,14/04/2026 08:30,Delivered,No,0,0,,No
townhall-q1-2026,quinn.yilmaz@example.com,Technology,14/04/2026 08:30,Delivered,No,2,1,15/04/2026 04:38,No
townhall-q1-2026,chloe.yilmaz@example.com,Technology,14/04/2026 08:30,Delivered,No,0,0,,No
townhall-q1-2026,farid.muller@example.com,Sales,14/04/2026 08:30,Delivered,No,0,0,,No
townhall-q1-2026,hiro.okafor@example.com,Sales,14/04/2026 08:30,Delivered,No,1,0,14/04/2026 10:05,No
townhall-q1-2026,ben.walsh@example.com,Marketing,14/04/2026 08:30,Delivered,No,1,0,14/04/2026 09:54,No
townhall-q1-2026,maya.fischer@example.com,Manufacturing,14/04/2026 08:30,Delivered,No,0,0,,No
townhall-q1-2026,uma.jensen@example.com,Manufacturing,14/04/2026 08:30,Delivered,No,2,0,14/04/2026 13:06,No
townhall-q1-2026,rosa.okafor@example.com,Marketing,14/04/2026 08:30,Delivered,No,1,0,14/04/2026 10:02,No
townhall-q1-2026,aisha.rossi@example.com,Sales,14/04/2026 08:30,Delivered,No,0,0,,No
townhall-q1-2026,uma.muller@example.com,Manufacturing,14/04/2026 08:30,Delivered,No,0,0,,No
townhall-q1-2026,tariq.vargas@example.com,Operations,14/04/2026 08:30,Bounced,Yes,0,0,,No
townhall-q1-2026,yusuf.tanaka@example.com,Marketing,14/04/2026 08:30,Delivered,No,1,0,14/04/2026 12:44,No
townhall-q1-2026,xenia.tanaka@example.com,Technology,14/04/2026 08:30,Delivered,No,0,0,,No
townhall-q1-2026,dmitri.dubois@example.com,Sales,14/04/2026 08:30,Delivered,No,2,0,16/04/2026 13:17,No
townhall-q1-2026,quinn.iyer@example.com,Technology,14/04/2026 08:30,Delivered,No,0,0,,No
townhall-q1-2026,farid.kowalski@example.com,Marketing,14/04/2026 08:30,Delivered,No,0,0,,No
townhall-q1-2026,daniel.chen@example.com,Technology,14/04/2026 08:30,Delivered,No,5,0,15/04/2026 04:57,No
townhall-q1-2026,cara.kowalski@example.com,Operations,14/04/2026 08:30,Delivered,No,0,0,,No
townhall-q1-2026,cara.vargas@example.com,Technology,14/04/2026 08:30,Delivered,No,2,0,14/04/2026 10:19,No
townhall-q1-2026,amara.silva@example.com,Operations,14/04/2026 08:30,Delivered,No,0,0,,No
townhall-q1-2026,amara.zhang@example.com,Marketing,14/04/2026 08:30,Delivered,No,0,0,,No
townhall-q1-2026,wei.novak2@example.com,HR,14/04/2026 08:30,Delivered,No,2,0,14/04/2026 12:41,No
townhall-q1-2026,quinn.walsh@example.com,Operations,14/04/2026 08:30,Delivered,No,1,1,14/04/2026 10:29,No
townhall-q1-2026,aisha.novak2@example.com,Manufacturing,14/04/2026 08:30,Delivered,No,0,0,,No
townhall-q1-2026,yusuf.ueda@example.com,Manufacturing,14/04/2026 08:30,Delivered,No,0,0,,No
townhall-q1-2026,zoe.novak@example.com,Manufacturing,14/04/2026 08:30,Delivered,No,3,0,14/04/2026 09:36,No
townhall-q1-2026,xenia.chen@example.com,Technology,14/04/2026 08:30,Delivered,No,0,0,,No
townhall-q1-2026,hiro.jensen@example.com,Manufacturing,14/04/2026 08:30,Delivered,No,0,0,,No
townhall-q1-2026,cara.fischer@example.com,Technology,14/04/2026 08:30,Delivered,No,0,0,,No
townhall-q1-2026,yusuf.novak@example.com,Operations,14/04/2026 08:30,Delivered,No,3,0,14/04/2026 13:11,No
townhall-q1-2026,jonas.zhang@example.com,Manufacturing,14/04/2026 08:30,Delivered,No,0,0,,No
townhall-q1-2026,chloe.patel@example.com,HR,14/04/2026 08:30,Delivered,No,2,1,14/04/2026 10:22,No
townhall-q1-2026,jonas.walsh@example.com,Manufacturing,14/04/2026 08:30,Delivered,No,0,0,,No
townhall-q1-2026,xenia.patel@example.com,Manufacturing,14/04/2026 08:30,Delivered,No,0,0,,No
townhall-q1-2026,cara.ahmed2@example.com,HR,14/04/2026 08:30,Delivered,No,0,0,,No
townhall-q1-2026,xenia.vargas@example.com,Manufacturing,14/04/2026 08:30,Delivered,No,2,1,14/04/2026 10:05,No
townhall-q1-2026,elena.kowalski@example.com,Technology,14/04/2026 08:30,Delivered,No,0,0,,No
townhall-q1-2026,aisha.silva@example.com,Operations,14/04/2026 08:30,Delivered,No,0,0,,No
townhall-q1-2026,viktor.okafor@example.com,Operations,14/04/2026 08:30,Delivered,No,0,0,,No
townhall-q1-2026,chloe.muller@example.com,Marketing,14/04/2026 08:30,Delivered,No,0,0,,No
townhall-q1-2026,ines.walsh@example.com,Finance,14/04/2026 08:30,Delivered,No,3,0,14/04/2026 10:02,No
townhall-q1-2026,ben.dubois2@example.com,Technology,14/04/2026 08:30,Delivered,No,1,2,14/04/2026 09:35,No
townhall-q1-2026,aisha.yilmaz@example.com,Manufacturing,14/04/2026 08:30,Delivered,No,0,0,,No
townhall-q1-2026,liam.yilmaz@example.com,Manufacturing,14/04/2026 08:30,Delivered,No,0,0,,No
townhall-q1-2026,hiro.yilmaz@example.com,Finance,14/04/2026 08:30,Delivered,No,1,0,14/04/2026 13:09,No
townhall-q1-2026,hiro.fischer@example.com,Operations,14/04/2026 08:30,Bounced,Yes,0,0,,No
townhall-q1-2026,ines.garcia@example.com,Manufacturing,14/04/2026 08:30,Delivered,No,0,0,,No
townhall-q1-2026,elena.brown@example.com,Manufacturing,14/04/2026 08:30,Delivered,No,0,0,,No
townhall-q1-2026,rosa.patel@example.com,Legal,14/04/2026 08:30,Delivered,No,1,0,15/04/2026 05:05,No
townhall-q1-2026,elena.patel@example.com,Manufacturing,14/04/2026 08:30,Delivered,No,0,0,,No
townhall-q1-2026,hiro.vargas@example.com,Manufacturing,14/04/2026 08:30,Delivered,No,0,0,,No
townhall-q1-2026,jonas.yilmaz@example.com,Manufacturing,14/04/2026 08:30,Delivered,No,0,0,,No
townhall-q1-2026,tariq.silva@example.com,Finance,14/04/2026 08:30,Delivered,No,0,0,,No
townhall-q1-2026,xenia.evans@example.com,Operations,14/04/2026 08:30,Delivered,No,2,0,14/04/2026 13:05,No
townhall-q1-2026,daniel.novak@example.com,Technology,14/04/2026 08:30,Delivered,No,0,0,,No
townhall-q1-2026,bruno.rossi2@example.com,Manufacturing,14/04/2026 08:30,Delivered,No,0,0,,No
townhall-q1-2026,noah.garcia@example.com,Operations,14/04/2026 08:30,Delivered,No,2,1,14/04/2026 13:06,No
townhall-q1-2026,daniel.ueda@example.com,HR,14/04/2026 08:30,Delivered,No,1,0,14/04/2026 09:47,No
townhall-q1-2026,kira.okafor@example.com,Finance,14/04/2026 08:30,Delivered,No,1,0,14/04/2026 13:09,No
townhall-q1-2026,aisha.jensen@example.com,Finance,14/04/2026 08:30,Delivered,No,1,0,14/04/2026 09:51,No
townhall-q1-2026,jonas.walsh2@example.com,Operations,14/04/2026 08:30,Delivered,No,0,0,,No
townhall-q1-2026,hiro.novak@example.com,Technology,14/04/2026 08:30,Delivered,No,0,0,,No
townhall-q1-2026,ben.dubois3@example.com,Operations,14/04/2026 08:30,Delivered,No,2,0,14/04/2026 12:46,No
townhall-q1-2026,grace.jensen2@example.com,Manufacturing,14/04/2026 08:30,Delivered,No,0,0,,No
townhall-q1-2026,dmitri.rossi@example.com,Marketing,14/04/2026 08:30,Delivered,No,0,0,,No
townhall-q1-2026,quinn.rossi@example.com,Manufacturing,14/04/2026 08:30,Delivered,No,1,0,16/04/2026 13:28,No
townhall-q1-2026,sam.yilmaz@example.com,Manufacturing,14/04/2026 08:30,Delivered,No,0,0,,No
townhall-q1-2026,viktor.kowalski@example.com,HR,14/04/2026 08:30,Delivered,No,0,0,,No
townhall-q1-2026,wei.fischer@example.com,Finance,14/04/2026 08:30,Delivered,No,3,0,14/04/2026 12:53,No
townhall-q1-2026,yusuf.tanaka2@example.com,Manufacturing,14/04/2026 08:30,Delivered,No,3,0,14/04/2026 13:28,No
townhall-q1-2026,xenia.chen2@example.com,Sales,14/04/2026 08:30,Delivered,No,3,1,15/04/2026 04:34,No
townhall-q1-2026,hiro.brown@example.com,Operations,14/04/2026 08:30,Bounced,Yes,0,0,,No
townhall-q1-2026,jonas.kowalski2@example.com,Operations,14/04/2026 08:30,Delivered,No,0,0,,No
townhall-q1-2026,viktor.rossi@example.com,HR,14/04/2026 08:30,Delivered,No,1,0,14/04/2026 13:10,No
townhall-q1-2026,aisha.tanaka@example.com,Operations,14/04/2026 08:30,Delivered,No,0,0,,No
townhall-q1-2026,olu.jensen@example.com,Manufacturing,14/04/2026 08:30,Delivered,No,0,0,,No
townhall-q1-2026,liam.garcia@example.com,Manufacturing,14/04/2026 08:30,Delivered,No,0,0,,No
townhall-q1-2026,amara.dubois@example.com,Technology,14/04/2026 08:30,Delivered,No,0,0,,No
townhall-q1-2026,bruno.yilmaz@example.com,Manufacturing,14/04/2026 08:30,Delivered,No,2,0,14/04/2026 10:27,No
townhall-q1-2026,maya.hansen2@example.com,Technology,14/04/2026 08:30,Delivered,No,0,0,,No
townhall-q1-2026,rosa.ahmed@example.com,Marketing,14/04/2026 08:30,Delivered,No,0,0,,No
townhall-q1-2026,sam.rossi@example.com,Technology,14/04/2026 08:30,Delivered,No,1,1,14/04/2026 09:48,No
townhall-q1-2026,quinn.chen@example.com,Manufacturing,14/04/2026 08:30,Delivered,No,0,0,,No
townhall-q1-2026,sam.evans@example.com,Technology,14/04/2026 08:30,Delivered,No,5,0,14/04/2026 12:59,No
townhall-q1-2026,bruno.yilmaz2@example.com,Technology,14/04/2026 08:30,Delivered,No,1,2,14/04/2026 09:54,No
townhall-q1-2026,ben.silva@example.com,Operations,14/04/2026 08:30,Delivered,No,0,0,,No
townhall-q1-2026,maya.rossi@example.com,Operations,14/04/2026 08:30,Delivered,No,0,0,,No
townhall-q1-2026,cara.iyer@example.com,Marketing,14/04/2026 08:30,Delivered,No,0,0,,No
townhall-q1-2026,amara.silva2@example.com,Manufacturing,14/04/2026 08:30,Delivered,No,0,0,,No
townhall-q1-2026,cara.iyer2@example.com,Operations,14/04/2026 08:30,Delivered,No,0,0,,No
townhall-q1-2026,bruno.kowalski@example.com,Manufacturing,14/04/2026 08:30,Delivered,No,0,0,,No
townhall-q1-2026,uma.lopez@example.com,Sales,14/04/2026 08:30,Delivered,No,0,0,,No
townhall-q1-2026,elena.muller@example.com,Operations,14/04/2026 08:30,Delivered,No,0,0,,No
townhall-q1-2026,cara.ueda@example.com,Operations,14/04/2026 08:30,Bounced,Yes,0,0,,No
townhall-q1-2026,chloe.novak@example.com,Sales,14/04/2026 08:30,Delivered,No,0,0,,No
townhall-q1-2026,viktor.brown@example.com,Marketing,14/04/2026 08:30,Delivered,No,1,1,14/04/2026 12:57,No
townhall-q1-2026,ines.dubois@example.com,Marketing,14/04/2026 08:30,Delivered,No,3,0,14/04/2026 09:48,No
townhall-q1-2026,xenia.silva2@example.com,Operations,14/04/2026 08:30,Delivered,No,1,0,14/04/2026 13:10,No
townhall-q1-2026,viktor.hansen@example.com,Manufacturing,14/04/2026 08:30,Delivered,No,0,0,,No
townhall-q1-2026,tariq.evans@example.com,Legal,14/04/2026 08:30,Delivered,No,0,0,,No
townhall-q1-2026,kira.fischer@example.com,Legal,14/04/2026 08:30,Delivered,No,1,0,14/04/2026 13:11,No
townhall-q1-2026,hiro.ahmed@example.com,Operations,14/04/2026 08:30,Delivered,No,0,0,,No
townhall-q1-2026,rosa.dubois@example.com,Manufacturing,14/04/2026 08:30,Delivered,No,1,0,14/04/2026 09:49,No
townhall-q1-2026,liam.chen@example.com,HR,14/04/2026 08:30,Delivered,No,2,0,14/04/2026 09:33,No
townhall-q1-2026,amara.rossi@example.com,Sales,14/04/2026 08:30,Delivered,No,0,0,,No
townhall-q1-2026,wei.tanaka@example.com,Manufacturing,14/04/2026 08:30,Delivered,No,0,0,,No
townhall-q1-2026,chloe.lopez@example.com,Technology,14/04/2026 08:30,Delivered,No,1,0,14/04/2026 09:32,No
townhall-q1-2026,cara.yilmaz@example.com,HR,14/04/2026 08:30,Delivered,No,0,0,,No
townhall-q1-2026,uma.zhang@example.com,Technology,14/04/2026 08:30,Delivered,No,0,0,,No
townhall-q1-2026,liam.tanaka@example.com,Technology,14/04/2026 08:30,Delivered,No,1,1,14/04/2026 09:53,No
townhall-q1-2026,rosa.iyer@example.com,Sales,14/04/2026 08:30,Delivered,No,0,0,,No
townhall-q1-2026,chloe.kowalski@example.com,Marketing,14/04/2026 08:30,Delivered,No,2,1,14/04/2026 09:43,No
townhall-q1-2026,chloe.walsh@example.com,Legal,14/04/2026 08:30,Delivered,No,3,0,14/04/2026 10:23,No
townhall-q1-2026,cara.rossi@example.com,Operations,14/04/2026 08:30,Delivered,No,0,0,,No
townhall-q1-2026,rosa.kowalski@example.com,Sales,14/04/2026 08:30,Delivered,No,0,0,,No
townhall-q1-2026,maya.fischer2@example.com,Operations,14/04/2026 08:30,Delivered,No,0,0,,No
townhall-q1-2026,hiro.chen@example.com,Manufacturing,14/04/2026 08:30,Delivered,No,1,1,14/04/2026 09:54,No
townhall-q1-2026,dmitri.evans@example.com,Manufacturing,14/04/2026 08:30,Delivered,No,0,0,,No
townhall-q1-2026,ben.okafor@example.com,Manufacturing,14/04/2026 08:30,Delivered,No,0,0,,No
townhall-q1-2026,wei.jensen@example.com,Marketing,14/04/2026 08:30,Delivered,No,1,0,16/04/2026 13:07,No
townhall-q1-2026,priya.jensen@example.com,Technology,14/04/2026 08:30,Delivered,No,2,0,14/04/2026 12:49,No
townhall-q1-2026,rosa.okafor2@example.com,Legal,14/04/2026 08:30,Delivered,No,2,0,14/04/2026 10:29,No
townhall-q1-2026,ben.silva2@example.com,Marketing,14/04/2026 08:30,Delivered,No,1,1,16/04/2026 12:35,No
townhall-q1-2026,ines.fischer@example.com,Finance,14/04/2026 08:30,Delivered,No,1,0,16/04/2026 12:38,No
townhall-q1-2026,priya.fischer@example.com,Manufacturing,14/04/2026 08:30,Bounced,Yes,0,0,,No
townhall-q1-2026,rosa.ueda@example.com,Operations,14/04/2026 08:30,Delivered,No,0,0,,No
townhall-q1-2026,viktor.walsh@example.com,Technology,14/04/2026 08:30,Delivered,No,1,2,15/04/2026 04:48,No
townhall-q1-2026,olu.jensen2@example.com,Finance,14/04/2026 08:30,Delivered,No,0,0,,No
townhall-q1-2026,cara.muller@example.com,Manufacturing,14/04/2026 08:30,Delivered,No,1,0,14/04/2026 12:44,No
townhall-q1-2026,bruno.fischer@example.com,Technology,14/04/2026 08:30,Delivered,No,0,0,,No
townhall-q1-2026,grace.kowalski@example.com,Manufacturing,14/04/2026 08:30,Delivered,No,1,1,14/04/2026 09:52,No
townhall-q1-2026,hiro.novak2@example.com,Manufacturing,14/04/2026 08:30,Delivered,No,0,0,,No
townhall-q1-2026,xenia.iyer@example.com,Manufacturing,14/04/2026 08:30,Delivered,No,0,0,,No
townhall-q1-2026,jonas.patel@example.com,Technology,14/04/2026 08:30,Delivered,No,3,0,15/04/2026 05:03,No
townhall-q1-2026,ben.yilmaz@example.com,Technology,14/04/2026 08:30,Delivered,No,3,1,15/04/2026 05:16,No
townhall-q1-2026,viktor.hansen2@example.com,Manufacturing,14/04/2026 08:30,Delivered,No,2,1,14/04/2026 12:55,No
townhall-q1-2026,wei.brown@example.com,Manufacturing,14/04/2026 08:30,Delivered,No,0,0,,No
townhall-q1-2026,xenia.vargas2@example.com,Sales,14/04/2026 08:30,Delivered,No,0,0,,No
townhall-q1-2026,ben.patel@example.com,Technology,14/04/2026 08:30,Delivered,No,0,0,,No
townhall-q1-2026,sam.evans2@example.com,Manufacturing,14/04/2026 08:30,Delivered,No,1,0,14/04/2026 10:05,No
townhall-q1-2026,viktor.brown2@example.com,Sales,14/04/2026 08:30,Delivered,No,0,0,,No
townhall-q1-2026,olu.okafor@example.com,Technology,14/04/2026 08:30,Delivered,No,0,0,,No
townhall-q1-2026,noah.dubois@example.com,Operations,14/04/2026 08:30,Delivered,No,1,0,14/04/2026 10:09,No
townhall-q1-2026,daniel.dubois@example.com,Manufacturing,14/04/2026 08:30,Delivered,No,0,0,,No
townhall-q1-2026,bruno.rossi3@example.com,Marketing,14/04/2026 08:30,Delivered,No,1,0,14/04/2026 13:12,No
townhall-q1-2026,viktor.lopez@example.com,Sales,14/04/2026 08:30,Delivered,No,0,0,,No
townhall-q1-2026,quinn.zhang@example.com,Manufacturing,14/04/2026 08:30,Delivered,No,0,0,,No
townhall-q1-2026,ben.okafor2@example.com,Sales,14/04/2026 08:30,Bounced,Yes,0,0,,No
townhall-q1-2026,noah.lopez2@example.com,HR,14/04/2026 08:30,Delivered,No,1,0,14/04/2026 09:58,No
townhall-q1-2026,kira.tanaka@example.com,Technology,14/04/2026 08:30,Delivered,No,1,0,14/04/2026 09:45,No
townhall-q1-2026,ben.brown@example.com,Sales,14/04/2026 08:30,Bounced,Yes,0,0,,No
townhall-q1-2026,farid.tanaka@example.com,Manufacturing,14/04/2026 08:30,Delivered,No,0,0,,No
townhall-q1-2026,hiro.chen2@example.com,Finance,14/04/2026 08:30,Delivered,No,2,0,15/04/2026 04:50,No
townhall-q1-2026,xenia.ahmed@example.com,Operations,14/04/2026 08:30,Delivered,No,1,0,14/04/2026 09:59,No
townhall-q1-2026,zoe.brown@example.com,Manufacturing,14/04/2026 08:30,Delivered,No,0,0,,No
townhall-q1-2026,aisha.brown@example.com,Marketing,14/04/2026 08:30,Delivered,No,1,4,14/04/2026 12:33,No
townhall-q1-2026,olu.muller@example.com,Sales,14/04/2026 08:30,Delivered,No,1,1,14/04/2026 10:02,No
townhall-q1-2026,farid.hansen@example.com,Manufacturing,14/04/2026 08:30,Delivered,No,0,0,,No
townhall-q1-2026,priya.kowalski@example.com,Marketing,14/04/2026 08:30,Delivered,No,1,1,16/04/2026 13:14,No
townhall-q1-2026,amara.brown@example.com,Finance,14/04/2026 08:30,Delivered,No,0,0,,No
townhall-q1-2026,wei.chen@example.com,Manufacturing,14/04/2026 08:30,Delivered,No,0,0,,No
townhall-q1-2026,priya.ahmed2@example.com,Manufacturing,14/04/2026 08:30,Delivered,No,0,0,,No
townhall-q1-2026,hiro.walsh@example.com,Marketing,14/04/2026 08:30,Delivered,No,1,0,14/04/2026 13:01,No
townhall-q1-2026,yusuf.okafor@example.com,Finance,14/04/2026 08:30,Delivered,No,3,0,15/04/2026 04:43,No
townhall-q1-2026,farid.kowalski2@example.com,HR,14/04/2026 08:30,Delivered,No,1,1,16/04/2026 13:03,No
townhall-q1-2026,cara.jensen@example.com,Operations,14/04/2026 08:30,Delivered,No,0,0,,No
townhall-q1-2026,noah.iyer@example.com,Finance,14/04/2026 08:30,Delivered,No,1,0,15/04/2026 04:47,No
townhall-q1-2026,amara.ahmed@example.com,Technology,14/04/2026 08:30,Delivered,No,0,0,,No
townhall-q1-2026,uma.ueda@example.com,Manufacturing,14/04/2026 08:30,Delivered,No,0,0,,No
townhall-q1-2026,kira.yilmaz@example.com,Technology,14/04/2026 08:30,Delivered,No,1,0,14/04/2026 13:09,No
townhall-q1-2026,tariq.okafor@example.com,Manufacturing,14/04/2026 08:30,Delivered,No,0,0,,No
townhall-q1-2026,bruno.garcia@example.com,Sales,14/04/2026 08:30,Delivered,No,0,0,,No
townhall-q1-2026,maya.garcia@example.com,Manufacturing,14/04/2026 08:30,Delivered,No,0,0,,No
townhall-q1-2026,tariq.evans2@example.com,Sales,14/04/2026 08:30,Delivered,No,0,0,,No
townhall-q1-2026,tariq.muller@example.com,Finance,14/04/2026 08:30,Delivered,No,0,0,,No
townhall-q1-2026,hiro.zhang@example.com,Finance,14/04/2026 08:30,Delivered,No,0,0,,No
townhall-q1-2026,amara.lopez@example.com,HR,14/04/2026 08:30,Delivered,No,2,0,15/04/2026 04:39,No
townhall-q1-2026,uma.tanaka@example.com,Marketing,14/04/2026 08:30,Delivered,No,3,1,15/04/2026 04:46,No
townhall-q1-2026,daniel.vargas@example.com,Technology,14/04/2026 08:30,Delivered,No,1,0,16/04/2026 13:19,No
townhall-q1-2026,zoe.novak2@example.com,Manufacturing,14/04/2026 08:30,Delivered,No,0,0,,No
townhall-q1-2026,sam.okafor@example.com,Manufacturing,14/04/2026 08:30,Delivered,No,1,0,14/04/2026 13:06,No
townhall-q1-2026,priya.tanaka@example.com,Operations,14/04/2026 08:30,Delivered,No,0,0,,No
townhall-q1-2026,elena.novak@example.com,Marketing,14/04/2026 08:30,Delivered,No,1,0,15/04/2026 04:54,No
townhall-q1-2026,jonas.garcia@example.com,Manufacturing,14/04/2026 08:30,Delivered,No,0,0,,No
townhall-q1-2026,dmitri.vargas2@example.com,Sales,14/04/2026 08:30,Delivered,No,1,0,14/04/2026 10:21,No
townhall-q1-2026,daniel.ueda2@example.com,Operations,14/04/2026 08:30,Delivered,No,0,0,,No
townhall-q1-2026,uma.jensen2@example.com,Manufacturing,14/04/2026 08:30,Delivered,No,0,0,,No
townhall-q1-2026,chloe.evans@example.com,Finance,14/04/2026 08:30,Delivered,No,0,0,,No
townhall-q1-2026,jonas.hansen@example.com,Manufacturing,14/04/2026 08:30,Delivered,No,0,0,,No
townhall-q1-2026,noah.rossi@example.com,Manufacturing,14/04/2026 08:30,Delivered,No,0,0,,No
townhall-q1-2026,daniel.zhang@example.com,Manufacturing,14/04/2026 08:30,Delivered,No,0,0,,No
townhall-q1-2026,priya.okafor@example.com,Manufacturing,14/04/2026 08:30,Delivered,No,0,0,,No
townhall-q1-2026,viktor.brown3@example.com,Marketing,14/04/2026 08:30,Delivered,No,1,0,14/04/2026 13:14,No
townhall-q1-2026,rosa.muller@example.com,Sales,14/04/2026 08:30,Delivered,No,1,1,15/04/2026 04:35,No
townhall-q1-2026,kira.chen@example.com,Marketing,14/04/2026 08:30,Bounced,Yes,0,0,,No
townhall-q1-2026,cara.kowalski2@example.com,HR,14/04/2026 08:30,Delivered,No,0,0,,No
townhall-q1-2026,priya.novak@example.com,Marketing,14/04/2026 08:30,Delivered,No,0,0,,No
townhall-q1-2026,xenia.evans2@example.com,Technology,14/04/2026 08:30,Delivered,No,1,1,14/04/2026 09:51,No
townhall-q1-2026,elena.ahmed@example.com,Manufacturing,14/04/2026 08:30,Delivered,No,0,0,,No
townhall-q1-2026,maya.chen@example.com,Sales,14/04/2026 08:30,Delivered,No,1,0,15/04/2026 05:27,No
townhall-q1-2026,zoe.rossi@example.com,Manufacturing,14/04/2026 08:30,Delivered,No,0,0,,No
townhall-q1-2026,elena.ueda@example.com,HR,14/04/2026 08:30,Delivered,No,1,1,14/04/2026 09:49,No
townhall-q1-2026,wei.yilmaz3@example.com,Technology,14/04/2026 08:30,Delivered,No,2,0,14/04/2026 12:34,No
townhall-q1-2026,dmitri.hansen@example.com,Technology,14/04/2026 08:30,Delivered,No,2,0,14/04/2026 12:48,No
townhall-q1-2026,bruno.muller@example.com,Finance,14/04/2026 08:30,Delivered,No,3,0,15/04/2026 04:45,No
townhall-q1-2026,liam.tanaka2@example.com,Technology,14/04/2026 08:30,Delivered,No,2,0,14/04/2026 12:59,No
townhall-q1-2026,quinn.lopez@example.com,Sales,14/04/2026 08:30,Delivered,No,1,1,14/04/2026 12:42,No
townhall-q1-2026,xenia.vargas3@example.com,Technology,14/04/2026 08:30,Delivered,No,0,0,,No
townhall-q1-2026,liam.rossi@example.com,Manufacturing,14/04/2026 08:30,Delivered,No,0,0,,No
townhall-q1-2026,jonas.yilmaz2@example.com,Legal,14/04/2026 08:30,Delivered,No,0,0,,No
townhall-q1-2026,aisha.garcia@example.com,Marketing,14/04/2026 08:30,Delivered,No,0,0,,No
townhall-q1-2026,sam.tanaka@example.com,Finance,14/04/2026 08:30,Delivered,No,1,1,14/04/2026 10:21,No
townhall-q1-2026,farid.okafor@example.com,Marketing,14/04/2026 08:30,Delivered,No,1,0,16/04/2026 12:37,No
townhall-q1-2026,aisha.garcia2@example.com,Legal,14/04/2026 08:30,Delivered,No,1,0,14/04/2026 13:05,No
townhall-q1-2026,hiro.rossi@example.com,HR,14/04/2026 08:30,Delivered,No,0,0,,No
townhall-q1-2026,wei.chen2@example.com,Technology,14/04/2026 08:30,Delivered,No,2,0,14/04/2026 10:29,No
townhall-q1-2026,zoe.kowalski@example.com,Manufacturing,14/04/2026 08:30,Delivered,No,0,0,,No
townhall-q1-2026,chloe.iyer@example.com,Manufacturing,14/04/2026 08:30,Bounced,Yes,0,0,,No
townhall-q1-2026,jonas.novak@example.com,HR,14/04/2026 08:30,Delivered,No,1,1,14/04/2026 12:46,No
townhall-q1-2026,priya.iyer@example.com,Operations,14/04/2026 08:30,Delivered,No,1,0,14/04/2026 10:07,No
townhall-q1-2026,ben.brown2@example.com,Sales,14/04/2026 08:30,Delivered,No,0,0,,No
townhall-q1-2026,priya.evans@example.com,Operations,14/04/2026 08:30,Delivered,No,0,0,,No
townhall-q1-2026,yusuf.fischer@example.com,Manufacturing,14/04/2026 08:30,Delivered,No,0,0,,No
townhall-q1-2026,xenia.kowalski@example.com,Manufacturing,14/04/2026 08:30,Delivered,No,0,0,,No
townhall-q1-2026,noah.hansen@example.com,Technology,14/04/2026 08:30,Delivered,No,2,0,14/04/2026 10:16,No
townhall-q1-2026,xenia.vargas4@example.com,Operations,14/04/2026 08:30,Delivered,No,0,0,,No
townhall-q1-2026,xenia.garcia@example.com,Manufacturing,14/04/2026 08:30,Delivered,No,0,0,,No
townhall-q1-2026,noah.zhang@example.com,Manufacturing,14/04/2026 08:30,Delivered,No,0,0,,No
townhall-q1-2026,maya.brown@example.com,Manufacturing,14/04/2026 08:30,Delivered,No,1,2,14/04/2026 09:33,No
townhall-q1-2026,daniel.evans@example.com,Manufacturing,14/04/2026 08:30,Delivered,No,1,0,14/04/2026 10:20,No
townhall-q1-2026,hiro.vargas2@example.com,Manufacturing,14/04/2026 08:30,Delivered,No,0,0,,No
townhall-q1-2026,yusuf.muller@example.com,Marketing,14/04/2026 08:30,Delivered,No,0,0,,No
townhall-q1-2026,hiro.kowalski@example.com,Operations,14/04/2026 08:30,Delivered,No,0,0,,No
townhall-q1-2026,chloe.okafor2@example.com,Manufacturing,14/04/2026 08:30,Delivered,No,0,0,,No
townhall-q1-2026,yusuf.rossi@example.com,Finance,14/04/2026 08:30,Delivered,No,0,0,,No
townhall-q1-2026,kira.iyer@example.com,Manufacturing,14/04/2026 08:30,Delivered,No,1,0,14/04/2026 10:10,No
townhall-q1-2026,rosa.kowalski2@example.com,Finance,14/04/2026 08:30,Delivered,No,0,0,,No
townhall-q1-2026,yusuf.walsh@example.com,HR,14/04/2026 08:30,Delivered,No,0,0,,No
townhall-q1-2026,daniel.silva@example.com,Finance,14/04/2026 08:30,Delivered,No,1,0,14/04/2026 13:28,No
townhall-q1-2026,aisha.rossi2@example.com,Manufacturing,14/04/2026 08:30,Delivered,No,0,0,,No
townhall-q1-2026,bruno.tanaka@example.com,HR,14/04/2026 08:30,Delivered,No,0,0,,No
townhall-q1-2026,quinn.yilmaz2@example.com,Manufacturing,14/04/2026 08:30,Delivered,No,0,0,,No
townhall-q1-2026,bruno.ahmed@example.com,Finance,14/04/2026 08:30,Delivered,No,2,0,14/04/2026 09:39,No
townhall-q1-2026,farid.jensen@example.com,Technology,14/04/2026 08:30,Delivered,No,1,1,15/04/2026 05:22,No
townhall-q1-2026,jonas.novak2@example.com,Finance,14/04/2026 08:30,Bounced,Yes,0,0,,No
townhall-q1-2026,liam.novak@example.com,Manufacturing,14/04/2026 08:30,Delivered,No,0,0,,No
townhall-q1-2026,elena.rossi@example.com,Technology,14/04/2026 08:30,Delivered,No,1,0,14/04/2026 09:55,No
townhall-q1-2026,viktor.patel3@example.com,Legal,14/04/2026 08:30,Delivered,No,3,0,14/04/2026 10:28,No
townhall-q1-2026,hiro.iyer@example.com,Sales,14/04/2026 08:30,Delivered,No,0,0,,No
townhall-q1-2026,aisha.ueda@example.com,Manufacturing,14/04/2026 08:30,Delivered,No,0,0,,No
townhall-q1-2026,viktor.okafor2@example.com,Finance,14/04/2026 08:30,Delivered,No,0,0,,No
townhall-q1-2026,tariq.rossi@example.com,Finance,14/04/2026 08:30,Delivered,No,0,0,,No
townhall-q1-2026,zoe.patel@example.com,Manufacturing,14/04/2026 08:30,Delivered,No,1,0,14/04/2026 10:14,No
townhall-q1-2026,maya.dubois@example.com,Marketing,14/04/2026 08:30,Delivered,No,2,0,14/04/2026 10:05,No
townhall-q1-2026,tariq.hansen@example.com,Marketing,14/04/2026 08:30,Delivered,No,0,0,,No
townhall-q1-2026,kira.ueda2@example.com,Operations,14/04/2026 08:30,Delivered,No,1,0,14/04/2026 10:01,No
townhall-q1-2026,jonas.muller@example.com,Finance,14/04/2026 08:30,Delivered,No,0,0,,No
townhall-q1-2026,sam.chen@example.com,HR,14/04/2026 08:30,Delivered,No,2,0,14/04/2026 09:47,No
townhall-q1-2026,aisha.evans@example.com,Technology,14/04/2026 08:30,Delivered,No,0,0,,No
townhall-q1-2026,wei.tanaka2@example.com,Technology,14/04/2026 08:30,Delivered,No,3,0,14/04/2026 09:40,No
townhall-q1-2026,kira.garcia@example.com,Technology,14/04/2026 08:30,Delivered,No,0,0,,No
townhall-q1-2026,elena.muller2@example.com,Legal,14/04/2026 08:30,Delivered,No,1,0,14/04/2026 13:29,No
townhall-q1-2026,jonas.kowalski3@example.com,Manufacturing,14/04/2026 08:30,Delivered,No,2,0,16/04/2026 12:53,No
townhall-q1-2026,xenia.chen3@example.com,Technology,14/04/2026 08:30,Delivered,No,3,0,14/04/2026 13:14,No
townhall-q1-2026,chloe.brown@example.com,Finance,14/04/2026 08:30,Delivered,No,0,0,,No
townhall-q1-2026,amara.rossi2@example.com,Marketing,14/04/2026 08:30,Delivered,No,0,0,,No
townhall-q1-2026,daniel.chen2@example.com,Finance,14/04/2026 08:30,Delivered,No,2,0,16/04/2026 13:26,No
townhall-q1-2026,liam.kowalski@example.com,Manufacturing,14/04/2026 08:30,Delivered,No,0,0,,No
townhall-q1-2026,cara.lopez@example.com,Manufacturing,14/04/2026 08:30,Bounced,Yes,0,0,,No
townhall-q1-2026,farid.vargas@example.com,Finance,14/04/2026 08:30,Delivered,No,0,0,,No
townhall-q1-2026,hiro.zhang2@example.com,Sales,14/04/2026 08:30,Delivered,No,5,0,14/04/2026 10:27,No
townhall-q1-2026,jonas.chen@example.com,Operations,14/04/2026 08:30,Delivered,No,3,0,14/04/2026 09:42,No
townhall-q1-2026,priya.hansen@example.com,Finance,14/04/2026 08:30,Delivered,No,1,0,14/04/2026 12:43,No
townhall-q1-2026,wei.hansen2@example.com,Sales,14/04/2026 08:30,Delivered,No,0,0,,No
townhall-q1-2026,uma.dubois@example.com,Sales,14/04/2026 08:30,Delivered,No,2,1,14/04/2026 09:45,No
townhall-q1-2026,viktor.zhang@example.com,Manufacturing,14/04/2026 08:30,Delivered,No,1,0,15/04/2026 04:48,No
townhall-q1-2026,uma.chen@example.com,Marketing,14/04/2026 08:30,Delivered,No,1,0,14/04/2026 13:05,No
townhall-q1-2026,xenia.yilmaz@example.com,Manufacturing,14/04/2026 08:30,Delivered,No,0,0,,No
townhall-q1-2026,dmitri.zhang@example.com,Operations,14/04/2026 08:30,Delivered,No,0,0,,No
townhall-q1-2026,dmitri.ahmed@example.com,Marketing,14/04/2026 08:30,Delivered,No,3,0,14/04/2026 10:26,No
townhall-q1-2026,priya.kowalski2@example.com,Operations,14/04/2026 08:30,Delivered,No,0,0,,No
townhall-q1-2026,hiro.patel2@example.com,Sales,14/04/2026 08:30,Delivered,No,0,0,,No
townhall-q1-2026,zoe.tanaka@example.com,Marketing,14/04/2026 08:30,Delivered,No,0,0,,No
townhall-q1-2026,elena.fischer@example.com,Operations,14/04/2026 08:30,Delivered,No,0,0,,No
townhall-q1-2026,rosa.tanaka@example.com,Operations,14/04/2026 08:30,Delivered,No,1,0,14/04/2026 12:37,No
townhall-q1-2026,jonas.walsh3@example.com,Manufacturing,14/04/2026 08:30,Delivered,No,0,0,,No
townhall-q1-2026,grace.yilmaz@example.com,Marketing,14/04/2026 08:30,Delivered,No,1,0,14/04/2026 09:31,No
townhall-q1-2026,ben.evans2@example.com,Legal,14/04/2026 08:30,Delivered,No,0,0,,No
townhall-q1-2026,kira.walsh@example.com,Manufacturing,14/04/2026 08:30,Delivered,No,0,0,,No
townhall-q1-2026,kira.brown@example.com,Technology,14/04/2026 08:30,Delivered,No,2,1,15/04/2026 04:39,No
townhall-q1-2026,zoe.evans@example.com,Finance,14/04/2026 08:30,Delivered,No,0,0,,No
townhall-q1-2026,zoe.brown2@example.com,Finance,14/04/2026 08:30,Delivered,No,3,0,16/04/2026 13:28,No
townhall-q1-2026,dmitri.muller@example.com,Operations,14/04/2026 08:30,Delivered,No,1,1,14/04/2026 10:17,No
townhall-q1-2026,tariq.yilmaz@example.com,Manufacturing,14/04/2026 08:30,Delivered,No,0,0,,No
townhall-q1-2026,noah.ueda@example.com,Technology,14/04/2026 08:30,Delivered,No,0,0,,No
townhall-q1-2026,hiro.dubois@example.com,Manufacturing,14/04/2026 08:30,Delivered,No,1,0,16/04/2026 13:21,No
townhall-q1-2026,aisha.jensen2@example.com,Technology,14/04/2026 08:30,Delivered,No,0,0,,Yes
townhall-q1-2026,grace.patel@example.com,Manufacturing,14/04/2026 08:30,Delivered,No,0,0,,No
townhall-q1-2026,daniel.ueda3@example.com,Sales,14/04/2026 08:30,Delivered,No,1,0,14/04/2026 10:21,No
townhall-q1-2026,uma.novak@example.com,Manufacturing,14/04/2026 08:30,Delivered,No,0,0,,No
townhall-q1-2026,kira.novak@example.com,Marketing,14/04/2026 08:30,Delivered,No,0,0,,No
townhall-q1-2026,chloe.muller2@example.com,Operations,14/04/2026 08:30,Delivered,No,1,1,14/04/2026 09:43,No
townhall-q1-2026,daniel.iyer@example.com,Manufacturing,14/04/2026 08:30,Delivered,No,0,0,,No
townhall-q1-2026,rosa.okafor3@example.com,HR,14/04/2026 08:30,Delivered,No,1,1,14/04/2026 10:14,No
townhall-q1-2026,ben.ahmed2@example.com,Operations,14/04/2026 08:30,Delivered,No,0,0,,No
townhall-q1-2026,ben.ueda@example.com,Manufacturing,14/04/2026 08:30,Delivered,No,0,0,,No
townhall-q1-2026,liam.ueda@example.com,Manufacturing,14/04/2026 08:30,Delivered,No,0,0,,No
townhall-q1-2026,xenia.garcia2@example.com,Operations,14/04/2026 08:30,Delivered,No,0,0,,No
townhall-q1-2026,viktor.silva@example.com,Sales,14/04/2026 08:30,Delivered,No,0,0,,No
townhall-q1-2026,bruno.ueda2@example.com,Manufacturing,14/04/2026 08:30,Delivered,No,0,0,,No
townhall-q1-2026,elena.fischer2@example.com,Operations,14/04/2026 08:30,Delivered,No,0,0,,No
townhall-q1-2026,liam.jensen@example.com,Operations,14/04/2026 08:30,Delivered,No,0,0,,No
townhall-q1-2026,yusuf.rossi2@example.com,Manufacturing,14/04/2026 08:30,Delivered,No,0,0,,No
townhall-q1-2026,wei.evans@example.com,Manufacturing,14/04/2026 08:30,Delivered,No,0,0,,No
townhall-q1-2026,liam.brown@example.com,Sales,14/04/2026 08:30,Delivered,No,2,0,14/04/2026 12:58,Yes
townhall-q1-2026,daniel.zhang2@example.com,Operations,14/04/2026 08:30,Delivered,No,5,0,14/04/2026 13:25,No
townhall-q1-2026,priya.novak2@example.com,Manufacturing,14/04/2026 08:30,Delivered,No,0,0,,No
townhall-q1-2026,ines.tanaka@example.com,Sales,14/04/2026 08:30,Delivered,No,0,0,,No
townhall-q1-2026,quinn.rossi2@example.com,Sales,14/04/2026 08:30,Delivered,No,0,0,,No
townhall-q1-2026,cara.okafor@example.com,Sales,14/04/2026 08:30,Delivered,No,1,0,15/04/2026 05:06,No
townhall-q1-2026,maya.patel@example.com,Operations,14/04/2026 08:30,Delivered,No,1,0,15/04/2026 05:04,No
townhall-q1-2026,wei.zhang@example.com,Finance,14/04/2026 08:30,Delivered,No,2,1,14/04/2026 13:11,No
townhall-q1-2026,ines.fischer2@example.com,Manufacturing,14/04/2026 08:30,Delivered,No,1,0,14/04/2026 09:45,No
townhall-q1-2026,chloe.ueda@example.com,Sales,14/04/2026 08:30,Delivered,No,1,1,14/04/2026 13:04,No
townhall-q1-2026,priya.ahmed3@example.com,Sales,14/04/2026 08:30,Delivered,No,2,0,14/04/2026 09:50,No
townhall-q1-2026,amara.dubois2@example.com,Manufacturing,14/04/2026 08:30,Delivered,No,0,0,,No
townhall-q1-2026,noah.tanaka@example.com,Manufacturing,14/04/2026 08:30,Delivered,No,0,0,,No
townhall-q1-2026,cara.iyer3@example.com,Technology,14/04/2026 08:30,Delivered,No,0,0,,No
townhall-q1-2026,amara.rossi3@example.com,Manufacturing,14/04/2026 08:30,Delivered,No,0,0,,No
townhall-q1-2026,rosa.iyer2@example.com,Operations,14/04/2026 08:30,Delivered,No,0,0,,No
townhall-q1-2026,xenia.walsh@example.com,Operations,14/04/2026 08:30,Delivered,No,0,0,,No
townhall-q1-2026,ines.yilmaz@example.com,Technology,14/04/2026 08:30,Delivered,No,0,0,,No
townhall-q1-2026,ben.ahmed3@example.com,Operations,14/04/2026 08:30,Delivered,No,0,0,,No
townhall-q1-2026,elena.lopez@example.com,Legal,14/04/2026 08:30,Delivered,No,2,0,15/04/2026 04:56,No
townhall-q1-2026,tariq.chen@example.com,Finance,14/04/2026 08:30,Delivered,No,1,0,14/04/2026 13:26,No
townhall-q1-2026,farid.vargas2@example.com,Operations,14/04/2026 08:30,Delivered,No,2,0,15/04/2026 04:47,No
townhall-q1-2026,aisha.hansen@example.com,Operations,14/04/2026 08:30,Delivered,No,2,0,14/04/2026 12:46,No
townhall-q1-2026,aisha.ahmed2@example.com,Operations,14/04/2026 08:30,Delivered,No,0,0,,No
townhall-q1-2026,jonas.dubois@example.com,Manufacturing,14/04/2026 08:30,Delivered,No,0,0,,No
townhall-q1-2026,wei.fischer2@example.com,Manufacturing,14/04/2026 08:30,Delivered,No,0,0,,No
townhall-q1-2026,aisha.silva2@example.com,Technology,14/04/2026 08:30,Delivered,No,1,0,14/04/2026 13:09,No
townhall-q1-2026,daniel.dubois2@example.com,Manufacturing,14/04/2026 08:30,Delivered,No,0,0,,No
townhall-q1-2026,noah.iyer2@example.com,Manufacturing,14/04/2026 08:30,Delivered,No,0,0,,No
townhall-q1-2026,ben.silva3@example.com,Operations,14/04/2026 08:30,Delivered,No,0,0,,No
townhall-q1-2026,elena.vargas@example.com,Sales,14/04/2026 08:30,Delivered,No,1,0,14/04/2026 09:30,No
townhall-q1-2026,daniel.silva2@example.com,Manufacturing,14/04/2026 08:30,Delivered,No,2,0,14/04/2026 09:57,No
townhall-q1-2026,bruno.dubois@example.com,Manufacturing,14/04/2026 08:30,Delivered,No,1,0,14/04/2026 10:12,No
townhall-q1-2026,sam.silva2@example.com,HR,14/04/2026 08:30,Delivered,No,0,0,,No
townhall-q1-2026,rosa.chen2@example.com,Operations,14/04/2026 08:30,Delivered,No,0,0,,No
townhall-q1-2026,yusuf.dubois@example.com,Manufacturing,14/04/2026 08:30,Delivered,No,1,0,14/04/2026 10:21,No
townhall-q1-2026,ben.hansen@example.com,Manufacturing,14/04/2026 08:30,Delivered,No,1,0,14/04/2026 09:36,No
townhall-q1-2026,chloe.silva@example.com,Legal,14/04/2026 08:30,Delivered,No,5,0,14/04/2026 13:15,No
townhall-q1-2026,yusuf.chen@example.com,Technology,14/04/2026 08:30,Delivered,No,0,0,,No
townhall-q1-2026,olu.kowalski@example.com,Manufacturing,14/04/2026 08:30,Delivered,No,0,0,,No
townhall-q1-2026,sam.muller@example.com,Technology,14/04/2026 08:30,Delivered,No,1,0,14/04/2026 12:40,No
townhall-q1-2026,sam.dubois@example.com,Finance,14/04/2026 08:30,Delivered,No,0,0,,No
townhall-q1-2026,sam.walsh@example.com,Marketing,14/04/2026 08:30,Delivered,No,0,0,,No
townhall-q1-2026,yusuf.rossi3@example.com,Manufacturing,14/04/2026 08:30,Delivered,No,0,0,,No
townhall-q1-2026,kira.ueda3@example.com,Sales,14/04/2026 08:30,Delivered,No,2,0,14/04/2026 13:26,No
townhall-q1-2026,dmitri.walsh@example.com,Operations,14/04/2026 08:30,Delivered,No,1,1,14/04/2026 09:35,No
townhall-q1-2026,hiro.lopez2@example.com,Technology,14/04/2026 08:30,Delivered,No,0,0,,No
townhall-q1-2026,yusuf.silva@example.com,Technology,14/04/2026 08:30,Delivered,No,0,0,,No
townhall-q1-2026,farid.hansen2@example.com,Technology,14/04/2026 08:30,Delivered,No,0,0,,No
townhall-q1-2026,viktor.ueda@example.com,Operations,14/04/2026 08:30,Delivered,No,0,0,,No
townhall-q1-2026,olu.fischer@example.com,Manufacturing,14/04/2026 08:30,Delivered,No,0,0,,No
townhall-q1-2026,aisha.patel2@example.com,Manufacturing,14/04/2026 08:30,Delivered,No,0,0,,No
townhall-q1-2026,ben.rossi@example.com,Sales,14/04/2026 08:30,Delivered,No,0,0,,No
townhall-q1-2026,farid.ahmed@example.com,Finance,14/04/2026 08:30,Delivered,No,2,0,14/04/2026 10:10,No
townhall-q1-2026,ben.dubois4@example.com,Technology,14/04/2026 08:30,Delivered,No,0,0,,No
townhall-q1-2026,ines.novak@example.com,Manufacturing,14/04/2026 08:30,Delivered,No,1,0,16/04/2026 13:05,No
townhall-q1-2026,ben.hansen2@example.com,HR,14/04/2026 08:30,Delivered,No,1,1,14/04/2026 09:53,No
townhall-q1-2026,viktor.vargas@example.com,Manufacturing,14/04/2026 08:30,Delivered,No,0,0,,No
townhall-q1-2026,bruno.muller2@example.com,Technology,14/04/2026 08:30,Delivered,No,1,1,14/04/2026 12:58,No
townhall-q1-2026,kira.chen2@example.com,HR,14/04/2026 08:30,Delivered,No,1,1,14/04/2026 09:41,No
townhall-q1-2026,ines.iyer@example.com,HR,14/04/2026 08:30,Delivered,No,1,0,14/04/2026 09:56,No
townhall-q1-2026,amara.ueda@example.com,Operations,14/04/2026 08:30,Delivered,No,0,0,,No
townhall-q1-2026,daniel.jensen@example.com,Manufacturing,14/04/2026 08:30,Delivered,No,3,0,14/04/2026 09:37,No
townhall-q1-2026,daniel.lopez@example.com,Marketing,14/04/2026 08:30,Delivered,No,0,0,,No
townhall-q1-2026,quinn.evans@example.com,Finance,14/04/2026 08:30,Delivered,No,1,1,14/04/2026 09:30,No
townhall-q1-2026,daniel.fischer2@example.com,Technology,14/04/2026 08:30,Delivered,No,3,0,15/04/2026 04:52,No
townhall-q1-2026,rosa.walsh@example.com,Technology,14/04/2026 08:30,Delivered,No,1,0,14/04/2026 10:10,No
townhall-q1-2026,priya.novak3@example.com,Operations,14/04/2026 08:30,Delivered,No,0,0,,No
townhall-q1-2026,xenia.hansen@example.com,Technology,14/04/2026 08:30,Delivered,No,3,1,15/04/2026 05:18,No
townhall-q1-2026,zoe.tanaka2@example.com,Sales,14/04/2026 08:30,Delivered,No,0,0,,No
townhall-q1-2026,zoe.ahmed@example.com,Technology,14/04/2026 08:30,Delivered,No,0,0,,No
townhall-q1-2026,cara.dubois@example.com,Manufacturing,14/04/2026 08:30,Delivered,No,0,0,,No
townhall-q1-2026,priya.tanaka2@example.com,Manufacturing,14/04/2026 08:30,Delivered,No,0,0,,No
townhall-q1-2026,elena.fischer3@example.com,Technology,14/04/2026 08:30,Delivered,No,1,0,15/04/2026 05:01,No
townhall-q1-2026,xenia.novak@example.com,Technology,14/04/2026 08:30,Delivered,No,0,0,,No
townhall-q1-2026,olu.garcia@example.com,Marketing,14/04/2026 08:30,Delivered,No,3,1,14/04/2026 09:32,No
townhall-q1-2026,liam.evans@example.com,Manufacturing,14/04/2026 08:30,Delivered,No,0,0,,No
townhall-q1-2026,grace.yilmaz2@example.com,HR,14/04/2026 08:30,Delivered,No,5,2,14/04/2026 13:06,No
townhall-q1-2026,ines.novak2@example.com,Manufacturing,14/04/2026 08:30,Delivered,No,0,0,,No
townhall-q1-2026,bruno.novak@example.com,Sales,14/04/2026 08:30,Delivered,No,0,0,,No
townhall-q1-2026,viktor.evans@example.com,Marketing,14/04/2026 08:30,Delivered,No,1,0,14/04/2026 09:57,No
townhall-q1-2026,ben.evans3@example.com,Finance,14/04/2026 08:30,Delivered,No,0,0,,No
townhall-q1-2026,amara.fischer@example.com,Marketing,14/04/2026 08:30,Delivered,No,0,0,,No
townhall-q1-2026,kira.rossi@example.com,Legal,14/04/2026 08:30,Delivered,No,0,0,,No
townhall-q1-2026,viktor.rossi2@example.com,Operations,14/04/2026 08:30,Delivered,No,1,0,15/04/2026 05:19,No
townhall-q1-2026,kira.brown2@example.com,Sales,14/04/2026 08:30,Delivered,No,0,0,,No
townhall-q1-2026,dmitri.silva@example.com,Operations,14/04/2026 08:30,Bounced,Yes,0,0,,No
townhall-q1-2026,daniel.evans2@example.com,Legal,14/04/2026 08:30,Delivered,No,0,0,,No
townhall-q1-2026,yusuf.yilmaz@example.com,Marketing,14/04/2026 08:30,Delivered,No,0,0,,No
townhall-q1-2026,farid.kowalski3@example.com,Technology,14/04/2026 08:30,Bounced,Yes,0,0,,No
townhall-q1-2026,priya.brown@example.com,Finance,14/04/2026 08:30,Delivered,No,1,0,14/04/2026 13:22,No
townhall-q1-2026,quinn.dubois@example.com,Legal,14/04/2026 08:30,Delivered,No,0,0,,No
townhall-q1-2026,ben.zhang3@example.com,Sales,14/04/2026 08:30,Delivered,No,1,0,14/04/2026 10:28,No
townhall-q1-2026,xenia.novak2@example.com,Marketing,14/04/2026 08:30,Delivered,No,0,0,,No
townhall-q1-2026,rosa.ahmed2@example.com,Marketing,14/04/2026 08:30,Delivered,No,1,1,14/04/2026 10:03,No
townhall-q1-2026,tariq.ueda@example.com,Sales,14/04/2026 08:30,Delivered,No,0,0,,No
townhall-q1-2026,hiro.vargas3@example.com,Marketing,14/04/2026 08:30,Bounced,Yes,0,0,,No
townhall-q1-2026,liam.evans2@example.com,Operations,14/04/2026 08:30,Delivered,No,0,0,,No
townhall-q1-2026,wei.zhang2@example.com,Manufacturing,14/04/2026 08:30,Delivered,No,0,0,,No
townhall-q1-2026,wei.iyer@example.com,Operations,14/04/2026 08:30,Delivered,No,0,0,,No
townhall-q1-2026,rosa.evans@example.com,Sales,14/04/2026 08:30,Delivered,No,1,0,15/04/2026 05:19,No
townhall-q1-2026,jonas.lopez@example.com,Marketing,14/04/2026 08:30,Delivered,No,0,0,,No
townhall-q1-2026,tariq.fischer@example.com,Sales,14/04/2026 08:30,Delivered,No,0,0,,No
townhall-q1-2026,zoe.walsh@example.com,Technology,14/04/2026 08:30,Delivered,No,3,1,14/04/2026 09:36,No
townhall-q1-2026,sam.walsh2@example.com,Technology,14/04/2026 08:30,Delivered,No,1,0,14/04/2026 13:24,No
townhall-q1-2026,zoe.dubois@example.com,Operations,14/04/2026 08:30,Delivered,No,1,0,14/04/2026 12:36,No
townhall-q1-2026,kira.vargas@example.com,Legal,14/04/2026 08:30,Delivered,No,1,0,15/04/2026 04:57,No
townhall-q1-2026,maya.evans@example.com,Marketing,14/04/2026 08:30,Delivered,No,0,0,,No
townhall-q1-2026,zoe.rossi2@example.com,Legal,14/04/2026 08:30,Delivered,No,0,0,,No
townhall-q1-2026,yusuf.vargas@example.com,Operations,14/04/2026 08:30,Delivered,No,0,0,,No
townhall-q1-2026,noah.brown@example.com,Operations,14/04/2026 08:30,Delivered,No,1,0,14/04/2026 10:09,No
townhall-q1-2026,cara.evans@example.com,Sales,14/04/2026 08:30,Delivered,No,2,0,14/04/2026 12:37,No
townhall-q1-2026,priya.hansen2@example.com,Operations,14/04/2026 08:30,Delivered,No,0,0,,No
townhall-q1-2026,viktor.zhang2@example.com,Sales,14/04/2026 08:30,Delivered,No,3,1,14/04/2026 13:11,No
townhall-q1-2026,hiro.iyer2@example.com,Operations,14/04/2026 08:30,Delivered,No,1,0,14/04/2026 13:08,No
townhall-q1-2026,uma.okafor@example.com,Marketing,14/04/2026 08:30,Bounced,Yes,0,0,,No
townhall-q1-2026,chloe.tanaka@example.com,Sales,14/04/2026 08:30,Delivered,No,2,1,14/04/2026 13:29,Yes
townhall-q1-2026,bruno.hansen@example.com,Operations,14/04/2026 08:30,Delivered,No,1,0,14/04/2026 12:47,No
townhall-q1-2026,amara.walsh3@example.com,Manufacturing,14/04/2026 08:30,Delivered,No,0,0,,No
townhall-q1-2026,bruno.kowalski2@example.com,Manufacturing,14/04/2026 08:30,Delivered,No,0,0,,No
townhall-q1-2026,uma.ueda2@example.com,Technology,14/04/2026 08:30,Delivered,No,0,0,,No
townhall-q1-2026,quinn.ahmed@example.com,Manufacturing,14/04/2026 08:30,Delivered,No,0,0,,No
townhall-q1-2026,tariq.rossi2@example.com,Manufacturing,14/04/2026 08:30,Delivered,No,0,0,,No
townhall-q1-2026,chloe.garcia@example.com,Marketing,14/04/2026 08:30,Delivered,No,1,0,14/04/2026 10:15,No
townhall-q1-2026,tariq.novak@example.com,Manufacturing,14/04/2026 08:30,Delivered,No,0,0,,Yes
townhall-q1-2026,cara.iyer4@example.com,Marketing,14/04/2026 08:30,Delivered,No,0,0,,No
townhall-q1-2026,bruno.hansen2@example.com,Finance,14/04/2026 08:30,Delivered,No,0,0,,No
townhall-q1-2026,uma.ahmed@example.com,Finance,14/04/2026 08:30,Delivered,No,0,0,,No
townhall-q1-2026,jonas.kowalski4@example.com,Marketing,14/04/2026 08:30,Delivered,No,1,0,14/04/2026 09:39,No
townhall-q1-2026,sam.zhang@example.com,Legal,14/04/2026 08:30,Delivered,No,0,0,,No
townhall-q1-2026,chloe.dubois@example.com,Technology,14/04/2026 08:30,Delivered,No,1,0,14/04/2026 12:42,No
townhall-q1-2026,grace.ueda@example.com,Manufacturing,14/04/2026 08:30,Delivered,No,1,0,14/04/2026 10:19,No
townhall-q1-2026,quinn.jensen@example.com,Sales,14/04/2026 08:30,Delivered,No,0,0,,No
townhall-q1-2026,liam.fischer@example.com,Finance,14/04/2026 08:30,Delivered,No,1,0,15/04/2026 05:00,No
townhall-q1-2026,wei.chen3@example.com,Operations,14/04/2026 08:30,Delivered,No,0,0,,No
townhall-q1-2026,ines.fischer3@example.com,Manufacturing,14/04/2026 08:30,Delivered,No,0,0,,No
townhall-q1-2026,ines.lopez2@example.com,Sales,14/04/2026 08:30,Delivered,No,0,0,,No
townhall-q1-2026,ines.jensen@example.com,Operations,14/04/2026 08:30,Delivered,No,0,0,,No
townhall-q1-2026,kira.brown3@example.com,Operations,14/04/2026 08:30,Delivered,No,2,0,14/04/2026 09:50,No
townhall-q1-2026,yusuf.okafor2@example.com,Manufacturing,14/04/2026 08:30,Delivered,No,0,0,,No
townhall-q1-2026,ben.rossi2@example.com,Sales,14/04/2026 08:30,Delivered,No,1,0,15/04/2026 04:55,No
townhall-q1-2026,olu.ueda@example.com,Marketing,14/04/2026 08:30,Delivered,No,0,0,,No
townhall-q1-2026,elena.jensen@example.com,Operations,14/04/2026 08:30,Delivered,No,0,0,,No
townhall-q1-2026,xenia.yilmaz2@example.com,Manufacturing,14/04/2026 08:30,Delivered,No,0,0,,No
townhall-q1-2026,noah.walsh@example.com,Marketing,14/04/2026 08:30,Delivered,No,0,0,,No
townhall-q1-2026,quinn.fischer@example.com,Manufacturing,14/04/2026 08:30,Delivered,No,0,0,,No
townhall-q1-2026,tariq.dubois@example.com,Manufacturing,14/04/2026 08:30,Delivered,No,0,0,,No
townhall-q1-2026,noah.novak@example.com,Manufacturing,14/04/2026 08:30,Delivered,No,0,0,,No
townhall-q1-2026,dmitri.hansen2@example.com,Sales,14/04/2026 08:30,Delivered,No,0,0,,No
townhall-q1-2026,cara.chen@example.com,Manufacturing,14/04/2026 08:30,Delivered,No,0,0,,No
townhall-q1-2026,tariq.kowalski@example.com,Operations,14/04/2026 08:30,Delivered,No,1,2,14/04/2026 12:35,No
townhall-q1-2026,amara.hansen@example.com,Manufacturing,14/04/2026 08:30,Delivered,No,2,0,14/04/2026 09:38,No
townhall-q1-2026,wei.silva@example.com,Sales,14/04/2026 08:30,Delivered,No,5,1,14/04/2026 09:40,No
townhall-q1-2026,daniel.jensen2@example.com,Technology,14/04/2026 08:30,Delivered,No,0,0,,No
townhall-q1-2026,noah.fischer@example.com,Manufacturing,14/04/2026 08:30,Delivered,No,0,0,,No
townhall-q1-2026,grace.yilmaz3@example.com,Technology,14/04/2026 08:30,Delivered,No,0,0,,No
townhall-q1-2026,daniel.garcia@example.com,Marketing,14/04/2026 08:30,Delivered,No,0,0,,No
townhall-q1-2026,cara.garcia@example.com,Marketing,14/04/2026 08:30,Delivered,No,1,1,16/04/2026 13:11,No
townhall-q1-2026,noah.zhang2@example.com,Technology,14/04/2026 08:30,Delivered,No,1,1,14/04/2026 12:44,No
townhall-q1-2026,olu.muller2@example.com,Technology,14/04/2026 08:30,Delivered,No,0,0,,No
townhall-q1-2026,maya.yilmaz@example.com,Marketing,14/04/2026 08:30,Bounced,Yes,0,0,,No
townhall-q1-2026,elena.jensen2@example.com,Manufacturing,14/04/2026 08:30,Delivered,No,0,0,,No
townhall-q1-2026,jonas.brown@example.com,Operations,14/04/2026 08:30,Delivered,No,2,0,14/04/2026 12:52,No
townhall-q1-2026,grace.muller2@example.com,Legal,14/04/2026 08:30,Delivered,No,0,0,,No
townhall-q1-2026,amara.novak@example.com,HR,14/04/2026 08:30,Delivered,No,0,0,,No
townhall-q1-2026,farid.rossi@example.com,Manufacturing,14/04/2026 08:30,Delivered,No,0,0,,No
townhall-q1-2026,bruno.garcia2@example.com,Manufacturing,14/04/2026 08:30,Delivered,No,0,0,,No
townhall-q1-2026,wei.brown2@example.com,Manufacturing,14/04/2026 08:30,Delivered,No,0,0,,No
townhall-q1-2026,noah.iyer3@example.com,Technology,14/04/2026 08:30,Bounced,Yes,0,0,,No
townhall-q1-2026,hiro.patel3@example.com,Marketing,14/04/2026 08:30,Delivered,No,3,0,14/04/2026 12:59,No
townhall-q1-2026,olu.kowalski2@example.com,Marketing,14/04/2026 08:30,Delivered,No,0,0,,No
townhall-q1-2026,chloe.fischer@example.com,Manufacturing,14/04/2026 08:30,Delivered,No,0,0,,No
townhall-q1-2026,xenia.ahmed2@example.com,Operations,14/04/2026 08:30,Bounced,Yes,0,0,,No
townhall-q1-2026,sam.ueda@example.com,Sales,14/04/2026 08:30,Delivered,No,1,2,14/04/2026 10:13,No
townhall-q1-2026,ben.muller2@example.com,Technology,14/04/2026 08:30,Delivered,No,0,0,,No
townhall-q1-2026,yusuf.yilmaz2@example.com,Manufacturing,14/04/2026 08:30,Delivered,No,0,0,,No
townhall-q1-2026,cara.kowalski3@example.com,Technology,14/04/2026 08:30,Delivered,No,1,0,14/04/2026 12:59,No
townhall-q1-2026,viktor.lopez2@example.com,Operations,14/04/2026 08:30,Delivered,No,2,0,14/04/2026 09:59,No
townhall-q1-2026,wei.rossi2@example.com,Operations,14/04/2026 08:30,Delivered,No,1,1,15/04/2026 04:34,No
townhall-q1-2026,bruno.kowalski3@example.com,Manufacturing,14/04/2026 08:30,Delivered,No,0,0,,No
townhall-q1-2026,uma.jensen3@example.com,Marketing,14/04/2026 08:30,Delivered,No,1,1,14/04/2026 10:28,No
townhall-q1-2026,ben.iyer@example.com,Finance,14/04/2026 08:30,Delivered,No,0,0,,No
townhall-q1-2026,liam.yilmaz2@example.com,Manufacturing,14/04/2026 08:30,Delivered,No,0,0,,No
townhall-q1-2026,dmitri.garcia@example.com,Manufacturing,14/04/2026 08:30,Delivered,No,0,0,,No
townhall-q1-2026,elena.vargas2@example.com,Technology,14/04/2026 08:30,Delivered,No,1,0,15/04/2026 04:31,No
townhall-q1-2026,uma.tanaka2@example.com,Marketing,14/04/2026 08:30,Delivered,No,1,0,15/04/2026 05:29,No
townhall-q1-2026,maya.jensen@example.com,Marketing,14/04/2026 08:30,Delivered,No,2,2,14/04/2026 09:43,No
townhall-q1-2026,liam.okafor@example.com,Sales,14/04/2026 08:30,Delivered,No,0,0,,No
townhall-q1-2026,aisha.silva3@example.com,Manufacturing,14/04/2026 08:30,Delivered,No,1,0,14/04/2026 12:44,No
townhall-q1-2026,liam.jensen2@example.com,Sales,14/04/2026 08:30,Delivered,No,0,0,,No
townhall-q1-2026,viktor.yilmaz2@example.com,HR,14/04/2026 08:30,Delivered,No,0,0,,No
townhall-q1-2026,tariq.kowalski2@example.com,Technology,14/04/2026 08:30,Delivered,No,0,0,,No
townhall-q1-2026,priya.muller@example.com,Finance,14/04/2026 08:30,Delivered,No,1,0,14/04/2026 12:41,No
townhall-q1-2026,rosa.garcia@example.com,Manufacturing,14/04/2026 08:30,Delivered,No,0,0,,No
townhall-q1-2026,ben.novak@example.com,Technology,14/04/2026 08:30,Delivered,No,3,0,16/04/2026 12:57,No
townhall-q1-2026,kira.tanaka2@example.com,Operations,14/04/2026 08:30,Delivered,No,5,0,14/04/2026 09:57,No
townhall-q1-2026,kira.ahmed@example.com,Marketing,14/04/2026 08:30,Delivered,No,0,0,,No
townhall-q1-2026,xenia.chen4@example.com,Operations,14/04/2026 08:30,Delivered,No,0,0,,No
townhall-q1-2026,jonas.fischer@example.com,Operations,14/04/2026 08:30,Delivered,No,0,0,,No
townhall-q1-2026,olu.dubois@example.com,Marketing,14/04/2026 08:30,Delivered,No,2,1,14/04/2026 13:25,No
townhall-q1-2026,xenia.evans3@example.com,Operations,14/04/2026 08:30,Delivered,No,0,0,,No
townhall-q1-2026,kira.ahmed2@example.com,Operations,14/04/2026 08:30,Delivered,No,0,0,,No
townhall-q1-2026,bruno.vargas@example.com,Manufacturing,14/04/2026 08:30,Delivered,No,1,0,14/04/2026 09:37,No
townhall-q1-2026,zoe.chen@example.com,Finance,14/04/2026 08:30,Delivered,No,0,0,,No
townhall-q1-2026,daniel.brown@example.com,Legal,14/04/2026 08:30,Delivered,No,1,0,14/04/2026 13:14,No
townhall-q1-2026,quinn.ueda@example.com,Manufacturing,14/04/2026 08:30,Delivered,No,1,4,15/04/2026 04:32,No
townhall-q1-2026,jonas.iyer@example.com,Operations,14/04/2026 08:30,Delivered,No,0,0,,No
townhall-q1-2026,sam.walsh3@example.com,Technology,14/04/2026 08:30,Delivered,No,1,0,16/04/2026 12:39,No
townhall-q1-2026,grace.novak@example.com,Finance,14/04/2026 08:30,Delivered,No,0,0,,No
townhall-q1-2026,priya.ueda@example.com,Operations,14/04/2026 08:30,Delivered,No,0,0,,No
townhall-q1-2026,wei.silva2@example.com,Manufacturing,14/04/2026 08:30,Delivered,No,0,0,,No
townhall-q1-2026,quinn.brown@example.com,HR,14/04/2026 08:30,Delivered,No,5,1,14/04/2026 09:59,No
townhall-q1-2026,grace.tanaka3@example.com,Marketing,14/04/2026 08:30,Delivered,No,0,0,,No
townhall-q1-2026,sam.garcia@example.com,Marketing,14/04/2026 08:30,Delivered,No,0,0,,No
townhall-q1-2026,daniel.dubois3@example.com,Operations,14/04/2026 08:30,Delivered,No,0,0,,No
townhall-q1-2026,tariq.okafor2@example.com,Technology,14/04/2026 08:30,Delivered,No,2,0,14/04/2026 13:02,No
townhall-q1-2026,liam.muller@example.com,Manufacturing,14/04/2026 08:30,Delivered,No,0,0,,No
townhall-q1-2026,viktor.patel4@example.com,Operations,14/04/2026 08:30,Delivered,No,1,0,16/04/2026 13:02,No
townhall-q1-2026,cara.chen2@example.com,Technology,14/04/2026 08:30,Delivered,No,2,0,15/04/2026 05:22,No
townhall-q1-2026,uma.ahmed2@example.com,Manufacturing,14/04/2026 08:30,Delivered,No,0,0,,No
townhall-q1-2026,chloe.novak2@example.com,Marketing,14/04/2026 08:30,Delivered,No,0,0,,No
townhall-q1-2026,yusuf.lopez@example.com,Manufacturing,14/04/2026 08:30,Delivered,No,0,0,,No
townhall-q1-2026,wei.tanaka3@example.com,Operations,14/04/2026 08:30,Delivered,No,0,0,,No
townhall-q1-2026,farid.muller2@example.com,Manufacturing,14/04/2026 08:30,Delivered,No,0,0,,No
townhall-q1-2026,olu.zhang@example.com,Sales,14/04/2026 08:30,Delivered,No,1,0,14/04/2026 09:41,No
townhall-q1-2026,amara.walsh4@example.com,Marketing,14/04/2026 08:30,Delivered,No,0,0,,No
townhall-q1-2026,ben.muller3@example.com,Technology,14/04/2026 08:30,Delivered,No,1,0,14/04/2026 13:22,No
townhall-q1-2026,ben.rossi3@example.com,Operations,14/04/2026 08:30,Delivered,No,3,0,16/04/2026 13:06,No
townhall-q1-2026,xenia.lopez@example.com,Manufacturing,14/04/2026 08:30,Delivered,No,0,0,,No
townhall-q1-2026,amara.yilmaz@example.com,Sales,14/04/2026 08:30,Delivered,No,0,0,,No
townhall-q1-2026,maya.tanaka@example.com,Manufacturing,14/04/2026 08:30,Delivered,No,1,0,16/04/2026 12:58,No
townhall-q1-2026,priya.silva@example.com,Marketing,14/04/2026 08:30,Delivered,No,0,0,,No
townhall-q1-2026,kira.ahmed3@example.com,Sales,14/04/2026 08:30,Delivered,No,0,0,,No
townhall-q1-2026,amara.iyer@example.com,HR,14/04/2026 08:30,Delivered,No,0,0,,No
townhall-q1-2026,farid.patel@example.com,Manufacturing,14/04/2026 08:30,Delivered,No,0,0,,No
townhall-q1-2026,kira.evans@example.com,Marketing,14/04/2026 08:30,Delivered,No,0,0,,No
townhall-q1-2026,tariq.ahmed@example.com,Operations,14/04/2026 08:30,Delivered,No,0,0,,No
townhall-q1-2026,chloe.lopez2@example.com,Manufacturing,14/04/2026 08:30,Bounced,Yes,0,0,,No
townhall-q1-2026,tariq.muller2@example.com,Legal,14/04/2026 08:30,Delivered,No,0,0,,No
townhall-q1-2026,noah.iyer4@example.com,Technology,14/04/2026 08:30,Delivered,No,0,0,,No
townhall-q1-2026,noah.tanaka2@example.com,Legal,14/04/2026 08:30,Delivered,No,1,0,15/04/2026 04:54,No
townhall-q1-2026,quinn.walsh2@example.com,Manufacturing,14/04/2026 08:30,Bounced,Yes,0,0,,No
townhall-q1-2026,farid.fischer2@example.com,Manufacturing,14/04/2026 08:30,Delivered,No,1,0,14/04/2026 09:32,No
townhall-q1-2026,priya.jensen2@example.com,Operations,14/04/2026 08:30,Delivered,No,2,1,15/04/2026 04:59,No
townhall-q1-2026,jonas.rossi@example.com,Technology,14/04/2026 08:30,Delivered,No,0,0,,No
townhall-q1-2026,quinn.muller2@example.com,Technology,14/04/2026 08:30,Delivered,No,2,1,14/04/2026 09:50,No
townhall-q1-2026,chloe.silva2@example.com,Sales,14/04/2026 08:30,Delivered,No,0,0,,No
townhall-q1-2026,farid.vargas3@example.com,Sales,14/04/2026 08:30,Delivered,No,3,0,15/04/2026 04:48,No
townhall-q1-2026,liam.vargas@example.com,Manufacturing,14/04/2026 08:30,Delivered,No,0,0,,No
townhall-q1-2026,tariq.zhang2@example.com,Manufacturing,14/04/2026 08:30,Delivered,No,0,0,,No
townhall-q1-2026,uma.silva@example.com,Technology,14/04/2026 08:30,Delivered,No,0,0,,No
townhall-q1-2026,olu.ahmed@example.com,Marketing,14/04/2026 08:30,Delivered,No,1,1,14/04/2026 12:30,No
townhall-q1-2026,ines.iyer2@example.com,Sales,14/04/2026 08:30,Delivered,No,0,0,,No
townhall-q1-2026,liam.garcia2@example.com,Operations,14/04/2026 08:30,Delivered,No,1,0,14/04/2026 12:33,No
townhall-q1-2026,priya.fischer2@example.com,Technology,14/04/2026 08:30,Delivered,No,0,0,,No
townhall-q1-2026,grace.lopez2@example.com,Manufacturing,14/04/2026 08:30,Delivered,No,1,0,14/04/2026 09:45,No
townhall-q1-2026,uma.hansen@example.com,Operations,14/04/2026 08:30,Delivered,No,2,0,14/04/2026 12:56,No
townhall-q1-2026,noah.hansen2@example.com,Manufacturing,14/04/2026 08:30,Delivered,No,2,0,14/04/2026 10:21,No
townhall-q1-2026,noah.tanaka3@example.com,Manufacturing,14/04/2026 08:30,Delivered,No,0,0,,No
townhall-q1-2026,ines.chen@example.com,Operations,14/04/2026 08:30,Delivered,No,1,0,14/04/2026 12:38,No
townhall-q1-2026,wei.evans2@example.com,Manufacturing,14/04/2026 08:30,Delivered,No,0,0,,No
townhall-q1-2026,noah.evans@example.com,HR,14/04/2026 08:30,Delivered,No,1,0,14/04/2026 12:32,No
townhall-q1-2026,amara.lopez2@example.com,Technology,14/04/2026 08:30,Delivered,No,1,0,14/04/2026 13:08,No
townhall-q1-2026,kira.okafor2@example.com,Sales,14/04/2026 08:30,Delivered,No,1,0,14/04/2026 13:19,No
townhall-q1-2026,chloe.chen@example.com,Finance,14/04/2026 08:30,Delivered,No,0,0,,No
townhall-q1-2026,cara.yilmaz2@example.com,Manufacturing,14/04/2026 08:30,Bounced,Yes,0,0,,No
townhall-q1-2026,liam.okafor2@example.com,HR,14/04/2026 08:30,Delivered,No,1,0,14/04/2026 09:31,No
townhall-q1-2026,sam.ahmed@example.com,Technology,14/04/2026 08:30,Delivered,No,1,0,14/04/2026 09:44,No
townhall-q1-2026,farid.garcia@example.com,Manufacturing,14/04/2026 08:30,Delivered,No,0,0,,No
townhall-q1-2026,viktor.patel5@example.com,Technology,14/04/2026 08:30,Delivered,No,0,0,,No
townhall-q1-2026,kira.tanaka3@example.com,Sales,14/04/2026 08:30,Delivered,No,1,1,16/04/2026 13:13,No
townhall-q1-2026,chloe.hansen@example.com,Technology,14/04/2026 08:30,Delivered,No,2,0,14/04/2026 13:15,No
townhall-q1-2026,kira.yilmaz2@example.com,Marketing,14/04/2026 08:30,Delivered,No,1,1,14/04/2026 12:54,No
townhall-q1-2026,xenia.garcia3@example.com,Manufacturing,14/04/2026 08:30,Delivered,No,1,0,16/04/2026 12:45,No
townhall-q1-2026,viktor.yilmaz3@example.com,Manufacturing,14/04/2026 08:30,Delivered,No,1,0,14/04/2026 09:50,No
townhall-q1-2026,cara.ahmed3@example.com,Marketing,14/04/2026 08:30,Delivered,No,1,0,14/04/2026 10:04,No
townhall-q1-2026,yusuf.lopez2@example.com,Sales,14/04/2026 08:30,Delivered,No,0,0,,No
townhall-q1-2026,cara.kowalski4@example.com,Manufacturing,14/04/2026 08:30,Delivered,No,0,0,,No
townhall-q1-2026,xenia.okafor@example.com,Operations,14/04/2026 08:30,Delivered,No,0,0,,No
townhall-q1-2026,wei.kowalski@example.com,Sales,14/04/2026 08:30,Delivered,No,0,0,,No
townhall-q1-2026,ben.evans4@example.com,Finance,14/04/2026 08:30,Delivered,No,0,0,,No
townhall-q1-2026,liam.ueda2@example.com,Operations,14/04/2026 08:30,Delivered,No,0,0,,No
townhall-q1-2026,tariq.kowalski3@example.com,Legal,14/04/2026 08:30,Delivered,No,1,0,16/04/2026 12:41,No
townhall-q1-2026,farid.hansen3@example.com,Manufacturing,14/04/2026 08:30,Delivered,No,0,0,,No
townhall-q1-2026,amara.novak2@example.com,Operations,14/04/2026 08:30,Delivered,No,0,0,,No
townhall-q1-2026,wei.muller@example.com,Sales,14/04/2026 08:30,Delivered,No,2,0,14/04/2026 09:50,No
townhall-q1-2026,uma.novak2@example.com,Marketing,14/04/2026 08:30,Delivered,No,3,0,14/04/2026 09:59,No
townhall-q1-2026,rosa.ueda2@example.com,Technology,14/04/2026 08:30,Delivered,No,0,0,,No
townhall-q1-2026,maya.garcia2@example.com,Operations,14/04/2026 08:30,Delivered,No,0,0,,No
townhall-q1-2026,elena.yilmaz@example.com,Manufacturing,14/04/2026 08:30,Delivered,No,0,0,,No
townhall-q1-2026,daniel.chen3@example.com,Manufacturing,14/04/2026 08:30,Delivered,No,0,0,,No
townhall-q1-2026,jonas.chen2@example.com,Manufacturing,14/04/2026 08:30,Delivered,No,0,0,,No
townhall-q1-2026,yusuf.dubois2@example.com,Finance,14/04/2026 08:30,Delivered,No,0,0,,No
townhall-q1-2026,kira.zhang@example.com,HR,14/04/2026 08:30,Delivered,No,0,0,,No
townhall-q1-2026,ines.lopez3@example.com,Manufacturing,14/04/2026 08:30,Delivered,No,0,0,,No
townhall-q1-2026,elena.okafor@example.com,Manufacturing,14/04/2026 08:30,Delivered,No,0,0,,No
townhall-q1-2026,uma.silva2@example.com,Technology,14/04/2026 08:30,Delivered,No,0,0,,No
townhall-q1-2026,priya.tanaka3@example.com,Operations,14/04/2026 08:30,Delivered,No,0,0,,No
townhall-q1-2026,bruno.okafor@example.com,Technology,14/04/2026 08:30,Delivered,No,3,1,14/04/2026 09:39,No
townhall-q1-2026,dmitri.kowalski@example.com,Manufacturing,14/04/2026 08:30,Delivered,No,2,0,14/04/2026 10:22,No
townhall-q1-2026,xenia.vargas5@example.com,Marketing,14/04/2026 08:30,Delivered,No,2,1,14/04/2026 12:37,No
townhall-q1-2026,quinn.fischer2@example.com,Manufacturing,14/04/2026 08:30,Delivered,No,0,0,,No
townhall-q1-2026,grace.okafor@example.com,Manufacturing,14/04/2026 08:30,Delivered,No,0,0,,No
townhall-q1-2026,quinn.okafor2@example.com,Manufacturing,14/04/2026 08:30,Delivered,No,0,0,,No
townhall-q1-2026,ines.tanaka2@example.com,Legal,14/04/2026 08:30,Delivered,No,2,0,14/04/2026 09:43,No
townhall-q1-2026,hiro.zhang3@example.com,HR,14/04/2026 08:30,Delivered,No,1,1,14/04/2026 13:19,No
townhall-q1-2026,cara.walsh@example.com,Technology,14/04/2026 08:30,Delivered,No,0,0,,No
townhall-q1-2026,grace.muller3@example.com,Marketing,14/04/2026 08:30,Delivered,No,1,0,14/04/2026 09:44,No
townhall-q1-2026,maya.walsh@example.com,Operations,14/04/2026 08:30,Delivered,No,0,0,,No
townhall-q1-2026,kira.zhang2@example.com,Manufacturing,14/04/2026 08:30,Delivered,No,1,0,14/04/2026 09:40,No
townhall-q1-2026,ines.kowalski@example.com,Manufacturing,14/04/2026 08:30,Delivered,No,0,0,,No
townhall-q1-2026,viktor.fischer@example.com,Sales,14/04/2026 08:30,Delivered,No,0,0,,No
townhall-q1-2026,amara.jensen@example.com,Technology,14/04/2026 08:30,Delivered,No,2,1,14/04/2026 12:47,No
townhall-q1-2026,aisha.brown2@example.com,Technology,14/04/2026 08:30,Delivered,No,1,1,14/04/2026 13:05,No
townhall-q1-2026,hiro.zhang4@example.com,Manufacturing,14/04/2026 08:30,Delivered,No,0,0,,No
townhall-q1-2026,kira.ahmed4@example.com,Manufacturing,14/04/2026 08:30,Delivered,No,1,0,14/04/2026 09:32,No
townhall-q1-2026,amara.lopez3@example.com,Technology,14/04/2026 08:30,Delivered,No,1,0,14/04/2026 10:21,No
townhall-q1-2026,olu.iyer@example.com,Technology,14/04/2026 08:30,Delivered,No,5,0,14/04/2026 12:57,No
townhall-q1-2026,chloe.walsh2@example.com,HR,14/04/2026 08:30,Delivered,No,0,0,,No
townhall-q1-2026,zoe.walsh2@example.com,Operations,14/04/2026 08:30,Delivered,No,0,0,,No
townhall-q1-2026,farid.brown@example.com,Marketing,14/04/2026 08:30,Delivered,No,1,0,14/04/2026 10:15,No
townhall-q1-2026,daniel.chen4@example.com,Marketing,14/04/2026 08:30,Delivered,No,0,0,,No
townhall-q1-2026,noah.dubois2@example.com,Operations,14/04/2026 08:30,Delivered,No,1,2,15/04/2026 05:27,No
townhall-q1-2026,elena.lopez2@example.com,Manufacturing,14/04/2026 08:30,Delivered,No,0,0,,No
townhall-q1-2026,yusuf.hansen2@example.com,Operations,14/04/2026 08:30,Delivered,No,0,0,,Yes
townhall-q1-2026,wei.rossi3@example.com,Sales,14/04/2026 08:30,Delivered,No,1,0,14/04/2026 09:36,No
townhall-q1-2026,viktor.brown4@example.com,Technology,14/04/2026 08:30,Delivered,No,5,0,14/04/2026 10:26,No
townhall-q1-2026,hiro.dubois2@example.com,Manufacturing,14/04/2026 08:30,Delivered,No,0,0,,No
townhall-q1-2026,elena.rossi2@example.com,Technology,14/04/2026 08:30,Delivered,No,3,0,14/04/2026 12:42,No
townhall-q1-2026,xenia.yilmaz3@example.com,Finance,14/04/2026 08:30,Delivered,No,0,0,,No
townhall-q1-2026,hiro.zhang5@example.com,Marketing,14/04/2026 08:30,Delivered,No,0,0,,No
townhall-q1-2026,hiro.silva@example.com,Manufacturing,14/04/2026 08:30,Delivered,No,1,0,14/04/2026 09:54,No
townhall-q1-2026,daniel.brown2@example.com,Finance,14/04/2026 08:30,Delivered,No,0,0,,No
townhall-q1-2026,grace.hansen2@example.com,Operations,14/04/2026 08:30,Delivered,No,0,0,,No
townhall-q1-2026,dmitri.zhang2@example.com,Manufacturing,14/04/2026 08:30,Delivered,No,0,0,,No
townhall-q1-2026,maya.evans2@example.com,Operations,14/04/2026 08:30,Delivered,No,0,0,,No
townhall-q1-2026,liam.ueda3@example.com,Manufacturing,14/04/2026 08:30,Delivered,No,0,0,,No
townhall-q1-2026,jonas.walsh4@example.com,Sales,14/04/2026 08:30,Delivered,No,0,0,,No
townhall-q1-2026,amara.fischer2@example.com,HR,14/04/2026 08:30,Delivered,No,0,0,,No
townhall-q1-2026,tariq.muller3@example.com,Operations,14/04/2026 08:30,Delivered,No,1,0,16/04/2026 12:54,No
townhall-q1-2026,viktor.garcia@example.com,HR,14/04/2026 08:30,Bounced,Yes,0,0,,No
townhall-q1-2026,noah.rossi2@example.com,Operations,14/04/2026 08:30,Bounced,Yes,0,0,,No
townhall-q1-2026,yusuf.brown2@example.com,Sales,14/04/2026 08:30,Delivered,No,0,0,,No
townhall-q1-2026,elena.evans@example.com,Manufacturing,14/04/2026 08:30,Delivered,No,0,0,,No
townhall-q1-2026,hiro.lopez3@example.com,Marketing,14/04/2026 08:30,Delivered,No,1,0,15/04/2026 04:31,No
townhall-q1-2026,chloe.ueda2@example.com,Operations,14/04/2026 08:30,Delivered,No,0,0,,No
townhall-q1-2026,hiro.lopez4@example.com,Manufacturing,14/04/2026 08:30,Delivered,No,0,0,,No
townhall-q1-2026,cara.chen3@example.com,Finance,14/04/2026 08:30,Delivered,No,1,0,14/04/2026 12:44,No
townhall-q1-2026,viktor.patel6@example.com,Manufacturing,14/04/2026 08:30,Delivered,No,1,2,14/04/2026 10:05,No
townhall-q1-2026,priya.garcia@example.com,Operations,14/04/2026 08:30,Delivered,No,0,0,,No
townhall-q1-2026,olu.fischer2@example.com,Sales,14/04/2026 08:30,Delivered,No,1,0,15/04/2026 04:33,No
townhall-q1-2026,maya.kowalski@example.com,Manufacturing,14/04/2026 08:30,Delivered,No,0,0,,No
townhall-q1-2026,uma.kowalski@example.com,Legal,14/04/2026 08:30,Delivered,No,0,0,,No
townhall-q1-2026,hiro.brown2@example.com,Operations,14/04/2026 08:30,Delivered,No,0,0,,No
townhall-q1-2026,grace.novak2@example.com,Operations,14/04/2026 08:30,Delivered,No,0,0,,No
townhall-q1-2026,elena.jensen3@example.com,Marketing,14/04/2026 08:30,Delivered,No,1,0,14/04/2026 13:01,No
townhall-q1-2026,aisha.rossi3@example.com,Finance,14/04/2026 08:30,Delivered,No,0,0,,Yes
townhall-q1-2026,yusuf.iyer2@example.com,Operations,14/04/2026 08:30,Delivered,No,0,0,,No
townhall-q1-2026,ines.muller@example.com,Sales,14/04/2026 08:30,Delivered,No,0,0,,No
townhall-q1-2026,maya.hansen3@example.com,Marketing,14/04/2026 08:30,Delivered,No,1,1,14/04/2026 09:54,No
townhall-q1-2026,bruno.okafor2@example.com,HR,14/04/2026 08:30,Delivered,No,3,2,14/04/2026 12:49,No
townhall-q1-2026,jonas.chen3@example.com,Technology,14/04/2026 08:30,Delivered,No,1,1,14/04/2026 10:23,No
townhall-q1-2026,kira.brown4@example.com,Manufacturing,14/04/2026 08:30,Delivered,No,1,0,15/04/2026 04:39,No
townhall-q1-2026,jonas.dubois2@example.com,Manufacturing,14/04/2026 08:30,Delivered,No,0,0,,No
townhall-q1-2026,sam.hansen@example.com,Sales,14/04/2026 08:30,Delivered,No,0,0,,No
townhall-q1-2026,wei.hansen3@example.com,Sales,14/04/2026 08:30,Delivered,No,0,0,,No
townhall-q1-2026,bruno.silva2@example.com,Operations,14/04/2026 08:30,Delivered,No,0,0,,No
townhall-q1-2026,maya.tanaka2@example.com,Manufacturing,14/04/2026 08:30,Delivered,No,0,0,,No
townhall-q1-2026,ben.ueda2@example.com,Manufacturing,14/04/2026 08:30,Delivered,No,0,0,,No
townhall-q1-2026,liam.novak2@example.com,Technology,14/04/2026 08:30,Delivered,No,0,0,,No
townhall-q1-2026,elena.dubois@example.com,Manufacturing,14/04/2026 08:30,Delivered,No,0,0,,No
townhall-q1-2026,daniel.garcia2@example.com,Marketing,14/04/2026 08:30,Delivered,No,0,0,,No
townhall-q1-2026,sam.chen2@example.com,Manufacturing,14/04/2026 08:30,Bounced,Yes,0,0,,No
townhall-q1-2026,bruno.garcia3@example.com,Manufacturing,14/04/2026 08:30,Delivered,No,0,0,,No
townhall-q1-2026,daniel.okafor@example.com,Legal,14/04/2026 08:30,Delivered,No,1,1,16/04/2026 12:36,No
townhall-q1-2026,hiro.lopez5@example.com,Finance,14/04/2026 08:30,Delivered,No,1,0,14/04/2026 12:52,No
townhall-q1-2026,hiro.brown3@example.com,Marketing,14/04/2026 08:30,Delivered,No,2,0,16/04/2026 12:51,No
townhall-q1-2026,amara.iyer2@example.com,HR,14/04/2026 08:30,Delivered,No,0,0,,No
townhall-q1-2026,noah.iyer5@example.com,Sales,14/04/2026 08:30,Delivered,No,0,0,,No
townhall-q1-2026,kira.evans2@example.com,Operations,14/04/2026 08:30,Delivered,No,5,0,14/04/2026 13:20,No
townhall-q1-2026,farid.lopez@example.com,Finance,14/04/2026 08:30,Delivered,No,1,4,16/04/2026 13:26,No
townhall-q1-2026,chloe.ahmed@example.com,Technology,14/04/2026 08:30,Delivered,No,0,0,,No
townhall-q1-2026,bruno.patel@example.com,Sales,14/04/2026 08:30,Delivered,No,1,4,14/04/2026 09:31,No
townhall-q1-2026,farid.hansen4@example.com,Technology,14/04/2026 08:30,Delivered,No,1,0,14/04/2026 10:10,No
townhall-q1-2026,tariq.yilmaz2@example.com,Manufacturing,14/04/2026 08:30,Delivered,No,1,0,14/04/2026 10:11,No
townhall-q1-2026,noah.hansen3@example.com,Technology,14/04/2026 08:30,Delivered,No,1,0,15/04/2026 05:23,No
townhall-q1-2026,bruno.novak2@example.com,Manufacturing,14/04/2026 08:30,Delivered,No,0,0,,No
townhall-q1-2026,yusuf.evans@example.com,Manufacturing,14/04/2026 08:30,Delivered,No,0,0,,No
townhall-q1-2026,elena.muller3@example.com,Marketing,14/04/2026 08:30,Delivered,No,0,0,,No
townhall-q1-2026,xenia.walsh2@example.com,Manufacturing,14/04/2026 08:30,Delivered,No,0,0,,No
townhall-q1-2026,kira.ueda4@example.com,Technology,14/04/2026 08:30,Delivered,No,0,0,,No
townhall-q1-2026,chloe.hansen2@example.com,Operations,14/04/2026 08:30,Delivered,No,0,0,,No
townhall-q1-2026,noah.evans2@example.com,Technology,14/04/2026 08:30,Delivered,No,0,0,,No
townhall-q1-2026,olu.evans@example.com,Technology,14/04/2026 08:30,Delivered,No,1,0,14/04/2026 09:38,No
townhall-q1-2026,sam.walsh4@example.com,HR,14/04/2026 08:30,Delivered,No,0,0,,No
townhall-q1-2026,chloe.silva3@example.com,Sales,14/04/2026 08:30,Delivered,No,0,0,,No
townhall-q1-2026,yusuf.patel@example.com,Manufacturing,14/04/2026 08:30,Delivered,No,0,0,,No
townhall-q1-2026,ben.muller4@example.com,Manufacturing,14/04/2026 08:30,Delivered,No,0,0,,No
townhall-q1-2026,grace.walsh2@example.com,Sales,14/04/2026 08:30,Delivered,No,1,0,14/04/2026 10:19,No
townhall-q1-2026,viktor.hansen3@example.com,Manufacturing,14/04/2026 08:30,Delivered,No,0,0,,No
townhall-q1-2026,dmitri.lopez2@example.com,Manufacturing,14/04/2026 08:30,Delivered,No,2,1,14/04/2026 10:04,No
townhall-q1-2026,farid.muller3@example.com,Marketing,14/04/2026 08:30,Delivered,No,0,0,,No
townhall-q1-2026,hiro.kowalski2@example.com,Technology,14/04/2026 08:30,Delivered,No,3,0,14/04/2026 12:44,No
townhall-q1-2026,dmitri.iyer@example.com,Operations,14/04/2026 08:30,Delivered,No,0,0,,No
townhall-q1-2026,cara.silva@example.com,Technology,14/04/2026 08:30,Delivered,No,0,0,,No
townhall-q1-2026,ines.silva@example.com,HR,14/04/2026 08:30,Delivered,No,2,0,15/04/2026 05:00,No
townhall-q1-2026,zoe.zhang@example.com,Technology,14/04/2026 08:30,Delivered,No,0,0,,No
townhall-q1-2026,rosa.brown@example.com,HR,14/04/2026 08:30,Delivered,No,1,0,14/04/2026 12:42,No
townhall-q1-2026,hiro.okafor2@example.com,HR,14/04/2026 08:30,Delivered,No,0,0,,No
townhall-q1-2026,viktor.evans2@example.com,Marketing,14/04/2026 08:30,Delivered,No,0,0,,No
townhall-q1-2026,uma.ueda3@example.com,Marketing,14/04/2026 08:30,Bounced,Yes,0,0,,No
townhall-q1-2026,rosa.yilmaz2@example.com,Finance,14/04/2026 08:30,Delivered,No,1,0,14/04/2026 09:36,No
townhall-q1-2026,xenia.ueda@example.com,Legal,14/04/2026 08:30,Delivered,No,0,0,,No
townhall-q1-2026,aisha.zhang@example.com,HR,14/04/2026 08:30,Delivered,No,0,0,,No
townhall-q1-2026,jonas.lopez2@example.com,Operations,14/04/2026 08:30,Delivered,No,0,0,,No
townhall-q1-2026,rosa.okafor4@example.com,Marketing,14/04/2026 08:30,Delivered,No,1,2,14/04/2026 10:23,No
townhall-q1-2026,daniel.novak2@example.com,Manufacturing,14/04/2026 08:30,Delivered,No,0,0,,No
townhall-q1-2026,zoe.jensen@example.com,Legal,14/04/2026 08:30,Delivered,No,0,0,,No
townhall-q1-2026,tariq.fischer2@example.com,Manufacturing,14/04/2026 08:30,Delivered,No,0,0,,No
townhall-q1-2026,amara.okafor@example.com,Technology,14/04/2026 08:30,Delivered,No,0,0,,No
townhall-q1-2026,sam.ahmed2@example.com,Sales,14/04/2026 08:30,Delivered,No,3,0,14/04/2026 12:53,No
townhall-q1-2026,quinn.yilmaz3@example.com,Sales,14/04/2026 08:30,Delivered,No,0,0,,No
townhall-q1-2026,cara.walsh2@example.com,Technology,14/04/2026 08:30,Delivered,No,0,0,,No
townhall-q1-2026,amara.silva3@example.com,Sales,14/04/2026 08:30,Delivered,No,0,0,,No
townhall-q1-2026,chloe.okafor3@example.com,Sales,14/04/2026 08:30,Delivered,No,1,0,14/04/2026 10:11,No
townhall-q1-2026,quinn.jensen2@example.com,Manufacturing,14/04/2026 08:30,Delivered,No,0,0,,No
townhall-q1-2026,xenia.hansen2@example.com,Sales,14/04/2026 08:30,Delivered,No,2,0,14/04/2026 13:01,No
townhall-q1-2026,daniel.dubois4@example.com,Operations,14/04/2026 08:30,Delivered,No,1,1,16/04/2026 12:57,No
townhall-q1-2026,sam.novak@example.com,Manufacturing,14/04/2026 08:30,Delivered,No,0,0,,No
townhall-q1-2026,kira.rossi2@example.com,Operations,14/04/2026 08:30,Delivered,No,1,0,16/04/2026 12:47,No
townhall-q1-2026,xenia.kowalski2@example.com,Manufacturing,14/04/2026 08:30,Delivered,No,1,1,14/04/2026 09:45,No
townhall-q1-2026,quinn.iyer2@example.com,Technology,14/04/2026 08:30,Delivered,No,2,0,15/04/2026 04:57,No
townhall-q1-2026,ben.iyer2@example.com,Manufacturing,14/04/2026 08:30,Delivered,No,0,0,,No
townhall-q1-2026,viktor.ueda2@example.com,Manufacturing,14/04/2026 08:30,Delivered,No,0,0,,No
townhall-q1-2026,bruno.okafor3@example.com,Manufacturing,14/04/2026 08:30,Delivered,No,0,0,,No
townhall-q1-2026,elena.kowalski2@example.com,Manufacturing,14/04/2026 08:30,Delivered,No,0,0,,No
townhall-q1-2026,tariq.yilmaz3@example.com,Manufacturing,14/04/2026 08:30,Delivered,No,3,0,14/04/2026 10:10,No
townhall-q1-2026,zoe.garcia@example.com,Manufacturing,14/04/2026 08:30,Delivered,No,0,0,,No
townhall-q1-2026,ines.muller2@example.com,Sales,14/04/2026 08:30,Delivered,No,2,1,14/04/2026 10:23,No
townhall-q1-2026,dmitri.evans2@example.com,Marketing,14/04/2026 08:30,Delivered,No,2,0,14/04/2026 10:04,No
townhall-q1-2026,zoe.lopez@example.com,Operations,14/04/2026 08:30,Delivered,No,2,1,14/04/2026 09:56,No
townhall-q1-2026,dmitri.patel@example.com,Sales,14/04/2026 08:30,Delivered,No,2,0,14/04/2026 10:05,No
townhall-q1-2026,wei.dubois@example.com,Manufacturing,14/04/2026 08:30,Delivered,No,0,0,,No
townhall-q1-2026,tariq.brown@example.com,Manufacturing,14/04/2026 08:30,Delivered,No,0,0,,No
townhall-q1-2026,farid.patel2@example.com,Manufacturing,14/04/2026 08:30,Delivered,No,1,0,15/04/2026 04:36,No
townhall-q1-2026,rosa.hansen@example.com,Marketing,14/04/2026 08:30,Delivered,No,1,1,14/04/2026 12:56,No
townhall-q1-2026,viktor.novak@example.com,HR,14/04/2026 08:30,Delivered,No,0,0,,No
townhall-q1-2026,tariq.fischer3@example.com,Marketing,14/04/2026 08:30,Delivered,No,1,1,14/04/2026 09:42,No
townhall-q1-2026,wei.vargas@example.com,Operations,14/04/2026 08:30,Delivered,No,1,0,14/04/2026 09:37,No
townhall-q1-2026,ben.iyer3@example.com,Manufacturing,14/04/2026 08:30,Delivered,No,0,0,,No
townhall-q1-2026,quinn.ahmed2@example.com,Manufacturing,14/04/2026 08:30,Delivered,No,0,0,,No
townhall-q1-2026,amara.jensen2@example.com,Marketing,14/04/2026 08:30,Delivered,No,1,0,14/04/2026 12:48,No
townhall-q1-2026,yusuf.jensen@example.com,Finance,14/04/2026 08:30,Delivered,No,0,0,,No
townhall-q1-2026,grace.dubois@example.com,Operations,14/04/2026 08:30,Delivered,No,1,0,14/04/2026 13:09,No
townhall-q1-2026,grace.muller4@example.com,Manufacturing,14/04/2026 08:30,Delivered,No,0,0,,No
townhall-q1-2026,farid.novak@example.com,Manufacturing,14/04/2026 08:30,Delivered,No,0,0,,No
townhall-q1-2026,zoe.iyer@example.com,Sales,14/04/2026 08:30,Delivered,No,0,0,,No
townhall-q1-2026,tariq.brown2@example.com,Marketing,14/04/2026 08:30,Delivered,No,0,0,,No
townhall-q1-2026,amara.novak3@example.com,Manufacturing,14/04/2026 08:30,Delivered,No,0,0,,No
townhall-q1-2026,cara.silva2@example.com,Manufacturing,14/04/2026 08:30,Delivered,No,0,0,,No
townhall-q1-2026,noah.yilmaz@example.com,HR,14/04/2026 08:30,Delivered,No,5,0,14/04/2026 13:27,No
townhall-q1-2026,bruno.dubois2@example.com,Operations,14/04/2026 08:30,Delivered,No,0,0,,No
townhall-q1-2026,ben.brown3@example.com,Sales,14/04/2026 08:30,Delivered,No,0,0,,No
townhall-q1-2026,liam.jensen3@example.com,Sales,14/04/2026 08:30,Delivered,No,0,0,,No
townhall-q1-2026,maya.hansen4@example.com,Marketing,14/04/2026 08:30,Delivered,No,0,0,,No
townhall-q1-2026,viktor.dubois@example.com,Manufacturing,14/04/2026 08:30,Delivered,No,0,0,,No
townhall-q1-2026,hiro.patel4@example.com,Finance,14/04/2026 08:30,Delivered,No,0,0,,No
townhall-q1-2026,ben.silva4@example.com,Technology,14/04/2026 08:30,Delivered,No,0,0,,No
townhall-q1-2026,xenia.lopez2@example.com,Operations,14/04/2026 08:30,Delivered,No,0,0,,No
townhall-q1-2026,noah.iyer6@example.com,Manufacturing,14/04/2026 08:30,Delivered,No,0,0,,No
townhall-q1-2026,viktor.vargas2@example.com,Manufacturing,14/04/2026 08:30,Delivered,No,1,0,15/04/2026 04:49,No
townhall-q1-2026,grace.iyer@example.com,Legal,14/04/2026 08:30,Delivered,No,2,0,14/04/2026 09:45,No
townhall-q1-2026,viktor.iyer@example.com,Finance,14/04/2026 08:30,Delivered,No,2,0,14/04/2026 10:07,No
townhall-q1-2026,viktor.patel7@example.com,Manufacturing,14/04/2026 08:30,Delivered,No,1,0,14/04/2026 13:04,No
townhall-q1-2026,bruno.fischer2@example.com,Manufacturing,14/04/2026 08:30,Delivered,No,1,0,14/04/2026 10:10,No
townhall-q1-2026,dmitri.okafor@example.com,Manufacturing,14/04/2026 08:30,Delivered,No,2,0,14/04/2026 13:16,No
townhall-q1-2026,zoe.evans2@example.com,Manufacturing,14/04/2026 08:30,Delivered,No,0,0,,No
townhall-q1-2026,sam.walsh5@example.com,Marketing,14/04/2026 08:30,Delivered,No,1,0,15/04/2026 04:44,No
townhall-q1-2026,olu.fischer3@example.com,Marketing,14/04/2026 08:30,Delivered,No,3,0,14/04/2026 10:08,No
townhall-q1-2026,elena.hansen@example.com,Legal,14/04/2026 08:30,Delivered,No,1,0,14/04/2026 09:43,No
townhall-q1-2026,kira.silva@example.com,Finance,14/04/2026 08:30,Delivered,No,2,0,14/04/2026 13:24,No
townhall-q1-2026,elena.novak2@example.com,Sales,14/04/2026 08:30,Delivered,No,5,0,14/04/2026 12:43,No
townhall-q1-2026,yusuf.muller2@example.com,HR,14/04/2026 08:30,Delivered,No,0,0,,No
townhall-q1-2026,jonas.dubois3@example.com,Legal,14/04/2026 08:30,Delivered,No,0,0,,No
townhall-q1-2026,cara.rossi2@example.com,Sales,14/04/2026 08:30,Delivered,No,0,0,,No
townhall-q1-2026,bruno.chen@example.com,Manufacturing,14/04/2026 08:30,Delivered,No,0,0,,No
townhall-q1-2026,jonas.iyer2@example.com,Marketing,14/04/2026 08:30,Delivered,No,0,0,,No
townhall-q1-2026,cara.okafor2@example.com,Finance,14/04/2026 08:30,Delivered,No,2,0,16/04/2026 13:28,No
townhall-q1-2026,sam.patel@example.com,Operations,14/04/2026 08:30,Delivered,No,0,0,,No
townhall-q1-2026,viktor.patel8@example.com,Finance,14/04/2026 08:30,Delivered,No,0,0,,No
townhall-q1-2026,elena.novak3@example.com,Operations,14/04/2026 08:30,Delivered,No,3,0,15/04/2026 05:21,No
townhall-q1-2026,maya.brown2@example.com,Sales,14/04/2026 08:30,Delivered,No,0,0,,No
townhall-q1-2026,rosa.okafor5@example.com,Finance,14/04/2026 08:30,Delivered,No,0,0,,No
townhall-q1-2026,cara.zhang@example.com,Operations,14/04/2026 08:30,Delivered,No,1,0,14/04/2026 09:44,No
townhall-q1-2026,viktor.walsh2@example.com,Operations,14/04/2026 08:30,Delivered,No,0,0,,No
townhall-q1-2026,aisha.lopez@example.com,HR,14/04/2026 08:30,Delivered,No,1,0,16/04/2026 13:13,No
townhall-q1-2026,jonas.walsh5@example.com,Technology,14/04/2026 08:30,Delivered,No,0,0,,No
townhall-q1-2026,ines.zhang@example.com,Marketing,14/04/2026 08:30,Delivered,No,2,0,14/04/2026 13:17,No
townhall-q1-2026,dmitri.rossi2@example.com,Manufacturing,14/04/2026 08:30,Delivered,No,0,0,,No
townhall-q1-2026,quinn.dubois2@example.com,Manufacturing,14/04/2026 08:30,Delivered,No,1,0,14/04/2026 09:51,No
townhall-q1-2026,cara.zhang2@example.com,Manufacturing,14/04/2026 08:30,Delivered,No,0,0,,No
townhall-q1-2026,daniel.garcia3@example.com,Manufacturing,14/04/2026 08:30,Delivered,No,1,0,15/04/2026 04:37,No
townhall-q1-2026,uma.silva3@example.com,Operations,14/04/2026 08:30,Delivered,No,2,1,14/04/2026 12:32,No
townhall-q1-2026,daniel.hansen@example.com,Manufacturing,14/04/2026 08:30,Delivered,No,0,0,,No
townhall-q1-2026,ben.vargas@example.com,Legal,14/04/2026 08:30,Delivered,No,0,0,,No
townhall-q1-2026,liam.hansen@example.com,Technology,14/04/2026 08:30,Delivered,No,1,1,14/04/2026 13:04,No
townhall-q1-2026,kira.kowalski@example.com,Marketing,14/04/2026 08:30,Delivered,No,1,0,14/04/2026 10:00,No
townhall-q1-2026,zoe.silva@example.com,Manufacturing,14/04/2026 08:30,Delivered,No,0,0,,No
townhall-q1-2026,grace.silva@example.com,Marketing,14/04/2026 08:30,Delivered,No,0,0,,No
townhall-q1-2026,daniel.tanaka@example.com,Technology,14/04/2026 08:30,Delivered,No,0,0,,No
townhall-q1-2026,daniel.zhang3@example.com,Technology,14/04/2026 08:30,Delivered,No,0,0,,No
townhall-q1-2026,liam.garcia3@example.com,Operations,14/04/2026 08:30,Delivered,No,0,0,,No
townhall-q1-2026,maya.ahmed@example.com,Marketing,14/04/2026 08:30,Delivered,No,0,0,,No
townhall-q1-2026,maya.lopez@example.com,Operations,14/04/2026 08:30,Delivered,No,0,0,,No
townhall-q1-2026,ines.tanaka3@example.com,Operations,14/04/2026 08:30,Delivered,No,5,0,14/04/2026 13:26,No
townhall-q1-2026,bruno.evans@example.com,Sales,14/04/2026 08:30,Bounced,Yes,0,0,,No
townhall-q1-2026,rosa.lopez@example.com,Sales,14/04/2026 08:30,Delivered,No,0,0,,No
townhall-q1-2026,rosa.walsh2@example.com,Technology,14/04/2026 08:30,Delivered,No,0,0,,No
townhall-q1-2026,cara.fischer2@example.com,Finance,14/04/2026 08:30,Delivered,No,3,4,15/04/2026 05:18,No
townhall-q1-2026,tariq.jensen@example.com,HR,14/04/2026 08:30,Delivered,No,0,0,,No
townhall-q1-2026,aisha.rossi4@example.com,Operations,14/04/2026 08:30,Delivered,No,0,0,,No
townhall-q1-2026,elena.walsh@example.com,Manufacturing,14/04/2026 08:30,Delivered,No,0,0,,No
townhall-q1-2026,liam.zhang@example.com,Operations,14/04/2026 08:30,Delivered,No,0,0,,No
townhall-q1-2026,priya.yilmaz@example.com,Finance,14/04/2026 08:30,Delivered,No,0,0,,No
townhall-q1-2026,yusuf.walsh2@example.com,Finance,14/04/2026 08:30,Delivered,No,0,0,,No
townhall-q1-2026,xenia.fischer@example.com,Manufacturing,14/04/2026 08:30,Delivered,No,0,0,,No
townhall-q1-2026,kira.tanaka4@example.com,Operations,14/04/2026 08:30,Delivered,No,0,0,,No
townhall-q1-2026,ben.chen@example.com,HR,14/04/2026 08:30,Delivered,No,0,0,,No
townhall-q1-2026,daniel.patel@example.com,HR,14/04/2026 08:30,Delivered,No,1,0,14/04/2026 10:21,No
townhall-q1-2026,elena.ueda2@example.com,Sales,14/04/2026 08:30,Delivered,No,1,0,14/04/2026 09:59,No
townhall-q1-2026,dmitri.ahmed2@example.com,Operations,14/04/2026 08:30,Delivered,No,0,0,,No
townhall-q1-2026,ben.fischer@example.com,Operations,14/04/2026 08:30,Delivered,No,0,0,,No
townhall-q1-2026,amara.brown2@example.com,Manufacturing,14/04/2026 08:30,Delivered,No,1,0,14/04/2026 09:43,No
townhall-q1-2026,sam.rossi2@example.com,Technology,14/04/2026 08:30,Delivered,No,5,1,14/04/2026 09:31,No
townhall-q1-2026,rosa.hansen2@example.com,Marketing,14/04/2026 08:30,Delivered,No,0,0,,No
townhall-q1-2026,zoe.okafor@example.com,Technology,14/04/2026 08:30,Delivered,No,1,0,14/04/2026 10:14,No
townhall-q1-2026,farid.ueda@example.com,Technology,14/04/2026 08:30,Delivered,No,1,0,14/04/2026 10:02,No
townhall-q1-2026,viktor.garcia2@example.com,Technology,14/04/2026 08:30,Delivered,No,5,0,14/04/2026 10:27,No
townhall-q1-2026,jonas.ueda@example.com,Operations,14/04/2026 08:30,Delivered,No,0,0,,No
townhall-q1-2026,chloe.brown2@example.com,Marketing,14/04/2026 08:30,Delivered,No,1,0,15/04/2026 05:02,No
townhall-q1-2026,wei.rossi4@example.com,Technology,14/04/2026 08:30,Delivered,No,1,0,14/04/2026 10:03,No
townhall-q1-2026,rosa.muller2@example.com,Sales,14/04/2026 08:30,Delivered,No,0,0,,No
townhall-q1-2026,ben.novak2@example.com,Manufacturing,14/04/2026 08:30,Delivered,No,2,0,14/04/2026 13:16,No
townhall-q1-2026,grace.silva2@example.com,Operations,14/04/2026 08:30,Delivered,No,0,0,,No
townhall-q1-2026,kira.muller@example.com,Manufacturing,14/04/2026 08:30,Delivered,No,0,0,,No
townhall-q1-2026,grace.lopez3@example.com,Finance,14/04/2026 08:30,Delivered,No,1,0,14/04/2026 12:43,No
townhall-q1-2026,farid.brown2@example.com,Finance,14/04/2026 08:30,Delivered,No,0,0,,No
townhall-q1-2026,ines.dubois2@example.com,Manufacturing,14/04/2026 08:30,Delivered,No,1,0,14/04/2026 13:05,No
townhall-q1-2026,ines.dubois3@example.com,Manufacturing,14/04/2026 08:30,Delivered,No,0,0,,No
townhall-q1-2026,aisha.fischer@example.com,HR,14/04/2026 08:30,Delivered,No,0,0,,No
townhall-q1-2026,priya.silva2@example.com,Legal,14/04/2026 08:30,Delivered,No,0,0,,No
townhall-q1-2026,sam.evans3@example.com,Manufacturing,14/04/2026 08:30,Delivered,No,0,0,,No
townhall-q1-2026,noah.silva@example.com,Technology,14/04/2026 08:30,Delivered,No,3,0,14/04/2026 12:32,No
townhall-q1-2026,xenia.yilmaz4@example.com,HR,14/04/2026 08:30,Delivered,No,0,0,,No
townhall-q1-2026,maya.chen2@example.com,Manufacturing,14/04/2026 08:30,Delivered,No,3,0,14/04/2026 13:05,No
townhall-q1-2026,hiro.jensen2@example.com,Technology,14/04/2026 08:30,Delivered,No,0,0,,No
townhall-q1-2026,rosa.yilmaz3@example.com,Manufacturing,14/04/2026 08:30,Delivered,No,0,0,,No
townhall-q1-2026,priya.lopez@example.com,Manufacturing,14/04/2026 08:30,Delivered,No,0,0,,No
townhall-q1-2026,chloe.rossi@example.com,Technology,14/04/2026 08:30,Delivered,No,0,0,,No
townhall-q1-2026,aisha.muller@example.com,Finance,14/04/2026 08:30,Delivered,No,0,0,,No
townhall-q1-2026,chloe.ahmed2@example.com,Manufacturing,14/04/2026 08:30,Delivered,No,0,0,,No
townhall-q1-2026,sam.garcia2@example.com,Operations,14/04/2026 08:30,Delivered,No,0,0,,No
townhall-q1-2026,wei.chen4@example.com,HR,14/04/2026 08:30,Delivered,No,0,0,,No
townhall-q1-2026,xenia.yilmaz5@example.com,Operations,14/04/2026 08:30,Delivered,No,2,0,14/04/2026 10:26,No
townhall-q1-2026,olu.muller3@example.com,Operations,14/04/2026 08:30,Delivered,No,0,0,,No
townhall-q1-2026,ines.garcia2@example.com,Manufacturing,14/04/2026 08:30,Delivered,No,0,0,,No
townhall-q1-2026,ben.rossi4@example.com,Manufacturing,14/04/2026 08:30,Delivered,No,0,0,,No
townhall-q1-2026,farid.fischer3@example.com,Operations,14/04/2026 08:30,Delivered,No,0,0,,No
townhall-q1-2026,amara.kowalski@example.com,Manufacturing,14/04/2026 08:30,Delivered,No,0,0,,No
townhall-q1-2026,xenia.patel2@example.com,Operations,14/04/2026 08:30,Delivered,No,1,0,14/04/2026 12:59,No
townhall-q1-2026,liam.walsh@example.com,Manufacturing,14/04/2026 08:30,Delivered,No,0,0,,No
townhall-q1-2026,tariq.rossi3@example.com,Sales,14/04/2026 08:30,Delivered,No,2,0,16/04/2026 13:29,No
townhall-q1-2026,daniel.ueda4@example.com,Manufacturing,14/04/2026 08:30,Delivered,No,0,0,,No
townhall-q1-2026,rosa.lopez2@example.com,Manufacturing,14/04/2026 08:30,Delivered,No,0,0,,No
townhall-q1-2026,cara.kowalski5@example.com,Manufacturing,14/04/2026 08:30,Delivered,No,0,0,,No
townhall-q1-2026,yusuf.novak2@example.com,Legal,14/04/2026 08:30,Delivered,No,0,0,,No
townhall-q1-2026,grace.dubois2@example.com,Marketing,14/04/2026 08:30,Delivered,No,1,1,16/04/2026 12:35,No
townhall-q1-2026,elena.lopez3@example.com,Sales,14/04/2026 08:30,Delivered,No,1,0,14/04/2026 09:34,No
townhall-q1-2026,xenia.dubois@example.com,Technology,14/04/2026 08:30,Delivered,No,1,1,14/04/2026 09:44,No
townhall-q1-2026,sam.ueda2@example.com,Manufacturing,14/04/2026 08:30,Delivered,No,0,0,,No
townhall-q1-2026,farid.dubois@example.com,Sales,14/04/2026 08:30,Delivered,No,0,0,,No
townhall-q1-2026,cara.silva3@example.com,Sales,14/04/2026 08:30,Delivered,No,5,0,15/04/2026 04:33,No
townhall-q1-2026,rosa.dubois2@example.com,Sales,14/04/2026 08:30,Delivered,No,1,0,15/04/2026 05:18,No
townhall-q1-2026,zoe.ahmed2@example.com,Operations,14/04/2026 08:30,Delivered,No,1,0,15/04/2026 05:00,No
townhall-q1-2026,kira.evans3@example.com,Manufacturing,14/04/2026 08:30,Delivered,No,5,2,15/04/2026 05:17,No
townhall-q1-2026,priya.ueda2@example.com,Sales,14/04/2026 08:30,Delivered,No,0,0,,No
townhall-q1-2026,farid.evans@example.com,Finance,14/04/2026 08:30,Delivered,No,0,0,,No
townhall-q1-2026,elena.ahmed2@example.com,Marketing,14/04/2026 08:30,Delivered,No,0,0,,No
townhall-q1-2026,olu.okafor2@example.com,Finance,14/04/2026 08:30,Delivered,No,1,2,14/04/2026 10:11,No
townhall-q1-2026,yusuf.novak3@example.com,Finance,14/04/2026 08:30,Delivered,No,2,0,14/04/2026 10:23,No
townhall-q1-2026,uma.hansen2@example.com,HR,14/04/2026 08:30,Delivered,No,2,0,14/04/2026 09:50,No
townhall-q1-2026,kira.vargas2@example.com,Legal,14/04/2026 08:30,Delivered,No,0,0,,No
townhall-q1-2026,jonas.zhang2@example.com,Finance,14/04/2026 08:30,Delivered,No,0,0,,No
townhall-q1-2026,maya.chen3@example.com,Manufacturing,14/04/2026 08:30,Delivered,No,0,0,,No
townhall-q1-2026,sam.okafor2@example.com,Finance,14/04/2026 08:30,Bounced,Yes,0,0,,No
townhall-q1-2026,grace.zhang@example.com,Technology,14/04/2026 08:30,Delivered,No,0,0,,No
townhall-q1-2026,hiro.tanaka@example.com,Manufacturing,14/04/2026 08:30,Delivered,No,0,0,,No
townhall-q1-2026,sam.iyer@example.com,Operations,14/04/2026 08:30,Delivered,No,1,0,14/04/2026 12:31,No
townhall-q1-2026,olu.chen3@example.com,Manufacturing,14/04/2026 08:30,Delivered,No,0,0,,No
townhall-q1-2026,jonas.vargas@example.com,Sales,14/04/2026 08:30,Delivered,No,2,0,14/04/2026 10:15,No
townhall-q1-2026,maya.chen4@example.com,Finance,14/04/2026 08:30,Delivered,No,1,0,15/04/2026 04:47,No
townhall-q1-2026,zoe.muller@example.com,Sales,14/04/2026 08:30,Delivered,No,0,0,,No
townhall-q1-2026,bruno.walsh@example.com,Manufacturing,14/04/2026 08:30,Delivered,No,2,0,14/04/2026 09:31,No
townhall-q1-2026,ben.walsh2@example.com,Sales,14/04/2026 08:30,Delivered,No,0,0,,No
townhall-q1-2026,ben.walsh3@example.com,Sales,14/04/2026 08:30,Delivered,No,0,0,,No
townhall-q1-2026,aisha.brown3@example.com,Technology,14/04/2026 08:30,Delivered,No,0,0,,No
townhall-q1-2026,chloe.yilmaz2@example.com,Sales,14/04/2026 08:30,Delivered,No,0,0,,No
townhall-q1-2026,xenia.brown@example.com,Technology,14/04/2026 08:30,Bounced,Yes,0,0,,No
townhall-q1-2026,zoe.okafor2@example.com,Manufacturing,14/04/2026 08:30,Delivered,No,0,0,,No
townhall-q1-2026,hiro.garcia@example.com,Sales,14/04/2026 08:30,Delivered,No,0,0,,No
townhall-q1-2026,bruno.chen2@example.com,Operations,14/04/2026 08:30,Delivered,No,1,0,14/04/2026 13:27,No
townhall-q1-2026,zoe.garcia2@example.com,Technology,14/04/2026 08:30,Delivered,No,1,1,14/04/2026 12:50,No
townhall-q1-2026,jonas.novak3@example.com,Manufacturing,14/04/2026 08:30,Delivered,No,1,0,15/04/2026 04:53,No
townhall-q1-2026,dmitri.ahmed3@example.com,Technology,14/04/2026 08:30,Delivered,No,5,0,14/04/2026 13:11,No
townhall-q1-2026,quinn.vargas@example.com,Sales,14/04/2026 08:30,Delivered,No,1,0,14/04/2026 12:46,No
townhall-q1-2026,daniel.tanaka2@example.com,Manufacturing,14/04/2026 08:30,Delivered,No,0,0,,No
townhall-q1-2026,maya.brown3@example.com,Operations,14/04/2026 08:30,Delivered,No,0,0,,No
townhall-q1-2026,viktor.zhang3@example.com,Marketing,14/04/2026 08:30,Delivered,No,0,0,,No
townhall-q1-2026,priya.fischer3@example.com,Technology,14/04/2026 08:30,Delivered,No,1,1,14/04/2026 09:55,No
townhall-q1-2026,maya.zhang2@example.com,Marketing,14/04/2026 08:30,Delivered,No,1,0,15/04/2026 05:09,No
townhall-q1-2026,priya.ahmed4@example.com,Manufacturing,14/04/2026 08:30,Delivered,No,0,0,,No
townhall-q1-2026,hiro.yilmaz2@example.com,Legal,14/04/2026 08:30,Delivered,No,1,1,14/04/2026 09:31,No
townhall-q1-2026,elena.brown2@example.com,Sales,14/04/2026 08:30,Delivered,No,0,0,,No
townhall-q1-2026,olu.hansen@example.com,Manufacturing,14/04/2026 08:30,Delivered,No,0,0,,No
townhall-q1-2026,amara.novak4@example.com,Legal,14/04/2026 08:30,Delivered,No,0,0,,No
townhall-q1-2026,quinn.ahmed3@example.com,Technology,14/04/2026 08:30,Delivered,No,0,0,,No
townhall-q1-2026,zoe.kowalski2@example.com,Finance,14/04/2026 08:30,Delivered,No,0,0,,No
townhall-q1-2026,tariq.okafor3@example.com,Operations,14/04/2026 08:30,Delivered,No,3,0,14/04/2026 12:37,No
townhall-q1-2026,yusuf.rossi4@example.com,Manufacturing,14/04/2026 08:30,Delivered,No,0,0,,No
townhall-q1-2026,xenia.walsh3@example.com,Operations,14/04/2026 08:30,Delivered,No,2,0,15/04/2026 04:39,No
townhall-q1-2026,elena.silva@example.com,Sales,14/04/2026 08:30,Delivered,No,1,0,14/04/2026 10:12,No
townhall-q1-2026,noah.lopez3@example.com,HR,14/04/2026 08:30,Delivered,No,2,1,14/04/2026 10:20,No
townhall-q1-2026,dmitri.vargas3@example.com,Manufacturing,14/04/2026 08:30,Delivered,No,0,0,,No
townhall-q1-2026,elena.kowalski3@example.com,Finance,14/04/2026 08:30,Delivered,No,1,0,16/04/2026 12:34,No
townhall-q1-2026,ben.rossi5@example.com,Marketing,14/04/2026 08:30,Delivered,No,0,0,,No
townhall-q1-2026,sam.tanaka2@example.com,Operations,14/04/2026 08:30,Delivered,No,0,0,,No
townhall-q1-2026,viktor.tanaka@example.com,Technology,14/04/2026 08:30,Delivered,No,0,0,,No
townhall-q1-2026,hiro.chen3@example.com,Finance,14/04/2026 08:30,Delivered,No,0,0,,No
townhall-q1-2026,kira.jensen2@example.com,Manufacturing,14/04/2026 08:30,Delivered,No,0,0,,No
townhall-q1-2026,quinn.muller3@example.com,Manufacturing,14/04/2026 08:30,Delivered,No,0,0,,No
townhall-q1-2026,dmitri.kowalski2@example.com,Operations,14/04/2026 08:30,Delivered,No,2,1,14/04/2026 12:47,No
townhall-q1-2026,amara.patel@example.com,Manufacturing,14/04/2026 08:30,Delivered,No,1,0,14/04/2026 10:27,No
townhall-q1-2026,liam.garcia4@example.com,Operations,14/04/2026 08:30,Delivered,No,0,0,,No
townhall-q1-2026,quinn.chen2@example.com,Manufacturing,14/04/2026 08:30,Delivered,No,0,0,,No
townhall-q1-2026,amara.fischer3@example.com,Finance,14/04/2026 08:30,Delivered,No,0,0,,No
townhall-q1-2026,priya.silva3@example.com,Sales,14/04/2026 08:30,Delivered,No,2,2,15/04/2026 05:05,No
townhall-q1-2026,zoe.jensen2@example.com,Marketing,14/04/2026 08:30,Delivered,No,0,0,,No
townhall-q1-2026,grace.kowalski2@example.com,Manufacturing,14/04/2026 08:30,Delivered,No,0,0,,No
townhall-q1-2026,elena.tanaka2@example.com,Operations,14/04/2026 08:30,Delivered,No,5,0,14/04/2026 10:01,No
townhall-q1-2026,cara.silva4@example.com,Manufacturing,14/04/2026 08:30,Delivered,No,0,0,,No
townhall-q1-2026,noah.evans3@example.com,Manufacturing,14/04/2026 08:30,Bounced,Yes,0,0,,No
townhall-q1-2026,zoe.kowalski3@example.com,Marketing,14/04/2026 08:30,Delivered,No,0,0,,No
townhall-q1-2026,aisha.patel3@example.com,Finance,14/04/2026 08:30,Delivered,No,0,0,,No
townhall-q1-2026,viktor.ueda3@example.com,Operations,14/04/2026 08:30,Delivered,No,0,0,,No
townhall-q1-2026,yusuf.okafor3@example.com,Manufacturing,14/04/2026 08:30,Delivered,No,1,0,14/04/2026 10:07,No
townhall-q1-2026,olu.evans2@example.com,Finance,14/04/2026 08:30,Delivered,No,0,0,,No
townhall-q1-2026,ben.chen2@example.com,Manufacturing,14/04/2026 08:30,Delivered,No,0,0,,No
townhall-q1-2026,elena.rossi3@example.com,Manufacturing,14/04/2026 08:30,Delivered,No,0,0,,No
townhall-q1-2026,rosa.lopez3@example.com,Technology,14/04/2026 08:30,Delivered,No,0,0,,No
townhall-q1-2026,aisha.fischer2@example.com,Marketing,14/04/2026 08:30,Delivered,No,1,4,14/04/2026 10:15,No
townhall-q1-2026,maya.hansen5@example.com,Operations,14/04/2026 08:30,Delivered,No,0,0,,No
townhall-q1-2026,quinn.hansen@example.com,Marketing,14/04/2026 08:30,Delivered,No,1,0,14/04/2026 09:58,No
townhall-q1-2026,liam.novak3@example.com,Operations,14/04/2026 08:30,Delivered,No,0,0,,No
townhall-q1-2026,farid.garcia2@example.com,Sales,14/04/2026 08:30,Delivered,No,0,0,,No
townhall-q1-2026,ines.hansen@example.com,Marketing,14/04/2026 08:30,Delivered,No,0,0,,No
townhall-q1-2026,chloe.kowalski2@example.com,Manufacturing,14/04/2026 08:30,Delivered,No,0,0,,No
townhall-q1-2026,tariq.silva2@example.com,Manufacturing,14/04/2026 08:30,Delivered,No,0,0,,No
townhall-q1-2026,liam.novak4@example.com,Operations,14/04/2026 08:30,Delivered,No,0,0,,No
townhall-q1-2026,amara.chen@example.com,Sales,14/04/2026 08:30,Delivered,No,0,0,,No
townhall-q1-2026,kira.garcia2@example.com,Sales,14/04/2026 08:30,Delivered,No,1,0,15/04/2026 04:41,No
townhall-q1-2026,wei.kowalski2@example.com,HR,14/04/2026 08:30,Delivered,No,2,0,14/04/2026 13:27,No
townhall-q1-2026,uma.iyer@example.com,Manufacturing,14/04/2026 08:30,Delivered,No,0,0,,No
townhall-q1-2026,priya.iyer2@example.com,Manufacturing,14/04/2026 08:30,Delivered,No,0,0,,No
townhall-q1-2026,kira.brown5@example.com,Sales,14/04/2026 08:30,Delivered,No,0,0,,No
townhall-q1-2026,yusuf.walsh3@example.com,Manufacturing,14/04/2026 08:30,Delivered,No,0,0,,No
townhall-q1-2026,sam.rossi3@example.com,Manufacturing,14/04/2026 08:30,Delivered,No,0,0,,No
townhall-q1-2026,xenia.fischer2@example.com,Sales,14/04/2026 08:30,Delivered,No,0,0,,No
townhall-q1-2026,wei.ueda@example.com,HR,14/04/2026 08:30,Delivered,No,1,1,15/04/2026 04:42,No
townhall-q1-2026,ben.zhang4@example.com,Finance,14/04/2026 08:30,Delivered,No,2,0,14/04/2026 10:28,No
townhall-q1-2026,grace.dubois3@example.com,Marketing,14/04/2026 08:30,Delivered,No,0,0,,No
townhall-q1-2026,chloe.patel2@example.com,Sales,14/04/2026 08:30,Delivered,No,0,0,,No
townhall-q1-2026,zoe.zhang2@example.com,Marketing,14/04/2026 08:30,Delivered,No,1,4,14/04/2026 13:23,No
townhall-q1-2026,farid.hansen5@example.com,Manufacturing,14/04/2026 08:30,Delivered,No,1,0,14/04/2026 09:32,No
townhall-q1-2026,chloe.kowalski3@example.com,Technology,14/04/2026 08:30,Delivered,No,0,0,,No
townhall-q1-2026,bruno.okafor4@example.com,Sales,14/04/2026 08:30,Bounced,Yes,0,0,,No
townhall-q1-2026,chloe.patel3@example.com,Manufacturing,14/04/2026 08:30,Delivered,No,0,0,,No
townhall-q1-2026,daniel.rossi@example.com,Finance,14/04/2026 08:30,Delivered,No,0,0,,No
townhall-q1-2026,yusuf.novak4@example.com,Manufacturing,14/04/2026 08:30,Delivered,No,0,0,,No
townhall-q1-2026,hiro.rossi2@example.com,Marketing,14/04/2026 08:30,Delivered,No,0,0,,No
townhall-q1-2026,quinn.iyer3@example.com,Marketing,14/04/2026 08:30,Delivered,No,0,0,,No
townhall-q1-2026,amara.yilmaz2@example.com,Manufacturing,14/04/2026 08:30,Delivered,No,0,0,,No
townhall-q1-2026,dmitri.walsh2@example.com,Sales,14/04/2026 08:30,Delivered,No,1,0,16/04/2026 12:50,No
townhall-q1-2026,olu.jensen3@example.com,Technology,14/04/2026 08:30,Delivered,No,1,0,14/04/2026 10:27,No
townhall-q1-2026,wei.evans3@example.com,Technology,14/04/2026 08:30,Delivered,No,2,0,14/04/2026 12:56,No
townhall-q1-2026,olu.jensen4@example.com,Marketing,14/04/2026 08:30,Delivered,No,2,0,14/04/2026 09:55,No
townhall-q1-2026,wei.fischer3@example.com,Manufacturing,14/04/2026 08:30,Delivered,No,0,0,,No
townhall-q1-2026,ines.iyer3@example.com,Manufacturing,14/04/2026 08:30,Delivered,No,1,0,16/04/2026 12:54,No
townhall-q1-2026,amara.tanaka@example.com,Marketing,14/04/2026 08:30,Delivered,No,2,2,16/04/2026 12:57,No
townhall-q1-2026,liam.lopez@example.com,Manufacturing,14/04/2026 08:30,Delivered,No,0,0,,No
townhall-q1-2026,aisha.ahmed3@example.com,Marketing,14/04/2026 08:30,Delivered,No,0,0,,No
townhall-q1-2026,noah.zhang3@example.com,Manufacturing,14/04/2026 08:30,Bounced,Yes,0,0,,No
townhall-q1-2026,priya.tanaka4@example.com,Manufacturing,14/04/2026 08:30,Delivered,No,0,0,,No
townhall-q1-2026,elena.patel2@example.com,Manufacturing,14/04/2026 08:30,Delivered,No,0,0,,No
townhall-q1-2026,cara.yilmaz3@example.com,Technology,14/04/2026 08:30,Delivered,No,0,0,,No
townhall-q1-2026,rosa.ahmed3@example.com,Operations,14/04/2026 08:30,Delivered,No,0,0,,No
townhall-q1-2026,priya.okafor2@example.com,Sales,14/04/2026 08:30,Delivered,No,2,0,14/04/2026 13:03,No
townhall-q1-2026,chloe.ahmed3@example.com,Manufacturing,14/04/2026 08:30,Delivered,No,0,0,,No
townhall-q1-2026,amara.ueda2@example.com,Technology,14/04/2026 08:30,Delivered,No,1,2,14/04/2026 10:11,No
townhall-q1-2026,elena.lopez4@example.com,Operations,14/04/2026 08:30,Delivered,No,1,0,15/04/2026 05:12,No
townhall-q1-2026,tariq.garcia@example.com,Sales,14/04/2026 08:30,Delivered,No,2,1,14/04/2026 13:24,No
townhall-q1-2026,uma.chen2@example.com,Sales,14/04/2026 08:30,Delivered,No,0,0,,No
townhall-q1-2026,liam.chen2@example.com,Marketing,14/04/2026 08:30,Delivered,No,0,0,,No
townhall-q1-2026,xenia.tanaka2@example.com,Manufacturing,14/04/2026 08:30,Delivered,No,0,0,,No
townhall-q1-2026,uma.chen3@example.com,Manufacturing,14/04/2026 08:30,Bounced,Yes,0,0,,No
townhall-q1-2026,aisha.jensen3@example.com,Marketing,14/04/2026 08:30,Delivered,No,0,0,,No
townhall-q1-2026,uma.muller2@example.com,Finance,14/04/2026 08:30,Delivered,No,1,0,14/04/2026 13:08,No
townhall-q1-2026,olu.jensen5@example.com,Technology,14/04/2026 08:30,Delivered,No,0,0,,No
townhall-q1-2026,olu.rossi@example.com,Technology,14/04/2026 08:30,Delivered,No,2,1,14/04/2026 09:52,No
townhall-q1-2026,cara.garcia2@example.com,Sales,14/04/2026 08:30,Delivered,No,0,0,,No
townhall-q1-2026,hiro.silva2@example.com,Technology,14/04/2026 08:30,Delivered,No,3,0,14/04/2026 09:48,No
townhall-q1-2026,kira.fischer2@example.com,Manufacturing,14/04/2026 08:30,Delivered,No,0,0,,No
townhall-q1-2026,priya.evans2@example.com,Marketing,14/04/2026 08:30,Delivered,No,0,0,,No
townhall-q1-2026,yusuf.patel2@example.com,Marketing,14/04/2026 08:30,Delivered,No,2,0,14/04/2026 10:18,No
townhall-q1-2026,xenia.zhang@example.com,Legal,14/04/2026 08:30,Delivered,No,0,0,,No
townhall-q1-2026,amara.yilmaz3@example.com,Sales,14/04/2026 08:30,Delivered,No,3,0,15/04/2026 05:00,No
townhall-q1-2026,cara.walsh3@example.com,Manufacturing,14/04/2026 08:30,Delivered,No,0,0,,No
townhall-q1-2026,elena.fischer4@example.com,HR,14/04/2026 08:30,Delivered,No,2,0,15/04/2026 05:16,No
townhall-q1-2026,jonas.iyer3@example.com,Operations,14/04/2026 08:30,Delivered,No,1,1,15/04/2026 05:13,No
townhall-q1-2026,hiro.walsh2@example.com,Technology,14/04/2026 08:30,Delivered,No,1,0,15/04/2026 04:59,No
townhall-q1-2026,kira.novak2@example.com,Manufacturing,14/04/2026 08:30,Delivered,No,0,0,,No
townhall-q1-2026,quinn.yilmaz4@example.com,Technology,14/04/2026 08:30,Delivered,No,1,0,14/04/2026 10:20,No
townhall-q1-2026,ines.chen2@example.com,Manufacturing,14/04/2026 08:30,Delivered,No,0,0,,No
townhall-q1-2026,noah.novak2@example.com,Technology,14/04/2026 08:30,Delivered,No,2,0,14/04/2026 10:24,No
townhall-q1-2026,jonas.brown2@example.com,Operations,14/04/2026 08:30,Delivered,No,5,0,15/04/2026 04:36,No
townhall-q1-2026,ben.fischer2@example.com,Sales,14/04/2026 08:30,Delivered,No,3,0,14/04/2026 09:31,No
townhall-q1-2026,chloe.evans2@example.com,Sales,14/04/2026 08:30,Bounced,Yes,0,0,,No
townhall-q1-2026,zoe.garcia3@example.com,Technology,14/04/2026 08:30,Delivered,No,2,0,14/04/2026 10:22,No
townhall-q1-2026,sam.ahmed3@example.com,Sales,14/04/2026 08:30,Delivered,No,0,0,,No
townhall-q1-2026,rosa.garcia2@example.com,Operations,14/04/2026 08:30,Delivered,No,0,0,,No
townhall-q1-2026,bruno.vargas2@example.com,Finance,14/04/2026 08:30,Delivered,No,0,0,,No
townhall-q1-2026,hiro.fischer2@example.com,Manufacturing,14/04/2026 08:30,Delivered,No,0,0,,No
townhall-q1-2026,uma.patel@example.com,Manufacturing,14/04/2026 08:30,Delivered,No,0,0,,No
townhall-q1-2026,xenia.garcia4@example.com,Manufacturing,14/04/2026 08:30,Delivered,No,0,0,,No
townhall-q1-2026,rosa.iyer3@example.com,Manufacturing,14/04/2026 08:30,Delivered,No,0,0,,No
townhall-q1-2026,daniel.evans3@example.com,Marketing,14/04/2026 08:30,Delivered,No,2,0,14/04/2026 10:23,No
townhall-q1-2026,xenia.fischer3@example.com,Manufacturing,14/04/2026 08:30,Delivered,No,0,0,,No
townhall-q1-2026,grace.rossi@example.com,Manufacturing,14/04/2026 08:30,Delivered,No,0,0,,No
townhall-q1-2026,noah.garcia2@example.com,HR,14/04/2026 08:30,Delivered,No,1,0,14/04/2026 10:27,No
townhall-q1-2026,ben.patel2@example.com,Technology,14/04/2026 08:30,Delivered,No,0,0,,No
townhall-q1-2026,ben.silva5@example.com,Legal,14/04/2026 08:30,Delivered,No,0,0,,No
townhall-q1-2026,farid.yilmaz@example.com,Sales,14/04/2026 08:30,Delivered,No,0,0,,No
townhall-q1-2026,daniel.ueda5@example.com,Finance,14/04/2026 08:30,Delivered,No,1,0,14/04/2026 10:02,No
townhall-q1-2026,ines.tanaka4@example.com,Operations,14/04/2026 08:30,Delivered,No,0,0,,No
townhall-q1-2026,grace.patel2@example.com,Operations,14/04/2026 08:30,Delivered,No,2,0,14/04/2026 13:22,No
townhall-q1-2026,grace.jensen3@example.com,HR,14/04/2026 08:30,Delivered,No,0,0,,No
townhall-q1-2026,bruno.muller3@example.com,Legal,14/04/2026 08:30,Delivered,No,0,0,,No
townhall-q1-2026,aisha.brown4@example.com,Finance,14/04/2026 08:30,Delivered,No,0,0,,No
townhall-q1-2026,uma.muller3@example.com,Manufacturing,14/04/2026 08:30,Delivered,No,0,0,,No
townhall-q1-2026,chloe.walsh3@example.com,Marketing,14/04/2026 08:30,Delivered,No,0,0,,No
townhall-q1-2026,uma.rossi@example.com,HR,14/04/2026 08:30,Delivered,No,5,0,14/04/2026 12:39,No
townhall-q1-2026,quinn.vargas2@example.com,Technology,14/04/2026 08:30,Delivered,No,0,0,,No
townhall-q1-2026,bruno.chen3@example.com,HR,14/04/2026 08:30,Delivered,No,1,0,14/04/2026 10:19,No
townhall-q1-2026,uma.garcia@example.com,Manufacturing,14/04/2026 08:30,Delivered,No,0,0,,No
townhall-q1-2026,kira.evans4@example.com,Sales,14/04/2026 08:30,Delivered,No,0,0,,No
townhall-q1-2026,farid.walsh@example.com,Manufacturing,14/04/2026 08:30,Delivered,No,0,0,,No
townhall-q1-2026,olu.muller4@example.com,Operations,14/04/2026 08:30,Delivered,No,1,0,15/04/2026 05:05,No
townhall-q1-2026,uma.chen4@example.com,Manufacturing,14/04/2026 08:30,Delivered,No,0,0,,No
townhall-q1-2026,sam.silva3@example.com,Operations,14/04/2026 08:30,Delivered,No,0,0,,No
townhall-q1-2026,uma.rossi2@example.com,Manufacturing,14/04/2026 08:30,Delivered,No,1,0,14/04/2026 10:02,No
townhall-q1-2026,maya.dubois2@example.com,Legal,14/04/2026 08:30,Bounced,Yes,0,0,,No
townhall-q1-2026,kira.okafor3@example.com,Sales,14/04/2026 08:30,Delivered,No,0,0,,No
townhall-q1-2026,ben.walsh4@example.com,HR,14/04/2026 08:30,Delivered,No,1,0,14/04/2026 09:34,No
townhall-q1-2026,kira.muller2@example.com,Technology,14/04/2026 08:30,Delivered,No,0,0,,No
townhall-q1-2026,maya.dubois3@example.com,Operations,14/04/2026 08:30,Delivered,No,0,0,,No
townhall-q1-2026,priya.okafor3@example.com,Manufacturing,14/04/2026 08:30,Delivered,No,0,0,,No
townhall-q1-2026,xenia.iyer2@example.com,Technology,14/04/2026 08:30,Delivered,No,3,0,14/04/2026 09:52,No
townhall-q1-2026,noah.iyer7@example.com,Technology,14/04/2026 08:30,Delivered,No,0,0,,No
townhall-q1-2026,grace.tanaka4@example.com,Operations,14/04/2026 08:30,Bounced,Yes,0,0,,No
townhall-q1-2026,kira.evans5@example.com,Legal,14/04/2026 08:30,Delivered,No,0,0,,No
townhall-q1-2026,hiro.vargas4@example.com,Operations,14/04/2026 08:30,Delivered,No,0,0,,No
townhall-q1-2026,olu.patel@example.com,Manufacturing,14/04/2026 08:30,Delivered,No,1,0,15/04/2026 05:11,No
townhall-q1-2026,grace.brown@example.com,Marketing,14/04/2026 08:30,Delivered,No,0,0,,No
townhall-q1-2026,wei.dubois2@example.com,Operations,14/04/2026 08:30,Delivered,No,0,0,,No
townhall-q1-2026,dmitri.zhang3@example.com,Manufacturing,14/04/2026 08:30,Delivered,No,0,0,,No
townhall-q1-2026,priya.jensen3@example.com,Technology,14/04/2026 08:30,Delivered,No,0,0,,No
townhall-q1-2026,noah.vargas@example.com,Manufacturing,14/04/2026 08:30,Delivered,No,5,0,14/04/2026 09:53,No
townhall-q1-2026,hiro.hansen@example.com,Finance,14/04/2026 08:30,Delivered,No,0,0,,No
townhall-q1-2026,ben.silva6@example.com,Manufacturing,14/04/2026 08:30,Delivered,No,0,0,,No
townhall-q1-2026,daniel.rossi2@example.com,Manufacturing,14/04/2026 08:30,Delivered,No,0,0,,No
townhall-q1-2026,maya.fischer3@example.com,Manufacturing,14/04/2026 08:30,Delivered,No,0,0,,No
townhall-q1-2026,uma.jensen4@example.com,Sales,14/04/2026 08:30,Delivered,No,5,0,14/04/2026 10:06,Yes
townhall-q1-2026,hiro.evans@example.com,HR,14/04/2026 08:30,Delivered,No,0,0,,No
townhall-q1-2026,noah.novak3@example.com,Operations,14/04/2026 08:30,Delivered,No,0,0,,No
townhall-q1-2026,cara.zhang3@example.com,Manufacturing,14/04/2026 08:30,Delivered,No,0,0,,No
townhall-q1-2026,ben.okafor3@example.com,Sales,14/04/2026 08:30,Delivered,No,2,0,14/04/2026 13:12,No
townhall-q1-2026,olu.yilmaz@example.com,Operations,14/04/2026 08:30,Delivered,No,1,0,15/04/2026 04:52,No
townhall-q1-2026,xenia.ahmed3@example.com,Manufacturing,14/04/2026 08:30,Delivered,No,0,0,,No
townhall-q1-2026,xenia.jensen@example.com,Manufacturing,14/04/2026 08:30,Delivered,No,1,0,14/04/2026 12:35,No
townhall-q1-2026,daniel.brown3@example.com,Operations,14/04/2026 08:30,Delivered,No,0,0,,No
townhall-q1-2026,zoe.garcia4@example.com,Operations,14/04/2026 08:30,Delivered,No,0,0,,No
townhall-q1-2026,maya.dubois4@example.com,Manufacturing,14/04/2026 08:30,Delivered,No,0,0,,No
townhall-q1-2026,grace.dubois4@example.com,Legal,14/04/2026 08:30,Delivered,No,0,0,,No
townhall-q1-2026,kira.silva2@example.com,Legal,14/04/2026 08:30,Delivered,No,1,1,16/04/2026 12:54,No
townhall-q1-2026,daniel.okafor2@example.com,Operations,14/04/2026 08:30,Delivered,No,0,0,,No
townhall-q1-2026,dmitri.yilmaz@example.com,Finance,14/04/2026 08:30,Delivered,No,2,1,15/04/2026 05:09,No
townhall-q1-2026,rosa.tanaka2@example.com,Finance,14/04/2026 08:30,Delivered,No,0,0,,No
townhall-q1-2026,rosa.muller3@example.com,Sales,14/04/2026 08:30,Delivered,No,0,0,,No
townhall-q1-2026,noah.muller@example.com,Legal,14/04/2026 08:30,Delivered,No,3,0,16/04/2026 12:43,No
townhall-q1-2026,quinn.tanaka@example.com,HR,14/04/2026 08:30,Delivered,No,3,0,15/04/2026 05:06,No
townhall-q1-2026,priya.fischer4@example.com,Manufacturing,14/04/2026 08:30,Delivered,No,1,0,16/04/2026 12:58,No
townhall-q1-2026,zoe.jensen3@example.com,Sales,14/04/2026 08:30,Delivered,No,1,0,14/04/2026 09:42,No
townhall-q1-2026,quinn.yilmaz5@example.com,Operations,14/04/2026 08:30,Delivered,No,1,1,14/04/2026 13:05,No
townhall-q1-2026,xenia.evans4@example.com,HR,14/04/2026 08:30,Delivered,No,1,0,14/04/2026 12:57,No
townhall-q1-2026,noah.patel@example.com,Marketing,14/04/2026 08:30,Delivered,No,3,1,14/04/2026 09:36,No
townhall-q1-2026,noah.novak4@example.com,Operations,14/04/2026 08:30,Delivered,No,0,0,,No
townhall-q1-2026,olu.vargas@example.com,Sales,14/04/2026 08:30,Delivered,No,1,0,14/04/2026 13:25,No
townhall-q1-2026,amara.garcia@example.com,HR,14/04/2026 08:30,Delivered,No,0,0,,No
townhall-q1-2026,dmitri.silva2@example.com,Manufacturing,14/04/2026 08:30,Delivered,No,0,0,,No
townhall-q1-2026,quinn.novak@example.com,Technology,14/04/2026 08:30,Delivered,No,1,0,14/04/2026 09:30,No
