Employee ID,Work Email,UPN,Mobile,LMS User ID,Department,Sub Department,Region,Site,Grade Band,Employment Type,Is People Manager,Is Active
E00001,cara.ahmed@example.com,cara.ahmed@example.com,+447741854543,L00001,Manufacturing,Manufacturing Team 4,EMEA,Remote,Band 1,Permanent,No,Active
E00002,xenia.rossi@example.com,xenia.rossi@example.com,+447769055044,L00002,Marketing,Marketing Team 4,EMEA,Pune,Band 4,Permanent,No,Active
E00003,ben.zhang@example.com,ben.zhang@example.com,+447729860896,L00003,Operations,Operations Team 1,EMEA,Singapore,Band 1,Permanent,No,Active
E00004,yusuf.hansen@example.com,yusuf.hansen@example.com,+447748534149,L00004,HR,HR Team 3,EMEA,Sao Paulo,Band 1,Fixed Term,No,Active
E00005,grace.jensen@example.com,grace.jensen@example.com,+447794051926,L00005,Finance,Finance Team 1,EMEA,London,Band 2,Permanent,No,Active
E00006,wei.yilmaz@example.com,wei.yilmaz@example.com,+447718023361,L00006,Operations,Operations Team 1,AMER,Manchester,Band 3,Permanent,No,Active
E00007,ben.zhang2@example.com,ben.zhang2@example.com,+447743919373,L00007,Manufacturing,Manufacturing Team 1,AMER,London,Band 2,Permanent,No,Active
E00008,hiro.patel@example.com,hiro.patel@example.com,+447781353529,L00008,HR,HR Team 3,APAC,Sao Paulo,Band 1,Fixed Term,Yes,Active
E00009,farid.fischer@example.com,farid.fischer@example.com,+447715485946,L00009,Marketing,Marketing Team 4,AMER,Chicago,Band 1,Permanent,No,Active
E00010,wei.rossi@example.com,wei.rossi@example.com,+447758210495,L00010,Manufacturing,Manufacturing Team 3,APAC,Singapore,Band 3,Permanent,Yes,Active
E00011,quinn.okafor@example.com,quinn.okafor@example.com,+447752780960,L00011,HR,HR Team 4,AMER,Sao Paulo,Band 3,Contractor,Yes,Active
E00012,viktor.patel@example.com,viktor.patel@example.com,+447718917148,L00012,Finance,Finance Team 3,APAC,Singapore,Band 3,Permanent,No,Active
E00013,elena.tanaka@example.com,elena.tanaka@example.com,+447781013076,L00013,Operations,Operations Team 4,EMEA,Singapore,Band 1,Permanent,Yes,Active
E00014,ines.lopez@example.com,ines.lopez@example.com,+447758960787,L00014,Technology,Technology Team 3,LATAM,Sao Paulo,Band 1,Permanent,No,Active
E00015,ben.jensen@example.com,ben.jensen@example.com,+447776382431,L00015,Finance,Finance Team 1,EMEA,Singapore,Band 3,Permanent,No,Active
E00016,maya.hansen@example.com,maya.hansen@example.com,+447794658537,L00016,Technology,Technology Team 2,APAC,Manchester,Band 3,Fixed Term,No,Active
E00017,quinn.muller@example.com,quinn.muller@example.com,+447744547962,L00017,Manufacturing,Manufacturing Team 4,EMEA,Singapore,Band 1,Permanent,No,Active
E00018,grace.lopez@example.com,grace.lopez@example.com,+447786699924,L00018,Marketing,Marketing Team 2,EMEA,Chicago,Band 2,Permanent,No,Active
E00019,kira.ueda@example.com,kira.ueda@example.com,+447751611460,L00019,Finance,Finance Team 2,EMEA,Manchester,Band 2,Permanent,Yes,Active
E00020,elena.iyer@example.com,elena.iyer@example.com,+447730628405,L00020,Technology,Technology Team 4,AMER,Remote,Band 3,Permanent,No,Active
E00021,yusuf.kowalski@example.com,yusuf.kowalski@example.com,+447719382249,L00021,Operations,Operations Team 3,AMER,Chicago,Band 2,Fixed Term,No,Active
E00022,priya.ahmed@example.com,priya.ahmed@example.com,+447714324860,L00022,Sales,Sales Team 4,EMEA,London,Band 3,Permanent,No,Active
E00023,yusuf.iyer@example.com,yusuf.iyer@example.com,+447737174449,L00023,Manufacturing,Manufacturing Team 2,EMEA,Pune,Band 3,Permanent,Yes,Active
E00024,grace.hansen@example.com,grace.hansen@example.com,+447790298178,L00024,Manufacturing,Manufacturing Team 3,EMEA,London,Band 2,Permanent,No,Active
E00025,bruno.silva@example.com,bruno.silva@example.com,+447777134412,L00025,Marketing,Marketing Team 3,AMER,Remote,Band 3,Permanent,No,Active
E00026,olu.chen@example.com,olu.chen@example.com,+447789651679,L00026,Manufacturing,Manufacturing Team 3,APAC,Singapore,Band 3,Permanent,No,Active
E00027,wei.hansen@example.com,wei.hansen@example.com,+447794042281,L00027,Marketing,Marketing Team 3,AMER,Pune,Band 2,Permanent,No,Active
E00028,aisha.novak@example.com,aisha.novak@example.com,+447713678932,L00028,Technology,Technology Team 2,EMEA,London,Band 3,Permanent,No,Active
E00029,dmitri.vargas@example.com,dmitri.vargas@example.com,+447719774164,L00029,Sales,Sales Team 2,APAC,Chicago,Band 2,Permanent,Yes,Active
E00030,ben.evans@example.com,ben.evans@example.com,+447731691830,L00030,Marketing,Marketing Team 1,EMEA,Manchester,Band 1,Permanent,No,Active
E00031,hiro.lopez@example.com,hiro.lopez@example.com,+447752097921,L00031,Legal,Legal Team 4,AMER,Pune,Band 3,Permanent,No,Active
E00032,aisha.patel@example.com,aisha.patel@example.com,+447714372743,L00032,Manufacturing,Manufacturing Team 4,EMEA,Sao Paulo,Band 2,Permanent,No,Active
E00033,rosa.yilmaz@example.com,rosa.yilmaz@example.com,+447789819736,L00033,Sales,Sales Team 1,AMER,Chicago,Band 2,Permanent,Yes,Active
E00034,daniel.fischer@example.com,daniel.fischer@example.com,+447740751110,L00034,Finance,Finance Team 2,EMEA,London,Band 2,Contractor,No,Active
E00035,maya.zhang@example.com,maya.zhang@example.com,+447788728250,L00035,Technology,Technology Team 4,EMEA,Remote,Band 1,Permanent,No,Active
E00036,grace.tanaka@example.com,grace.tanaka@example.com,+447729157550,L00036,Marketing,Marketing Team 3,EMEA,Chicago,Band 2,Permanent,No,Active
E00037,amara.walsh@example.com,amara.walsh@example.com,+447771119221,L00037,Operations,Operations Team 4,AMER,Remote,Band 3,Permanent,No,Active
E00038,wei.novak@example.com,wei.novak@example.com,+447732058544,L00038,Manufacturing,Manufacturing Team 4,EMEA,Sao Paulo,Band 2,Permanent,Yes,Active
E00039,wei.yilmaz2@example.com,wei.yilmaz2@example.com,+447758624885,L00039,Manufacturing,Manufacturing Team 1,EMEA,Pune,Band 4,Permanent,No,Active
E00040,grace.fischer@example.com,grace.fischer@example.com,+447781742029,L00040,Marketing,Marketing Team 4,EMEA,Sao Paulo,Band 2,Permanent,No,Active
E00041,ben.dubois@example.com,ben.dubois@example.com,+447725967445,L00041,Manufacturing,Manufacturing Team 1,APAC,Pune,Band 1,Permanent,No,Active
E00042,wei.walsh@example.com,wei.walsh@example.com,+447761879220,L00042,Marketing,Marketing Team 1,EMEA,Singapore,Band 2,Permanent,No,Active
E00043,olu.chen2@example.com,olu.chen2@example.com,+447739539313,L00043,Finance,Finance Team 2,EMEA,Chicago,Band 1,Permanent,No,Active
E00044,chloe.okafor@example.com,chloe.okafor@example.com,+447740585937,L00044,Sales,Sales Team 4,EMEA,London,Band 4,Permanent,No,Active
E00045,bruno.rossi@example.com,bruno.rossi@example.com,+447730827784,L00045,Operations,Operations Team 1,EMEA,Remote,Band 1,Permanent,Yes,Active
E00046,dmitri.lopez@example.com,dmitri.lopez@example.com,+447772004935,L00046,HR,HR Team 3,LATAM,London,Band 2,Permanent,Yes,Active
E00047,bruno.ueda@example.com,bruno.ueda@example.com,+447756816390,L00047,Technology,Technology Team 2,EMEA,Remote,Band 4,Permanent,Yes,Active
E00048,grace.tanaka2@example.com,grace.tanaka2@example.com,+447759793435,L00048,Technology,Technology Team 1,AMER,Manchester,Band 2,Contractor,No,Active
E00049,ben.ahmed@example.com,ben.ahmed@example.com,+447714714654,L00049,Manufacturing,Manufacturing Team 3,APAC,Manchester,Band 2,Permanent,No,Active
E00050,amara.walsh2@example.com,amara.walsh2@example.com,+447739430799,L00050,Technology,Technology Team 1,EMEA,London,Band 4,Permanent,No,Active
E00051,jonas.kowalski@example.com,jonas.kowalski@example.com,+447758180446,L00051,Manufacturing,Manufacturing Team 1,EMEA,Sao Paulo,Band 3,Permanent,No,Active
E00052,aisha.ahmed@example.com,aisha.ahmed@example.com,+447743594880,L00052,Operations,Operations Team 3,EMEA,Sao Paulo,Band 2,Permanent,Yes,Active
E00053,viktor.patel2@example.com,viktor.patel2@example.com,+447785317169,L00053,Technology,Technology Team 4,EMEA,Remote,Band 1,Permanent,No,Active
E00054,yusuf.brown@example.com,yusuf.brown@example.com,+447756041125,L00054,Manufacturing,Manufacturing Team 2,EMEA,London,Band 2,Permanent,No,Active
E00055,xenia.silva@example.com,xenia.silva@example.com,+447733515353,L00055,Marketing,Marketing Team 3,LATAM,London,Band 1,Permanent,No,Active
E00056,liam.ahmed@example.com,liam.ahmed@example.com,+447768318570,L00056,Manufacturing,Manufacturing Team 2,APAC,Chicago,Band 4,Contractor,No,Active
E00057,zoe.hansen@example.com,zoe.hansen@example.com,+447737606889,L00057,Operations,Operations Team 4,AMER,Singapore,Band 2,Contractor,No,Active
E00058,rosa.chen@example.com,rosa.chen@example.com,+447750347845,L00058,Manufacturing,Manufacturing Team 2,AMER,London,Band 1,Permanent,No,Active
E00059,viktor.yilmaz@example.com,viktor.yilmaz@example.com,+447784619528,L00059,Sales,Sales Team 1,LATAM,London,Band 1,Permanent,No,Active
E00060,grace.muller@example.com,grace.muller@example.com,+447753900683,L00060,Marketing,Marketing Team 4,AMER,Manchester,Band 3,Fixed Term,No,Active
E00061,tariq.zhang@example.com,tariq.zhang@example.com,+447732690191,L00061,Marketing,Marketing Team 3,AMER,Remote,Band 3,Permanent,No,Active
E00062,kira.jensen@example.com,kira.jensen@example.com,+447791850399,L00062,Operations,Operations Team 4,AMER,Manchester,Band 3,Fixed Term,Yes,Active
E00063,sam.silva@example.com,sam.silva@example.com,+447789806934,L00063,Legal,Legal Team 2,APAC,London,Band 2,Fixed Term,No,Active
E00064,grace.walsh@example.com,grace.walsh@example.com,+447795300539,L00064,Operations,Operations Team 3,APAC,Singapore,Band 3,Permanent,No,Active
E00065,olu.lopez@example.com,olu.lopez@example.com,+447749323052,L00065,Technology,Technology Team 1,APAC,Chicago,Band 2,Permanent,No,Active
E00066,ben.muller@example.com,ben.muller@example.com,+447786427609,L00066,Manufacturing,Manufacturing Team 2,EMEA,London,Band 2,Permanent,No,Active
E00067,noah.lopez@example.com,noah.lopez@example.com,+447777297890,L00067,Operations,Operations Team 2,AMER,Remote,Band 4,Permanent,No,Active
E00068,quinn.yilmaz@example.com,quinn.yilmaz@example.com,+447798327590,L00068,Technology,Technology Team 2,AMER,Chicago,Band 1,Permanent,No,Active
E00069,chloe.yilmaz@example.com,chloe.yilmaz@example.com,+447795794137,L00069,Technology,Technology Team 2,EMEA,Singapore,Band 2,Permanent,Yes,Active
E00070,farid.muller@example.com,farid.muller@example.com,+447727505346,L00070,Sales,Sales Team 2,APAC,Chicago,Band 4,Permanent,No,Active
E00071,hiro.okafor@example.com,hiro.okafor@example.com,+447751390611,L00071,Sales,Sales Team 1,APAC,Singapore,Band 4,Permanent,Yes,Active
E00072,ben.walsh@example.com,ben.walsh@example.com,+447791722440,L00072,Marketing,Marketing Team 3,EMEA,Manchester,Band 1,Permanent,No,Active
E00073,maya.fischer@example.com,maya.fischer@example.com,+447718156133,L00073,Manufacturing,Manufacturing Team 2,AMER,Chicago,Band 1,Permanent,No,Active
E00074,uma.jensen@example.com,uma.jensen@example.com,+447774811097,L00074,Manufacturing,Manufacturing Team 3,EMEA,London,Band 4,Permanent,No,Active
E00075,rosa.okafor@example.com,rosa.okafor@example.com,+447794127860,L00075,Marketing,Marketing Team 1,AMER,Manchester,Band 2,Permanent,No,Active
E00076,aisha.rossi@example.com,aisha.rossi@example.com,+447763908186,L00076,Sales,Sales Team 3,APAC,London,Band 1,Permanent,No,Active
E00077,uma.muller@example.com,uma.muller@example.com,+447790779253,L00077,Manufacturing,Manufacturing Team 3,AMER,London,Band 1,Permanent,Yes,Active
E00078,tariq.vargas@example.com,tariq.vargas@example.com,+447711275555,L00078,Operations,Operations Team 1,APAC,Singapore,Band 1,Permanent,No,Active
E00079,yusuf.tanaka@example.com,yusuf.tanaka@example.com,+447715752350,L00079,Marketing,Marketing Team 3,AMER,London,Band 2,Permanent,No,Active
E00080,xenia.tanaka@example.com,xenia.tanaka@example.com,+447754989926,L00080,Technology,Technology Team 4,EMEA,Pune,Band 2,Permanent,No,Active
E00081,dmitri.dubois@example.com,dmitri.dubois@example.com,+447771061940,L00081,Sales,Sales Team 1,AMER,Pune,Band 4,Permanent,No,Active
E00082,quinn.iyer@example.com,quinn.iyer@example.com,+447756880431,L00082,Technology,Technology Team 4,AMER,London,Band 4,Permanent,No,Active
E00083,farid.kowalski@example.com,farid.kowalski@example.com,+447713687547,L00083,Marketing,Marketing Team 3,AMER,London,Band 4,Permanent,No,Active
E00084,daniel.chen@example.com,daniel.chen@example.com,+447737709121,L00084,Technology,Technology Team 3,EMEA,Sao Paulo,Band 2,Permanent,No,Active
E00085,cara.kowalski@example.com,cara.kowalski@example.com,+447787871138,L00085,Operations,Operations Team 3,EMEA,Manchester,Band 2,Fixed Term,No,Active
E00086,cara.vargas@example.com,cara.vargas@example.com,+447778469401,L00086,Technology,Technology Team 1,AMER,Singapore,Band 1,Permanent,No,Active
E00087,amara.silva@example.com,amara.silva@example.com,+447789208088,L00087,Operations,Operations Team 1,AMER,Singapore,Band 2,Permanent,No,Active
E00088,amara.zhang@example.com,amara.zhang@example.com,+447761348204,L00088,Marketing,Marketing Team 4,APAC,Manchester,Band 3,Permanent,No,Active
E00089,wei.novak2@example.com,wei.novak2@example.com,+447777718183,L00089,HR,HR Team 3,EMEA,Singapore,Band 1,Permanent,Yes,Active
E00090,quinn.walsh@example.com,quinn.walsh@example.com,+447761995000,L00090,Operations,Operations Team 4,LATAM,Pune,Band 3,Permanent,No,Active
E00091,aisha.novak2@example.com,aisha.novak2@example.com,+447769770173,L00091,Manufacturing,Manufacturing Team 2,EMEA,Sao Paulo,Band 3,Permanent,No,Active
E00092,yusuf.ueda@example.com,yusuf.ueda@example.com,+447747588870,L00092,Manufacturing,Manufacturing Team 2,APAC,Pune,Band 3,Permanent,No,Active
E00093,zoe.novak@example.com,zoe.novak@example.com,+447784021602,L00093,Manufacturing,Manufacturing Team 4,EMEA,Sao Paulo,Band 1,Permanent,Yes,Active
E00094,xenia.chen@example.com,xenia.chen@example.com,+447744038443,L00094,Technology,Technology Team 2,EMEA,London,Band 1,Permanent,No,Active
E00095,hiro.jensen@example.com,hiro.jensen@example.com,+447726546675,L00095,Manufacturing,Manufacturing Team 3,EMEA,Pune,Band 4,Permanent,No,Active
E00096,cara.fischer@example.com,cara.fischer@example.com,+447767742935,L00096,Technology,Technology Team 1,EMEA,Singapore,Band 1,Permanent,No,Active
E00097,yusuf.novak@example.com,yusuf.novak@example.com,+447739762572,L00097,Operations,Operations Team 1,EMEA,Sao Paulo,Band 3,Permanent,No,Active
E00098,jonas.zhang@example.com,jonas.zhang@example.com,+447755163595,L00098,Manufacturing,Manufacturing Team 4,APAC,London,Band 2,Permanent,No,Active
E00099,chloe.patel@example.com,chloe.patel@example.com,+447722032563,L00099,HR,HR Team 4,AMER,Singapore,Band 2,Permanent,No,Active
E00100,jonas.walsh@example.com,jonas.walsh@example.com,+447776272943,L00100,Manufacturing,Manufacturing Team 2,EMEA,Manchester,Band 1,Fixed Term,No,Active
E00101,xenia.patel@example.com,xenia.patel@example.com,+447777312734,L00101,Manufacturing,Manufacturing Team 2,EMEA,Manchester,Band 2,Permanent,No,Active
E00102,cara.ahmed2@example.com,cara.ahmed2@example.com,+447731904605,L00102,HR,HR Team 4,EMEA,Manchester,Band 3,Permanent,No,Active
E00103,xenia.vargas@example.com,xenia.vargas@example.com,+447774664166,L00103,Manufacturing,Manufacturing Team 3,EMEA,Sao Paulo,Band 1,Permanent,Yes,Active
E00104,elena.kowalski@example.com,elena.kowalski@example.com,+447729927887,L00104,Technology,Technology Team 1,EMEA,Manchester,Band 2,Permanent,No,Active
E00105,aisha.silva@example.com,aisha.silva@example.com,+447748366575,L00105,Operations,Operations Team 1,AMER,Pune,Band 2,Permanent,No,Active
E00106,viktor.okafor@example.com,viktor.okafor@example.com,+447731641449,L00106,Operations,Operations Team 2,EMEA,Singapore,Band 1,Permanent,No,Active
E00107,chloe.muller@example.com,chloe.muller@example.com,+447720093557,L00107,Marketing,Marketing Team 3,APAC,Sao Paulo,Band 1,Permanent,No,Active
E00108,ines.walsh@example.com,ines.walsh@example.com,+447711634198,L00108,Finance,Finance Team 3,AMER,Singapore,Band 2,Fixed Term,Yes,Active
E00109,ben.dubois2@example.com,ben.dubois2@example.com,+447796846272,L00109,Technology,Technology Team 2,AMER,Pune,Band 2,Permanent,No,Active
E00110,aisha.yilmaz@example.com,aisha.yilmaz@example.com,+447721516386,L00110,Manufacturing,Manufacturing Team 2,AMER,Pune,Exec,Permanent,Yes,Active
E00111,liam.yilmaz@example.com,liam.yilmaz@example.com,+447791604673,L00111,Manufacturing,Manufacturing Team 2,AMER,Singapore,Band 3,Permanent,Yes,Active
E00112,hiro.yilmaz@example.com,hiro.yilmaz@example.com,+447795432729,L00112,Finance,Finance Team 4,EMEA,Sao Paulo,Band 1,Permanent,No,Active
E00113,hiro.fischer@example.com,hiro.fischer@example.com,+447760872929,L00113,Operations,Operations Team 2,LATAM,London,Band 2,Permanent,No,Active
E00114,ines.garcia@example.com,ines.garcia@example.com,+447741949914,L00114,Manufacturing,Manufacturing Team 3,EMEA,London,Band 4,Permanent,No,Active
E00115,elena.brown@example.com,elena.brown@example.com,+447797456494,L00115,Manufacturing,Manufacturing Team 3,APAC,Manchester,Band 4,Fixed Term,No,Active
E00116,rosa.patel@example.com,rosa.patel@example.com,+447778235285,L00116,Legal,Legal Team 3,LATAM,Manchester,Band 3,Permanent,No,Active
E00117,elena.patel@example.com,elena.patel@example.com,+447710314046,L00117,Manufacturing,Manufacturing Team 1,EMEA,London,Band 1,Permanent,No,Active
E00118,hiro.vargas@example.com,hiro.vargas@example.com,+447775415376,L00118,Manufacturing,Manufacturing Team 3,EMEA,Manchester,Band 2,Permanent,No,Active
E00119,jonas.yilmaz@example.com,jonas.yilmaz@example.com,+447789456457,L00119,Manufacturing,Manufacturing Team 1,APAC,Pune,Band 2,Permanent,Yes,Active
E00120,tariq.silva@example.com,tariq.silva@example.com,+447742333248,L00120,Finance,Finance Team 4,EMEA,Singapore,Band 2,Permanent,Yes,Active
E00121,xenia.evans@example.com,xenia.evans@example.com,+447729919232,L00121,Operations,Operations Team 3,APAC,London,Band 1,Permanent,Yes,Active
E00122,daniel.novak@example.com,daniel.novak@example.com,+447787317368,L00122,Technology,Technology Team 1,APAC,Chicago,Band 3,Permanent,No,Active
E00123,bruno.rossi2@example.com,bruno.rossi2@example.com,+447791854998,L00123,Manufacturing,Manufacturing Team 4,AMER,Manchester,Band 3,Contractor,No,Active
E00124,noah.garcia@example.com,noah.garcia@example.com,+447739411114,L00124,Operations,Operations Team 3,AMER,Pune,Band 2,Fixed Term,No,Active
E00125,daniel.ueda@example.com,daniel.ueda@example.com,+447748376972,L00125,HR,HR Team 4,APAC,London,Band 2,Contractor,No,Active
E00126,kira.okafor@example.com,kira.okafor@example.com,+447776531343,L00126,Finance,Finance Team 2,APAC,Pune,Band 1,Fixed Term,Yes,Active
E00127,aisha.jensen@example.com,aisha.jensen@example.com,+447711341864,L00127,Finance,Finance Team 4,AMER,Pune,Band 1,Permanent,No,Active
E00128,jonas.walsh2@example.com,jonas.walsh2@example.com,+447726525459,L00128,Operations,Operations Team 4,APAC,Remote,Band 2,Contractor,No,Active
E00129,hiro.novak@example.com,hiro.novak@example.com,+447794609656,L00129,Technology,Technology Team 1,LATAM,Remote,Band 1,Permanent,No,Active
E00130,ben.dubois3@example.com,ben.dubois3@example.com,+447728129318,L00130,Operations,Operations Team 1,APAC,London,Band 2,Permanent,No,Active
E00131,grace.jensen2@example.com,grace.jensen2@example.com,+447744659278,L00131,Manufacturing,Manufacturing Team 1,EMEA,Sao Paulo,Band 1,Permanent,Yes,Active
E00132,dmitri.rossi@example.com,dmitri.rossi@example.com,+447780351196,L00132,Marketing,Marketing Team 4,EMEA,Singapore,Band 2,Permanent,No,Active
E00133,quinn.rossi@example.com,quinn.rossi@example.com,+447799557329,L00133,Manufacturing,Manufacturing Team 2,EMEA,Pune,Band 3,Fixed Term,No,Active
E00134,sam.yilmaz@example.com,sam.yilmaz@example.com,+447759795736,L00134,Manufacturing,Manufacturing Team 3,APAC,Manchester,Band 2,Contractor,No,Active
E00135,viktor.kowalski@example.com,viktor.kowalski@example.com,+447779058888,L00135,HR,HR Team 3,EMEA,Singapore,Band 1,Permanent,No,Active
E00136,wei.fischer@example.com,wei.fischer@example.com,+447795194148,L00136,Finance,Finance Team 4,AMER,Singapore,Band 1,Permanent,No,Active
E00137,yusuf.tanaka2@example.com,yusuf.tanaka2@example.com,+447794850025,L00137,Manufacturing,Manufacturing Team 3,APAC,Remote,Band 1,Permanent,No,Active
E00138,xenia.chen2@example.com,xenia.chen2@example.com,+447720259415,L00138,Sales,Sales Team 3,EMEA,Sao Paulo,Band 3,Permanent,No,Active
E00139,hiro.brown@example.com,hiro.brown@example.com,+447799749245,L00139,Operations,Operations Team 4,AMER,Manchester,Exec,Fixed Term,Yes,Active
E00140,jonas.kowalski2@example.com,jonas.kowalski2@example.com,+447754607737,L00140,Operations,Operations Team 1,APAC,Pune,Band 1,Permanent,No,Active
E00141,viktor.rossi@example.com,viktor.rossi@example.com,+447795483000,L00141,HR,HR Team 4,EMEA,Singapore,Band 1,Permanent,No,Active
E00142,aisha.tanaka@example.com,aisha.tanaka@example.com,+447731252127,L00142,Operations,Operations Team 3,LATAM,Pune,Band 1,Permanent,No,Active
E00143,olu.jensen@example.com,olu.jensen@example.com,+447727017410,L00143,Manufacturing,Manufacturing Team 2,APAC,Chicago,Band 3,Permanent,No,Active
E00144,liam.garcia@example.com,liam.garcia@example.com,+447754622963,L00144,Manufacturing,Manufacturing Team 3,EMEA,London,Band 1,Permanent,No,Active
E00145,amara.dubois@example.com,amara.dubois@example.com,+447773464654,L00145,Technology,Technology Team 2,AMER,Manchester,Band 2,Permanent,No,Active
E00146,bruno.yilmaz@example.com,bruno.yilmaz@example.com,+447755742653,L00146,Manufacturing,Manufacturing Team 1,EMEA,London,Band 1,Permanent,No,Active
E00147,maya.hansen2@example.com,maya.hansen2@example.com,+447744669255,L00147,Technology,Technology Team 1,LATAM,Manchester,Band 3,Permanent,No,Active
E00148,rosa.ahmed@example.com,rosa.ahmed@example.com,+447729360646,L00148,Marketing,Marketing Team 1,AMER,London,Band 4,Permanent,No,Active
E00149,sam.rossi@example.com,sam.rossi@example.com,+447796824560,L00149,Technology,Technology Team 1,APAC,Sao Paulo,Band 1,Permanent,Yes,Active
E00150,quinn.chen@example.com,quinn.chen@example.com,+447774204115,L00150,Manufacturing,Manufacturing Team 2,AMER,Pune,Band 2,Permanent,No,Active
E00151,sam.evans@example.com,sam.evans@example.com,+447784313361,L00151,Technology,Technology Team 2,AMER,Manchester,Band 1,Permanent,No,Active
E00152,bruno.yilmaz2@example.com,bruno.yilmaz2@example.com,+447723496031,L00152,Technology,Technology Team 2,EMEA,Manchester,Band 1,Fixed Term,No,Active
E00153,ben.silva@example.com,ben.silva@example.com,+447745463543,L00153,Operations,Operations Team 2,EMEA,Pune,Band 2,Permanent,No,Active
E00154,maya.rossi@example.com,maya.rossi@example.com,+447777624176,L00154,Operations,Operations Team 1,EMEA,Pune,Band 2,Contractor,No,Active
E00155,cara.iyer@example.com,cara.iyer@example.com,+447771959770,L00155,Marketing,Marketing Team 1,EMEA,Manchester,Band 1,Fixed Term,Yes,Active
E00156,amara.silva2@example.com,amara.silva2@example.com,+447795960170,L00156,Manufacturing,Manufacturing Team 4,EMEA,Manchester,Band 1,Permanent,No,Active
E00157,cara.iyer2@example.com,cara.iyer2@example.com,+447715943690,L00157,Operations,Operations Team 1,AMER,Chicago,Band 2,Permanent,No,Active
E00158,bruno.kowalski@example.com,bruno.kowalski@example.com,+447745826423,L00158,Manufacturing,Manufacturing Team 2,AMER,Remote,Band 2,Permanent,No,Active
E00159,uma.lopez@example.com,uma.lopez@example.com,+447719005122,L00159,Sales,Sales Team 3,APAC,Manchester,Band 2,Permanent,No,Active
E00160,elena.muller@example.com,elena.muller@example.com,+447740571359,L00160,Operations,Operations Team 3,AMER,Remote,Band 2,Permanent,No,Active
E00161,cara.ueda@example.com,cara.ueda@example.com,+447773959405,L00161,Operations,Operations Team 2,EMEA,Remote,Band 3,Fixed Term,Yes,Active
E00162,chloe.novak@example.com,chloe.novak@example.com,+447743278748,L00162,Sales,Sales Team 3,APAC,London,Band 1,Fixed Term,No,Active
E00163,viktor.brown@example.com,viktor.brown@example.com,+447790930708,L00163,Marketing,Marketing Team 4,APAC,Remote,Band 1,Permanent,Yes,Active
E00164,ines.dubois@example.com,ines.dubois@example.com,+447791750601,L00164,Marketing,Marketing Team 2,AMER,Manchester,Band 1,Permanent,No,Active
E00165,xenia.silva2@example.com,xenia.silva2@example.com,+447786925498,L00165,Operations,Operations Team 3,APAC,Sao Paulo,Band 2,Permanent,No,Active
E00166,viktor.hansen@example.com,viktor.hansen@example.com,+447796715288,L00166,Manufacturing,Manufacturing Team 3,EMEA,Manchester,Band 1,Permanent,No,Active
E00167,tariq.evans@example.com,tariq.evans@example.com,+447796130581,L00167,Legal,Legal Team 3,APAC,Remote,Band 1,Permanent,No,Active
E00168,kira.fischer@example.com,kira.fischer@example.com,+447756127025,L00168,Legal,Legal Team 3,APAC,Chicago,Band 4,Permanent,No,Active
E00169,hiro.ahmed@example.com,hiro.ahmed@example.com,+447717146178,L00169,Operations,Operations Team 3,AMER,Remote,Band 1,Permanent,No,Active
E00170,rosa.dubois@example.com,rosa.dubois@example.com,+447759838154,L00170,Manufacturing,Manufacturing Team 2,AMER,Pune,Band 1,Fixed Term,No,Active
E00171,liam.chen@example.com,liam.chen@example.com,+447712212172,L00171,HR,HR Team 1,AMER,Pune,Band 4,Permanent,No,Active
E00172,amara.rossi@example.com,amara.rossi@example.com,+447735656356,L00172,Sales,Sales Team 4,EMEA,Pune,Band 2,Permanent,No,Active
E00173,wei.tanaka@example.com,wei.tanaka@example.com,+447737342383,L00173,Manufacturing,Manufacturing Team 2,EMEA,London,Band 2,Permanent,No,Active
E00174,chloe.lopez@example.com,chloe.lopez@example.com,+447713293577,L00174,Technology,Technology Team 2,EMEA,Sao Paulo,Band 2,Permanent,No,Active
E00175,cara.yilmaz@example.com,cara.yilmaz@example.com,+447730357458,L00175,HR,HR Team 2,AMER,Singapore,Band 3,Contractor,No,Active
E00176,uma.zhang@example.com,uma.zhang@example.com,+447726610087,L00176,Technology,Technology Team 1,EMEA,Manchester,Band 3,Permanent,No,Active
E00177,liam.tanaka@example.com,liam.tanaka@example.com,+447763295126,L00177,Technology,Technology Team 4,APAC,Manchester,Band 2,Permanent,No,Active
E00178,rosa.iyer@example.com,rosa.iyer@example.com,+447769803504,L00178,Sales,Sales Team 4,AMER,Chicago,Band 1,Fixed Term,No,Active
E00179,chloe.kowalski@example.com,chloe.kowalski@example.com,+447778319028,L00179,Marketing,Marketing Team 3,AMER,Pune,Band 1,Contractor,Yes,Active
E00180,chloe.walsh@example.com,chloe.walsh@example.com,+447764482024,L00180,Legal,Legal Team 2,EMEA,Pune,Band 2,Permanent,Yes,Active
E00181,cara.rossi@example.com,cara.rossi@example.com,+447745697211,L00181,Operations,Operations Team 1,AMER,Sao Paulo,Band 3,Permanent,No,Active
E00182,rosa.kowalski@example.com,rosa.kowalski@example.com,+447793720824,L00182,Sales,Sales Team 2,AMER,London,Band 3,Permanent,No,Active
E00183,maya.fischer2@example.com,maya.fischer2@example.com,+447745385835,L00183,Operations,Operations Team 2,EMEA,Sao Paulo,Band 1,Contractor,No,Active
E00184,hiro.chen@example.com,hiro.chen@example.com,+447716717476,L00184,Manufacturing,Manufacturing Team 3,EMEA,Chicago,Band 4,Permanent,No,Active
E00185,dmitri.evans@example.com,dmitri.evans@example.com,+447732809554,L00185,Manufacturing,Manufacturing Team 3,AMER,Chicago,Band 4,Permanent,No,Active
E00186,ben.okafor@example.com,ben.okafor@example.com,+447718770456,L00186,Manufacturing,Manufacturing Team 3,EMEA,Singapore,Band 2,Fixed Term,Yes,Active
E00187,wei.jensen@example.com,wei.jensen@example.com,+447732221370,L00187,Marketing,Marketing Team 2,EMEA,Sao Paulo,Band 1,Permanent,No,Active
E00188,priya.jensen@example.com,priya.jensen@example.com,+447760558314,L00188,Technology,Technology Team 4,AMER,Chicago,Exec,Permanent,No,Active
E00189,rosa.okafor2@example.com,rosa.okafor2@example.com,+447731113896,L00189,Legal,Legal Team 2,AMER,Pune,Band 2,Permanent,No,Active
E00190,ben.silva2@example.com,ben.silva2@example.com,+447740089625,L00190,Marketing,Marketing Team 2,APAC,Manchester,Band 1,Contractor,No,Active
E00191,ines.fischer@example.com,ines.fischer@example.com,+447725177399,L00191,Finance,Finance Team 1,EMEA,Chicago,Band 1,Permanent,No,Active
E00192,priya.fischer@example.com,priya.fischer@example.com,+447727623448,L00192,Manufacturing,Manufacturing Team 4,AMER,Remote,Band 2,Permanent,No,Active
E00193,rosa.ueda@example.com,rosa.ueda@example.com,+447747936068,L00193,Operations,Operations Team 2,APAC,Remote,Band 4,Permanent,No,Active
E00194,viktor.walsh@example.com,viktor.walsh@example.com,+447779952754,L00194,Technology,Technology Team 2,EMEA,London,Band 1,Permanent,No,Active
E00195,olu.jensen2@example.com,olu.jensen2@example.com,+447731373755,L00195,Finance,Finance Team 2,EMEA,Manchester,Band 2,Permanent,Yes,Active
E00196,cara.muller@example.com,cara.muller@example.com,+447719079352,L00196,Manufacturing,Manufacturing Team 2,EMEA,Pune,Band 1,Permanent,No,Active
E00197,bruno.fischer@example.com,bruno.fischer@example.com,+447779004544,L00197,Technology,Technology Team 1,AMER,Chicago,Band 2,Permanent,No,Active
E00198,grace.kowalski@example.com,grace.kowalski@example.com,+447776805847,L00198,Manufacturing,Manufacturing Team 3,AMER,Pune,Band 3,Permanent,No,Active
E00199,hiro.novak2@example.com,hiro.novak2@example.com,+447713412472,L00199,Manufacturing,Manufacturing Team 3,APAC,Singapore,Band 1,Permanent,No,Active
E00200,xenia.iyer@example.com,xenia.iyer@example.com,+447792960530,L00200,Manufacturing,Manufacturing Team 3,AMER,Manchester,Band 3,Permanent,No,Active
E00201,jonas.patel@example.com,jonas.patel@example.com,+447718452657,L00201,Technology,Technology Team 4,AMER,Chicago,Band 3,Permanent,No,Active
E00202,ben.yilmaz@example.com,ben.yilmaz@example.com,+447769082743,L00202,Technology,Technology Team 4,LATAM,Sao Paulo,Band 1,Permanent,No,Active
E00203,viktor.hansen2@example.com,viktor.hansen2@example.com,+447766238791,L00203,Manufacturing,Manufacturing Team 2,AMER,Remote,Band 2,Permanent,No,Active
E00204,wei.brown@example.com,wei.brown@example.com,+447784338716,L00204,Manufacturing,Manufacturing Team 2,EMEA,Pune,Band 2,Permanent,No,Active
E00205,xenia.vargas2@example.com,xenia.vargas2@example.com,+447777197977,L00205,Sales,Sales Team 4,EMEA,Singapore,Band 2,Permanent,No,Active
E00206,ben.patel@example.com,ben.patel@example.com,+447733291088,L00206,Technology,Technology Team 3,AMER,Pune,Band 4,Permanent,No,Active
E00207,sam.evans2@example.com,sam.evans2@example.com,+447721683477,L00207,Manufacturing,Manufacturing Team 4,EMEA,Pune,Band 1,Permanent,No,Active
E00208,viktor.brown2@example.com,viktor.brown2@example.com,+447741629546,L00208,Sales,Sales Team 3,EMEA,Pune,Band 1,Permanent,No,Active
E00209,olu.okafor@example.com,olu.okafor@example.com,+447748728218,L00209,Technology,Technology Team 1,EMEA,London,Band 2,Permanent,No,Active
E00210,noah.dubois@example.com,noah.dubois@example.com,+447756295615,L00210,Operations,Operations Team 2,AMER,Manchester,Band 2,Permanent,Yes,Active
E00211,daniel.dubois@example.com,daniel.dubois@example.com,+447742136752,L00211,Manufacturing,Manufacturing Team 3,AMER,Remote,Band 2,Permanent,Yes,Active
E00212,bruno.rossi3@example.com,bruno.rossi3@example.com,+447762133333,L00212,Marketing,Marketing Team 1,AMER,Singapore,Band 2,Permanent,Yes,Active
E00213,viktor.lopez@example.com,viktor.lopez@example.com,+447784454702,L00213,Sales,Sales Team 4,EMEA,Sao Paulo,Band 1,Permanent,No,Active
E00214,quinn.zhang@example.com,quinn.zhang@example.com,+447716769987,L00214,Manufacturing,Manufacturing Team 3,EMEA,Pune,Band 1,Permanent,No,Active
E00215,ben.okafor2@example.com,ben.okafor2@example.com,+447795736112,L00215,Sales,Sales Team 1,EMEA,London,Band 1,Permanent,No,Active
E00216,noah.lopez2@example.com,noah.lopez2@example.com,+447749900448,L00216,HR,HR Team 1,APAC,Sao Paulo,Band 2,Permanent,No,Active
E00217,kira.tanaka@example.com,kira.tanaka@example.com,+447776624389,L00217,Technology,Technology Team 3,EMEA,Chicago,Band 2,Contractor,Yes,Active
E00218,ben.brown@example.com,ben.brown@example.com,+447795086741,L00218,Sales,Sales Team 1,EMEA,Singapore,Band 2,Permanent,No,Active
E00219,farid.tanaka@example.com,farid.tanaka@example.com,+447743189555,L00219,Manufacturing,Manufacturing Team 1,EMEA,Manchester,Band 3,Contractor,Yes,Active
E00220,hiro.chen2@example.com,hiro.chen2@example.com,+447799154648,L00220,Finance,Finance Team 4,APAC,Sao Paulo,Band 2,Permanent,No,Active
E00221,xenia.ahmed@example.com,xenia.ahmed@example.com,+447737531403,L00221,Operations,Operations Team 1,AMER,Remote,Band 3,Permanent,No,Active
E00222,zoe.brown@example.com,zoe.brown@example.com,+447725119754,L00222,Manufacturing,Manufacturing Team 3,EMEA,Sao Paulo,Band 2,Permanent,No,Active
E00223,aisha.brown@example.com,aisha.brown@example.com,+447756352210,L00223,Marketing,Marketing Team 1,EMEA,Chicago,Band 4,Permanent,Yes,Active
E00224,olu.muller@example.com,olu.muller@example.com,+447738499900,L00224,Sales,Sales Team 1,AMER,Singapore,Band 4,Permanent,No,Active
E00225,farid.hansen@example.com,farid.hansen@example.com,+447713317267,L00225,Manufacturing,Manufacturing Team 1,EMEA,London,Band 3,Permanent,Yes,Active
E00226,priya.kowalski@example.com,priya.kowalski@example.com,+447710914221,L00226,Marketing,Marketing Team 3,EMEA,Manchester,Band 3,Permanent,No,Active
E00227,amara.brown@example.com,amara.brown@example.com,+447739208955,L00227,Finance,Finance Team 3,EMEA,Remote,Band 2,Permanent,No,Active
E00228,wei.chen@example.com,wei.chen@example.com,+447798619144,L00228,Manufacturing,Manufacturing Team 1,AMER,London,Band 2,Permanent,No,Active
E00229,priya.ahmed2@example.com,priya.ahmed2@example.com,+447748188251,L00229,Manufacturing,Manufacturing Team 2,EMEA,London,Band 3,Permanent,Yes,Active
E00230,hiro.walsh@example.com,hiro.walsh@example.com,+447730382859,L00230,Marketing,Marketing Team 4,AMER,Pune,Band 4,Fixed Term,No,Active
E00231,yusuf.okafor@example.com,yusuf.okafor@example.com,+447745901540,L00231,Finance,Finance Team 3,EMEA,Sao Paulo,Band 2,Permanent,No,Active
E00232,farid.kowalski2@example.com,farid.kowalski2@example.com,+447760719475,L00232,HR,HR Team 3,AMER,London,Band 2,Permanent,No,Active
E00233,cara.jensen@example.com,cara.jensen@example.com,+447728780363,L00233,Operations,Operations Team 4,EMEA,Pune,Band 1,Permanent,Yes,Active
E00234,noah.iyer@example.com,noah.iyer@example.com,+447727846301,L00234,Finance,Finance Team 3,EMEA,Manchester,Band 1,Permanent,No,Active
E00235,amara.ahmed@example.com,amara.ahmed@example.com,+447752505094,L00235,Technology,Technology Team 3,AMER,Singapore,Band 4,Permanent,No,Active
E00236,uma.ueda@example.com,uma.ueda@example.com,+447751246945,L00236,Manufacturing,Manufacturing Team 2,EMEA,Pune,Band 2,Permanent,No,Active
E00237,kira.yilmaz@example.com,kira.yilmaz@example.com,+447786074187,L00237,Technology,Technology Team 2,AMER,London,Band 1,Permanent,No,Active
E00238,tariq.okafor@example.com,tariq.okafor@example.com,+447743814476,L00238,Manufacturing,Manufacturing Team 2,EMEA,Chicago,Band 1,Permanent,No,Active
E00239,bruno.garcia@example.com,bruno.garcia@example.com,+447718270888,L00239,Sales,Sales Team 2,EMEA,Manchester,Band 2,Permanent,No,Active
E00240,maya.garcia@example.com,maya.garcia@example.com,+447768858649,L00240,Manufacturing,Manufacturing Team 1,APAC,Sao Paulo,Band 2,Permanent,Yes,Active
E00241,tariq.evans2@example.com,tariq.evans2@example.com,+447720137513,L00241,Sales,Sales Team 2,EMEA,Chicago,Band 3,Permanent,No,Active
E00242,tariq.muller@example.com,tariq.muller@example.com,+447781886737,L00242,Finance,Finance Team 4,AMER,London,Band 1,Permanent,No,Active
E00243,hiro.zhang@example.com,hiro.zhang@example.com,+447784764247,L00243,Finance,Finance Team 4,LATAM,Sao Paulo,Band 1,Fixed Term,Yes,Active
E00244,amara.lopez@example.com,amara.lopez@example.com,+447728648319,L00244,HR,HR Team 3,EMEA,Manchester,Band 3,Permanent,No,Active
E00245,uma.tanaka@example.com,uma.tanaka@example.com,+447789334382,L00245,Marketing,Marketing Team 4,EMEA,Sao Paulo,Band 2,Fixed Term,Yes,Active
E00246,daniel.vargas@example.com,daniel.vargas@example.com,+447750570755,L00246,Technology,Technology Team 3,EMEA,Pune,Band 1,Permanent,No,Active
E00247,zoe.novak2@example.com,zoe.novak2@example.com,+447712368168,L00247,Manufacturing,Manufacturing Team 3,AMER,Pune,Band 2,Permanent,No,Active
E00248,sam.okafor@example.com,sam.okafor@example.com,+447722484477,L00248,Manufacturing,Manufacturing Team 3,APAC,Manchester,Band 3,Contractor,Yes,Active
E00249,priya.tanaka@example.com,priya.tanaka@example.com,+447715729355,L00249,Operations,Operations Team 1,EMEA,Sao Paulo,Band 1,Permanent,No,Active
E00250,elena.novak@example.com,elena.novak@example.com,+447751142306,L00250,Marketing,Marketing Team 3,LATAM,Chicago,Exec,Permanent,No,Active
E00251,jonas.garcia@example.com,jonas.garcia@example.com,+447716646196,L00251,Manufacturing,Manufacturing Team 4,AMER,Chicago,Band 4,Fixed Term,No,Active
E00252,dmitri.vargas2@example.com,dmitri.vargas2@example.com,+447787771647,L00252,Sales,Sales Team 3,EMEA,Chicago,Band 3,Permanent,No,Active
E00253,daniel.ueda2@example.com,daniel.ueda2@example.com,+447711124342,L00253,Operations,Operations Team 2,AMER,Chicago,Band 1,Permanent,No,Active
E00254,uma.jensen2@example.com,uma.jensen2@example.com,+447781668816,L00254,Manufacturing,Manufacturing Team 1,APAC,Sao Paulo,Band 2,Contractor,No,Active
E00255,chloe.evans@example.com,chloe.evans@example.com,+447731947471,L00255,Finance,Finance Team 3,EMEA,Remote,Band 1,Permanent,No,Active
E00256,jonas.hansen@example.com,jonas.hansen@example.com,+447786110896,L00256,Manufacturing,Manufacturing Team 2,EMEA,Pune,Band 1,Permanent,No,Active
E00257,noah.rossi@example.com,noah.rossi@example.com,+447785137036,L00257,Manufacturing,Manufacturing Team 1,AMER,Remote,Band 2,Permanent,Yes,Active
E00258,daniel.zhang@example.com,daniel.zhang@example.com,+447778876323,L00258,Manufacturing,Manufacturing Team 3,AMER,Pune,Band 1,Permanent,Yes,Active
E00259,priya.okafor@example.com,priya.okafor@example.com,+447717465905,L00259,Manufacturing,Manufacturing Team 4,AMER,London,Band 1,Permanent,No,Active
E00260,viktor.brown3@example.com,viktor.brown3@example.com,+447740068666,L00260,Marketing,Marketing Team 1,EMEA,Singapore,Band 2,Permanent,No,Active
E00261,rosa.muller@example.com,rosa.muller@example.com,+447772946726,L00261,Sales,Sales Team 1,EMEA,Pune,Band 3,Fixed Term,No,Active
E00262,kira.chen@example.com,kira.chen@example.com,+447744843179,L00262,Marketing,Marketing Team 4,APAC,Pune,Band 3,Fixed Term,No,Active
E00263,cara.kowalski2@example.com,cara.kowalski2@example.com,+447733827891,L00263,HR,HR Team 1,EMEA,Manchester,Band 1,Permanent,No,Active
E00264,priya.novak@example.com,priya.novak@example.com,+447739355000,L00264,Marketing,Marketing Team 1,APAC,Chicago,Band 3,Permanent,No,Active
E00265,xenia.evans2@example.com,xenia.evans2@example.com,+447724545242,L00265,Technology,Technology Team 4,AMER,Pune,Band 2,Permanent,Yes,Active
E00266,elena.ahmed@example.com,elena.ahmed@example.com,+447793681651,L00266,Manufacturing,Manufacturing Team 4,EMEA,Singapore,Band 3,Permanent,No,Active
E00267,maya.chen@example.com,maya.chen@example.com,+447710599538,L00267,Sales,Sales Team 2,LATAM,Pune,Band 1,Permanent,Yes,Active
E00268,zoe.rossi@example.com,zoe.rossi@example.com,+447789045661,L00268,Manufacturing,Manufacturing Team 3,AMER,Chicago,Band 2,Permanent,No,Active
E00269,elena.ueda@example.com,elena.ueda@example.com,+447769217580,L00269,HR,HR Team 2,EMEA,Singapore,Band 1,Permanent,Yes,Active
E00270,wei.yilmaz3@example.com,wei.yilmaz3@example.com,+447717622787,L00270,Technology,Technology Team 1,APAC,Pune,Band 4,Permanent,No,Active
E00271,dmitri.hansen@example.com,dmitri.hansen@example.com,+447759344956,L00271,Technology,Technology Team 2,APAC,Manchester,Band 2,Permanent,No,Active
E00272,bruno.muller@example.com,bruno.muller@example.com,+447728859801,L00272,Finance,Finance Team 1,EMEA,London,Band 2,Permanent,No,Active
E00273,liam.tanaka2@example.com,liam.tanaka2@example.com,+447772828152,L00273,Technology,Technology Team 2,EMEA,Manchester,Band 1,Permanent,No,Active
E00274,quinn.lopez@example.com,quinn.lopez@example.com,+447753070975,L00274,Sales,Sales Team 1,AMER,Sao Paulo,Band 1,Permanent,No,Active
E00275,xenia.vargas3@example.com,xenia.vargas3@example.com,+447767176240,L00275,Technology,Technology Team 3,AMER,London,Band 1,Contractor,No,Active
E00276,liam.rossi@example.com,liam.rossi@example.com,+447726379253,L00276,Manufacturing,Manufacturing Team 4,EMEA,Remote,Band 3,Permanent,Yes,Active
E00277,jonas.yilmaz2@example.com,jonas.yilmaz2@example.com,+447799031506,L00277,Legal,Legal Team 4,AMER,Pune,Band 3,Permanent,Yes,Active
E00278,aisha.garcia@example.com,aisha.garcia@example.com,+447712199584,L00278,Marketing,Marketing Team 1,AMER,London,Band 2,Permanent,No,Active
E00279,sam.tanaka@example.com,sam.tanaka@example.com,+447757027398,L00279,Finance,Finance Team 4,EMEA,Chicago,Band 3,Permanent,No,Active
E00280,farid.okafor@example.com,farid.okafor@example.com,+447743780670,L00280,Marketing,Marketing Team 1,AMER,Pune,Band 3,Permanent,No,Active
E00281,aisha.garcia2@example.com,aisha.garcia2@example.com,+447748397596,L00281,Legal,Legal Team 3,AMER,London,Band 1,Permanent,No,Active
E00282,hiro.rossi@example.com,hiro.rossi@example.com,+447725188815,L00282,HR,HR Team 3,EMEA,Pune,Band 1,Permanent,No,Active
E00283,wei.chen2@example.com,wei.chen2@example.com,+447746182024,L00283,Technology,Technology Team 1,EMEA,Manchester,Band 1,Permanent,No,Active
E00284,zoe.kowalski@example.com,zoe.kowalski@example.com,+447758771245,L00284,Manufacturing,Manufacturing Team 3,EMEA,Chicago,Band 3,Permanent,No,Active
E00285,chloe.iyer@example.com,chloe.iyer@example.com,+447730065439,L00285,Manufacturing,Manufacturing Team 4,EMEA,Sao Paulo,Band 1,Permanent,Yes,Active
E00286,jonas.novak@example.com,jonas.novak@example.com,+447792481648,L00286,HR,HR Team 3,LATAM,London,Band 4,Permanent,Yes,Active
E00287,priya.iyer@example.com,priya.iyer@example.com,+447713699059,L00287,Operations,Operations Team 1,APAC,Singapore,Band 1,Permanent,No,Active
E00288,ben.brown2@example.com,ben.brown2@example.com,+447720375061,L00288,Sales,Sales Team 3,AMER,Pune,Band 1,Permanent,No,Active
E00289,priya.evans@example.com,priya.evans@example.com,+447748868529,L00289,Operations,Operations Team 3,APAC,London,Band 3,Fixed Term,Yes,Active
E00290,yusuf.fischer@example.com,yusuf.fischer@example.com,+447719749768,L00290,Manufacturing,Manufacturing Team 3,EMEA,Remote,Band 4,Permanent,No,Active
E00291,xenia.kowalski@example.com,xenia.kowalski@example.com,+447746325984,L00291,Manufacturing,Manufacturing Team 1,AMER,Remote,Band 2,Permanent,No,Active
E00292,noah.hansen@example.com,noah.hansen@example.com,+447792953411,L00292,Technology,Technology Team 1,AMER,London,Band 3,Permanent,No,Active
E00293,xenia.vargas4@example.com,xenia.vargas4@example.com,+447726688194,L00293,Operations,Operations Team 4,EMEA,Singapore,Band 2,Permanent,Yes,Active
E00294,xenia.garcia@example.com,xenia.garcia@example.com,+447742715474,L00294,Manufacturing,Manufacturing Team 4,AMER,Chicago,Band 1,Permanent,No,Active
E00295,noah.zhang@example.com,noah.zhang@example.com,+447731767924,L00295,Manufacturing,Manufacturing Team 3,APAC,Chicago,Band 2,Permanent,No,Active
E00296,maya.brown@example.com,maya.brown@example.com,+447776944021,L00296,Manufacturing,Manufacturing Team 2,AMER,London,Band 1,Permanent,No,Active
E00297,daniel.evans@example.com,daniel.evans@example.com,+447775738687,L00297,Manufacturing,Manufacturing Team 1,EMEA,Singapore,Band 1,Fixed Term,Yes,Active
E00298,hiro.vargas2@example.com,hiro.vargas2@example.com,+447795013517,L00298,Manufacturing,Manufacturing Team 3,EMEA,Pune,Band 3,Fixed Term,No,Active
E00299,yusuf.muller@example.com,yusuf.muller@example.com,+447746599620,L00299,Marketing,Marketing Team 2,EMEA,Pune,Exec,Contractor,No,Active
E00300,hiro.kowalski@example.com,hiro.kowalski@example.com,+447771276044,L00300,Operations,Operations Team 2,EMEA,Chicago,Band 3,Permanent,No,Active
E00301,chloe.okafor2@example.com,chloe.okafor2@example.com,+447779414194,L00301,Manufacturing,Manufacturing Team 2,EMEA,Pune,Band 3,Permanent,No,Active
E00302,yusuf.rossi@example.com,yusuf.rossi@example.com,+447795704884,L00302,Finance,Finance Team 3,EMEA,Remote,Band 2,Permanent,Yes,Active
E00303,kira.iyer@example.com,kira.iyer@example.com,+447751586902,L00303,Manufacturing,Manufacturing Team 1,EMEA,Remote,Band 2,Permanent,Yes,Active
E00304,rosa.kowalski2@example.com,rosa.kowalski2@example.com,+447746953474,L00304,Finance,Finance Team 3,EMEA,London,Band 3,Permanent,No,Active
E00305,yusuf.walsh@example.com,yusuf.walsh@example.com,+447711207419,L00305,HR,HR Team 3,AMER,Remote,Exec,Permanent,No,Active
E00306,daniel.silva@example.com,daniel.silva@example.com,+447790112856,L00306,Finance,Finance Team 2,AMER,London,Band 2,Permanent,No,Active
E00307,aisha.rossi2@example.com,aisha.rossi2@example.com,+447758411407,L00307,Manufacturing,Manufacturing Team 2,APAC,Singapore,Band 2,Fixed Term,No,Active
E00308,bruno.tanaka@example.com,bruno.tanaka@example.com,+447714622234,L00308,HR,HR Team 2,AMER,Chicago,Band 3,Permanent,No,Active
E00309,quinn.yilmaz2@example.com,quinn.yilmaz2@example.com,+447713620698,L00309,Manufacturing,Manufacturing Team 2,AMER,Manchester,Band 3,Fixed Term,No,Active
E00310,bruno.ahmed@example.com,bruno.ahmed@example.com,+447786131551,L00310,Finance,Finance Team 2,EMEA,Singapore,Band 3,Permanent,No,Active
E00311,farid.jensen@example.com,farid.jensen@example.com,+447736372561,L00311,Technology,Technology Team 3,EMEA,Sao Paulo,Band 2,Permanent,No,Active
E00312,jonas.novak2@example.com,jonas.novak2@example.com,+447716229213,L00312,Finance,Finance Team 2,EMEA,Sao Paulo,Band 2,Permanent,No,Active
E00313,liam.novak@example.com,liam.novak@example.com,+447740779165,L00313,Manufacturing,Manufacturing Team 3,EMEA,Pune,Band 1,Contractor,No,Active
E00314,elena.rossi@example.com,elena.rossi@example.com,+447760745848,L00314,Technology,Technology Team 3,EMEA,Remote,Band 1,Fixed Term,No,Active
E00315,viktor.patel3@example.com,viktor.patel3@example.com,+447755142745,L00315,Legal,Legal Team 4,AMER,London,Exec,Permanent,No,Active
E00316,hiro.iyer@example.com,hiro.iyer@example.com,+447754767028,L00316,Sales,Sales Team 4,EMEA,Pune,Band 1,Permanent,Yes,Active
E00317,aisha.ueda@example.com,aisha.ueda@example.com,+447723181204,L00317,Manufacturing,Manufacturing Team 3,EMEA,Manchester,Band 4,Permanent,No,Active
E00318,viktor.okafor2@example.com,viktor.okafor2@example.com,+447733347708,L00318,Finance,Finance Team 3,AMER,Singapore,Band 1,Contractor,Yes,Active
E00319,tariq.rossi@example.com,tariq.rossi@example.com,+447722501147,L00319,Finance,Finance Team 2,EMEA,London,Band 3,Permanent,No,Active
E00320,zoe.patel@example.com,zoe.patel@example.com,+447715036966,L00320,Manufacturing,Manufacturing Team 4,EMEA,Manchester,Band 1,Permanent,No,Active
E00321,maya.dubois@example.com,maya.dubois@example.com,+447740117844,L00321,Marketing,Marketing Team 2,EMEA,London,Band 1,Permanent,Yes,Active
E00322,tariq.hansen@example.com,tariq.hansen@example.com,+447744331269,L00322,Marketing,Marketing Team 2,AMER,Pune,Band 2,Permanent,No,Active
E00323,kira.ueda2@example.com,kira.ueda2@example.com,+447747153555,L00323,Operations,Operations Team 3,APAC,Singapore,Band 3,Permanent,Yes,Active
E00324,jonas.muller@example.com,jonas.muller@example.com,+447751202838,L00324,Finance,Finance Team 3,APAC,Chicago,Band 1,Permanent,No,Active
E00325,sam.chen@example.com,sam.chen@example.com,+447778436358,L00325,HR,HR Team 4,EMEA,Manchester,Band 3,Permanent,No,Active
E00326,aisha.evans@example.com,aisha.evans@example.com,+447743718536,L00326,Technology,Technology Team 4,AMER,Singapore,Band 4,Permanent,No,Active
E00327,wei.tanaka2@example.com,wei.tanaka2@example.com,+447720371701,L00327,Technology,Technology Team 4,EMEA,Pune,Band 1,Permanent,Yes,Active
E00328,kira.garcia@example.com,kira.garcia@example.com,+447756620316,L00328,Technology,Technology Team 3,EMEA,Manchester,Band 2,Permanent,No,Active
E00329,elena.muller2@example.com,elena.muller2@example.com,+447737001017,L00329,Legal,Legal Team 2,EMEA,London,Band 1,Permanent,No,Active
E00330,jonas.kowalski3@example.com,jonas.kowalski3@example.com,+447730695428,L00330,Manufacturing,Manufacturing Team 2,AMER,London,Band 2,Permanent,No,Active
E00331,xenia.chen3@example.com,xenia.chen3@example.com,+447743716911,L00331,Technology,Technology Team 4,EMEA,Singapore,Band 1,Fixed Term,No,Active
E00332,chloe.brown@example.com,chloe.brown@example.com,+447772165065,L00332,Finance,Finance Team 2,AMER,Singapore,Band 2,Permanent,No,Active
E00333,amara.rossi2@example.com,amara.rossi2@example.com,+447756811705,L00333,Marketing,Marketing Team 1,AMER,Sao Paulo,Band 3,Permanent,No,Active
E00334,daniel.chen2@example.com,daniel.chen2@example.com,+447737784029,L00334,Finance,Finance Team 3,AMER,Remote,Band 2,Permanent,No,Active
E00335,liam.kowalski@example.com,liam.kowalski@example.com,+447721908843,L00335,Manufacturing,Manufacturing Team 4,AMER,Pune,Band 2,Permanent,No,Active
E00336,cara.lopez@example.com,cara.lopez@example.com,+447782221079,L00336,Manufacturing,Manufacturing Team 4,APAC,Remote,Band 2,Permanent,No,Active
E00337,farid.vargas@example.com,farid.vargas@example.com,+447710853128,L00337,Finance,Finance Team 4,EMEA,Chicago,Band 2,Permanent,No,Active
E00338,hiro.zhang2@example.com,hiro.zhang2@example.com,+447744666880,L00338,Sales,Sales Team 1,EMEA,Chicago,Band 2,Permanent,No,Active
E00339,jonas.chen@example.com,jonas.chen@example.com,+447731394308,L00339,Operations,Operations Team 2,AMER,Manchester,Band 1,Permanent,Yes,Active
E00340,priya.hansen@example.com,priya.hansen@example.com,+447723093728,L00340,Finance,Finance Team 3,EMEA,Sao Paulo,Band 1,Permanent,Yes,Active
E00341,wei.hansen2@example.com,wei.hansen2@example.com,+447732640386,L00341,Sales,Sales Team 1,AMER,Pune,Band 1,Permanent,No,Active
E00342,uma.dubois@example.com,uma.dubois@example.com,+447741060158,L00342,Sales,Sales Team 2,EMEA,Chicago,Band 4,Permanent,No,Active
E00343,viktor.zhang@example.com,viktor.zhang@example.com,+447755927929,L00343,Manufacturing,Manufacturing Team 2,LATAM,Pune,Band 3,Fixed Term,Yes,Active
E00344,uma.chen@example.com,uma.chen@example.com,+447752998781,L00344,Marketing,Marketing Team 1,APAC,Singapore,Band 2,Contractor,No,Active
E00345,xenia.yilmaz@example.com,xenia.yilmaz@example.com,+447725607495,L00345,Manufacturing,Manufacturing Team 2,EMEA,London,Band 3,Permanent,No,Active
E00346,dmitri.zhang@example.com,dmitri.zhang@example.com,+447753676343,L00346,Operations,Operations Team 3,EMEA,Singapore,Band 3,Permanent,No,Active
E00347,dmitri.ahmed@example.com,dmitri.ahmed@example.com,+447775612139,L00347,Marketing,Marketing Team 1,APAC,Chicago,Band 3,Permanent,No,Active
E00348,priya.kowalski2@example.com,priya.kowalski2@example.com,+447745551426,L00348,Operations,Operations Team 1,EMEA,Singapore,Band 1,Permanent,No,Active
E00349,hiro.patel2@example.com,hiro.patel2@example.com,+447754738612,L00349,Sales,Sales Team 2,EMEA,Manchester,Band 1,Permanent,No,Active
E00350,zoe.tanaka@example.com,zoe.tanaka@example.com,+447799633513,L00350,Marketing,Marketing Team 4,LATAM,London,Band 2,Permanent,Yes,Active
E00351,elena.fischer@example.com,elena.fischer@example.com,+447720939424,L00351,Operations,Operations Team 2,AMER,Chicago,Band 3,Permanent,No,Active
E00352,rosa.tanaka@example.com,rosa.tanaka@example.com,+447762477690,L00352,Operations,Operations Team 2,AMER,Singapore,Band 2,Permanent,No,Active
E00353,jonas.walsh3@example.com,jonas.walsh3@example.com,+447744799500,L00353,Manufacturing,Manufacturing Team 2,EMEA,Pune,Band 2,Permanent,No,Active
E00354,grace.yilmaz@example.com,grace.yilmaz@example.com,+447796458560,L00354,Marketing,Marketing Team 4,AMER,Singapore,Band 1,Permanent,Yes,Active
E00355,ben.evans2@example.com,ben.evans2@example.com,+447779939998,L00355,Legal,Legal Team 3,APAC,London,Band 1,Permanent,No,Active
E00356,kira.walsh@example.com,kira.walsh@example.com,+447785158288,L00356,Manufacturing,Manufacturing Team 4,AMER,Manchester,Band 2,Permanent,No,Active
E00357,kira.brown@example.com,kira.brown@example.com,+447719626245,L00357,Technology,Technology Team 2,APAC,London,Band 1,Permanent,No,Active
E00358,zoe.evans@example.com,zoe.evans@example.com,+447779194849,L00358,Finance,Finance Team 4,AMER,Singapore,Band 4,Permanent,No,Active
E00359,zoe.brown2@example.com,zoe.brown2@example.com,+447745617873,L00359,Finance,Finance Team 1,EMEA,London,Band 4,Permanent,No,Active
E00360,dmitri.muller@example.com,dmitri.muller@example.com,+447784076838,L00360,Operations,Operations Team 3,EMEA,Singapore,Band 1,Permanent,No,Active
E00361,tariq.yilmaz@example.com,tariq.yilmaz@example.com,+447725057039,L00361,Manufacturing,Manufacturing Team 1,EMEA,London,Band 2,Permanent,No,Active
E00362,noah.ueda@example.com,noah.ueda@example.com,+447792643977,L00362,Technology,Technology Team 2,APAC,Chicago,Band 4,Permanent,No,Active
E00363,hiro.dubois@example.com,hiro.dubois@example.com,+447792357192,L00363,Manufacturing,Manufacturing Team 1,AMER,Manchester,Band 4,Permanent,No,Active
E00364,aisha.jensen2@example.com,aisha.jensen2@example.com,+447726368161,L00364,Technology,Technology Team 3,EMEA,Pune,Band 1,Contractor,No,Active
E00365,grace.patel@example.com,grace.patel@example.com,+447758811403,L00365,Manufacturing,Manufacturing Team 1,EMEA,Manchester,Band 4,Permanent,Yes,Active
E00366,daniel.ueda3@example.com,daniel.ueda3@example.com,+447724829869,L00366,Sales,Sales Team 3,APAC,Remote,Band 4,Permanent,No,Active
E00367,uma.novak@example.com,uma.novak@example.com,+447759837532,L00367,Manufacturing,Manufacturing Team 2,EMEA,London,Band 1,Fixed Term,No,Active
E00368,kira.novak@example.com,kira.novak@example.com,+447760021387,L00368,Marketing,Marketing Team 4,EMEA,Chicago,Band 4,Permanent,No,Active
E00369,chloe.muller2@example.com,chloe.muller2@example.com,+447790947977,L00369,Operations,Operations Team 4,EMEA,London,Band 3,Permanent,No,Active
E00370,daniel.iyer@example.com,daniel.iyer@example.com,+447712909528,L00370,Manufacturing,Manufacturing Team 3,EMEA,Remote,Band 2,Permanent,No,Active
E00371,rosa.okafor3@example.com,rosa.okafor3@example.com,+447773934668,L00371,HR,HR Team 1,EMEA,Remote,Band 2,Permanent,No,Active
E00372,ben.ahmed2@example.com,ben.ahmed2@example.com,+447736126209,L00372,Operations,Operations Team 2,EMEA,Manchester,Band 1,Permanent,No,Active
E00373,ben.ueda@example.com,ben.ueda@example.com,+447778878400,L00373,Manufacturing,Manufacturing Team 4,AMER,Sao Paulo,Band 1,Permanent,No,Active
E00374,liam.ueda@example.com,liam.ueda@example.com,+447710249333,L00374,Manufacturing,Manufacturing Team 4,EMEA,Chicago,Band 2,Permanent,Yes,Active
E00375,xenia.garcia2@example.com,xenia.garcia2@example.com,+447759471081,L00375,Operations,Operations Team 2,AMER,London,Band 2,Permanent,No,Active
E00376,viktor.silva@example.com,viktor.silva@example.com,+447769026293,L00376,Sales,Sales Team 1,EMEA,Pune,Band 3,Permanent,No,Active
E00377,bruno.ueda2@example.com,bruno.ueda2@example.com,+447737277627,L00377,Manufacturing,Manufacturing Team 4,APAC,Chicago,Band 3,Permanent,Yes,Active
E00378,elena.fischer2@example.com,elena.fischer2@example.com,+447799061060,L00378,Operations,Operations Team 2,AMER,Chicago,Band 4,Fixed Term,Yes,Active
E00379,liam.jensen@example.com,liam.jensen@example.com,+447761365654,L00379,Operations,Operations Team 4,EMEA,Remote,Band 2,Permanent,No,Active
E00380,yusuf.rossi2@example.com,yusuf.rossi2@example.com,+447790090160,L00380,Manufacturing,Manufacturing Team 2,EMEA,Singapore,Band 2,Permanent,Yes,Active
E00381,wei.evans@example.com,wei.evans@example.com,+447768713357,L00381,Manufacturing,Manufacturing Team 3,AMER,Sao Paulo,Band 1,Fixed Term,No,Active
E00382,liam.brown@example.com,liam.brown@example.com,+447710192714,L00382,Sales,Sales Team 3,EMEA,London,Band 1,Permanent,No,Active
E00383,daniel.zhang2@example.com,daniel.zhang2@example.com,+447764404486,L00383,Operations,Operations Team 3,EMEA,Chicago,Band 2,Permanent,Yes,Active
E00384,priya.novak2@example.com,priya.novak2@example.com,+447790363903,L00384,Manufacturing,Manufacturing Team 3,EMEA,London,Band 3,Permanent,Yes,Active
E00385,ines.tanaka@example.com,ines.tanaka@example.com,+447733842218,L00385,Sales,Sales Team 1,EMEA,London,Band 2,Permanent,No,Active
E00386,quinn.rossi2@example.com,quinn.rossi2@example.com,+447721099090,L00386,Sales,Sales Team 2,APAC,Remote,Band 3,Permanent,No,Active
E00387,cara.okafor@example.com,cara.okafor@example.com,+447714557649,L00387,Sales,Sales Team 3,EMEA,Singapore,Band 1,Fixed Term,No,Active
E00388,maya.patel@example.com,maya.patel@example.com,+447782023119,L00388,Operations,Operations Team 4,EMEA,London,Band 1,Permanent,No,Active
E00389,wei.zhang@example.com,wei.zhang@example.com,+447759312132,L00389,Finance,Finance Team 2,EMEA,Chicago,Band 1,Permanent,No,Active
E00390,ines.fischer2@example.com,ines.fischer2@example.com,+447744938819,L00390,Manufacturing,Manufacturing Team 3,EMEA,Chicago,Band 3,Contractor,No,Active
E00391,chloe.ueda@example.com,chloe.ueda@example.com,+447735617367,L00391,Sales,Sales Team 3,EMEA,Pune,Band 1,Permanent,No,Active
E00392,priya.ahmed3@example.com,priya.ahmed3@example.com,+447745226020,L00392,Sales,Sales Team 3,EMEA,Pune,Band 4,Fixed Term,No,Active
E00393,amara.dubois2@example.com,amara.dubois2@example.com,+447765537326,L00393,Manufacturing,Manufacturing Team 2,EMEA,Manchester,Band 1,Permanent,No,Active
E00394,noah.tanaka@example.com,noah.tanaka@example.com,+447735281988,L00394,Manufacturing,Manufacturing Team 3,AMER,Manchester,Band 1,Permanent,No,Active
E00395,cara.iyer3@example.com,cara.iyer3@example.com,+447769587716,L00395,Technology,Technology Team 2,AMER,Manchester,Band 2,Permanent,Yes,Active
E00396,amara.rossi3@example.com,amara.rossi3@example.com,+447714356024,L00396,Manufacturing,Manufacturing Team 3,AMER,Sao Paulo,Band 1,Permanent,No,Active
E00397,rosa.iyer2@example.com,rosa.iyer2@example.com,+447745799128,L00397,Operations,Operations Team 2,APAC,Remote,Band 1,Permanent,No,Active
E00398,xenia.walsh@example.com,xenia.walsh@example.com,+447746331869,L00398,Operations,Operations Team 1,APAC,London,Exec,Permanent,No,Active
E00399,ines.yilmaz@example.com,ines.yilmaz@example.com,+447756640871,L00399,Technology,Technology Team 3,APAC,Sao Paulo,Band 1,Permanent,Yes,Active
E00400,ben.ahmed3@example.com,ben.ahmed3@example.com,+447713295595,L00400,Operations,Operations Team 1,EMEA,Remote,Band 2,Permanent,No,Active
E00401,elena.lopez@example.com,elena.lopez@example.com,+447774715639,L00401,Legal,Legal Team 1,EMEA,Pune,Band 1,Permanent,Yes,Active
E00402,tariq.chen@example.com,tariq.chen@example.com,+447785142381,L00402,Finance,Finance Team 4,AMER,Remote,Band 2,Fixed Term,Yes,Active
E00403,farid.vargas2@example.com,farid.vargas2@example.com,+447741225101,L00403,Operations,Operations Team 1,APAC,Remote,Band 1,Fixed Term,No,Active
E00404,aisha.hansen@example.com,aisha.hansen@example.com,+447789990742,L00404,Operations,Operations Team 2,EMEA,Chicago,Band 2,Permanent,No,Active
E00405,aisha.ahmed2@example.com,aisha.ahmed2@example.com,+447754319734,L00405,Operations,Operations Team 1,EMEA,Manchester,Band 2,Permanent,No,Active
E00406,jonas.dubois@example.com,jonas.dubois@example.com,+447727793378,L00406,Manufacturing,Manufacturing Team 2,APAC,Chicago,Band 1,Permanent,No,Active
E00407,wei.fischer2@example.com,wei.fischer2@example.com,+447781454452,L00407,Manufacturing,Manufacturing Team 1,APAC,Sao Paulo,Band 2,Permanent,No,Active
E00408,aisha.silva2@example.com,aisha.silva2@example.com,+447795054639,L00408,Technology,Technology Team 2,AMER,London,Band 2,Permanent,No,Active
E00409,daniel.dubois2@example.com,daniel.dubois2@example.com,+447712496243,L00409,Manufacturing,Manufacturing Team 4,AMER,Remote,Band 2,Permanent,No,Active
E00410,noah.iyer2@example.com,noah.iyer2@example.com,+447737350999,L00410,Manufacturing,Manufacturing Team 1,AMER,Remote,Band 3,Permanent,No,Active
E00411,ben.silva3@example.com,ben.silva3@example.com,+447770034452,L00411,Operations,Operations Team 1,APAC,Pune,Band 3,Permanent,No,Active
E00412,elena.vargas@example.com,elena.vargas@example.com,+447754600665,L00412,Sales,Sales Team 2,AMER,Singapore,Band 1,Permanent,No,Active
E00413,daniel.silva2@example.com,daniel.silva2@example.com,+447779980747,L00413,Manufacturing,Manufacturing Team 1,APAC,Chicago,Band 2,Permanent,No,Active
E00414,bruno.dubois@example.com,bruno.dubois@example.com,+447781109519,L00414,Manufacturing,Manufacturing Team 3,EMEA,Sao Paulo,Band 1,Permanent,No,Active
E00415,sam.silva2@example.com,sam.silva2@example.com,+447719076123,L00415,HR,HR Team 4,EMEA,Sao Paulo,Band 3,Permanent,No,Active
E00416,rosa.chen2@example.com,rosa.chen2@example.com,+447776391077,L00416,Operations,Operations Team 3,APAC,Singapore,Band 1,Contractor,No,Active
E00417,yusuf.dubois@example.com,yusuf.dubois@example.com,+447729959419,L00417,Manufacturing,Manufacturing Team 2,EMEA,Remote,Band 1,Contractor,Yes,Active
E00418,ben.hansen@example.com,ben.hansen@example.com,+447736770839,L00418,Manufacturing,Manufacturing Team 4,APAC,Pune,Band 3,Permanent,No,Active
E00419,chloe.silva@example.com,chloe.silva@example.com,+447753375015,L00419,Legal,Legal Team 1,EMEA,Singapore,Band 1,Permanent,No,Active
E00420,yusuf.chen@example.com,yusuf.chen@example.com,+447774201066,L00420,Technology,Technology Team 2,AMER,Chicago,Band 1,Permanent,Yes,Active
E00421,olu.kowalski@example.com,olu.kowalski@example.com,+447783910275,L00421,Manufacturing,Manufacturing Team 4,EMEA,London,Band 1,Permanent,Yes,Active
E00422,sam.muller@example.com,sam.muller@example.com,+447724464403,L00422,Technology,Technology Team 2,AMER,Chicago,Band 3,Contractor,Yes,Active
E00423,sam.dubois@example.com,sam.dubois@example.com,+447733965978,L00423,Finance,Finance Team 1,EMEA,Chicago,Band 2,Permanent,No,Active
E00424,sam.walsh@example.com,sam.walsh@example.com,+447753811888,L00424,Marketing,Marketing Team 1,APAC,Sao Paulo,Band 1,Permanent,No,Active
E00425,yusuf.rossi3@example.com,yusuf.rossi3@example.com,+447721239549,L00425,Manufacturing,Manufacturing Team 3,EMEA,London,Band 1,Permanent,No,Active
E00426,kira.ueda3@example.com,kira.ueda3@example.com,+447779906162,L00426,Sales,Sales Team 4,EMEA,Singapore,Band 2,Permanent,No,Active
E00427,dmitri.walsh@example.com,dmitri.walsh@example.com,+447761436110,L00427,Operations,Operations Team 1,AMER,Remote,Band 2,Permanent,No,Active
E00428,hiro.lopez2@example.com,hiro.lopez2@example.com,+447797090832,L00428,Technology,Technology Team 4,AMER,London,Band 1,Permanent,No,Active
E00429,yusuf.silva@example.com,yusuf.silva@example.com,+447771162414,L00429,Technology,Technology Team 1,AMER,Chicago,Band 1,Permanent,No,Active
E00430,farid.hansen2@example.com,farid.hansen2@example.com,+447729214392,L00430,Technology,Technology Team 1,EMEA,Pune,Band 2,Permanent,No,Active
E00431,viktor.ueda@example.com,viktor.ueda@example.com,+447774369076,L00431,Operations,Operations Team 3,EMEA,Sao Paulo,Band 2,Permanent,No,Active
E00432,olu.fischer@example.com,olu.fischer@example.com,+447745237512,L00432,Manufacturing,Manufacturing Team 1,EMEA,Chicago,Band 1,Permanent,No,Active
E00433,aisha.patel2@example.com,aisha.patel2@example.com,+447779756905,L00433,Manufacturing,Manufacturing Team 1,EMEA,Remote,Band 1,Permanent,No,Active
E00434,ben.rossi@example.com,ben.rossi@example.com,+447728506872,L00434,Sales,Sales Team 4,AMER,Remote,Band 3,Contractor,No,Active
E00435,farid.ahmed@example.com,farid.ahmed@example.com,+447720939502,L00435,Finance,Finance Team 2,EMEA,Singapore,Band 3,Permanent,No,Active
E00436,ben.dubois4@example.com,ben.dubois4@example.com,+447784206359,L00436,Technology,Technology Team 2,EMEA,Sao Paulo,Band 1,Permanent,No,Active
E00437,ines.novak@example.com,ines.novak@example.com,+447722893283,L00437,Manufacturing,Manufacturing Team 2,APAC,Pune,Band 2,Permanent,No,Active
E00438,ben.hansen2@example.com,ben.hansen2@example.com,+447783511207,L00438,HR,HR Team 1,EMEA,Singapore,Band 2,Permanent,No,Active
E00439,viktor.vargas@example.com,viktor.vargas@example.com,+447731752325,L00439,Manufacturing,Manufacturing Team 4,AMER,Remote,Band 2,Permanent,No,Active
E00440,bruno.muller2@example.com,bruno.muller2@example.com,+447781674022,L00440,Technology,Technology Team 4,AMER,Sao Paulo,Band 2,Permanent,No,Active
E00441,kira.chen2@example.com,kira.chen2@example.com,+447752113784,L00441,HR,HR Team 3,EMEA,Pune,Exec,Permanent,No,Active
E00442,ines.iyer@example.com,ines.iyer@example.com,+447731286844,L00442,HR,HR Team 3,EMEA,Pune,Band 2,Permanent,Yes,Active
E00443,amara.ueda@example.com,amara.ueda@example.com,+447748436251,L00443,Operations,Operations Team 2,AMER,Pune,Band 2,Permanent,No,Active
E00444,daniel.jensen@example.com,daniel.jensen@example.com,+447730139778,L00444,Manufacturing,Manufacturing Team 1,EMEA,Singapore,Band 2,Permanent,No,Active
E00445,daniel.lopez@example.com,daniel.lopez@example.com,+447796357839,L00445,Marketing,Marketing Team 2,AMER,London,Band 1,Fixed Term,Yes,Active
E00446,quinn.evans@example.com,quinn.evans@example.com,+447723460619,L00446,Finance,Finance Team 2,APAC,Pune,Band 3,Fixed Term,No,Active
E00447,daniel.fischer2@example.com,daniel.fischer2@example.com,+447748657275,L00447,Technology,Technology Team 4,EMEA,Singapore,Band 1,Permanent,No,Active
E00448,rosa.walsh@example.com,rosa.walsh@example.com,+447784344095,L00448,Technology,Technology Team 2,EMEA,Remote,Band 2,Permanent,No,Active
E00449,priya.novak3@example.com,priya.novak3@example.com,+447765412373,L00449,Operations,Operations Team 1,AMER,Singapore,Exec,Permanent,No,Active
E00450,xenia.hansen@example.com,xenia.hansen@example.com,+447778362010,L00450,Technology,Technology Team 4,APAC,Pune,Band 2,Permanent,No,Active
E00451,zoe.tanaka2@example.com,zoe.tanaka2@example.com,+447735413216,L00451,Sales,Sales Team 1,APAC,London,Band 1,Permanent,No,Active
E00452,zoe.ahmed@example.com,zoe.ahmed@example.com,+447746654385,L00452,Technology,Technology Team 4,APAC,Remote,Band 3,Contractor,No,Active
E00453,cara.dubois@example.com,cara.dubois@example.com,+447793513897,L00453,Manufacturing,Manufacturing Team 3,AMER,Chicago,Band 3,Permanent,No,Active
E00454,priya.tanaka2@example.com,priya.tanaka2@example.com,+447710714429,L00454,Manufacturing,Manufacturing Team 2,APAC,Singapore,Band 1,Permanent,Yes,Active
E00455,elena.fischer3@example.com,elena.fischer3@example.com,+447799853467,L00455,Technology,Technology Team 2,APAC,Singapore,Band 2,Fixed Term,No,Active
E00456,xenia.novak@example.com,xenia.novak@example.com,+447783148468,L00456,Technology,Technology Team 3,EMEA,Chicago,Band 1,Fixed Term,Yes,Active
E00457,olu.garcia@example.com,olu.garcia@example.com,+447763578232,L00457,Marketing,Marketing Team 4,EMEA,Chicago,Band 2,Permanent,No,Active
E00458,liam.evans@example.com,liam.evans@example.com,+447770531478,L00458,Manufacturing,Manufacturing Team 4,APAC,Singapore,Band 3,Permanent,No,Active
E00459,grace.yilmaz2@example.com,grace.yilmaz2@example.com,+447767002896,L00459,HR,HR Team 4,EMEA,Remote,Band 2,Permanent,No,Active
E00460,ines.novak2@example.com,ines.novak2@example.com,+447715519667,L00460,Manufacturing,Manufacturing Team 1,APAC,Singapore,Band 2,Permanent,No,Active
E00461,bruno.novak@example.com,bruno.novak@example.com,+447733771536,L00461,Sales,Sales Team 1,LATAM,London,Band 2,Permanent,Yes,Active
E00462,viktor.evans@example.com,viktor.evans@example.com,+447723094226,L00462,Marketing,Marketing Team 2,LATAM,Manchester,Band 3,Permanent,No,Active
E00463,ben.evans3@example.com,ben.evans3@example.com,+447717110959,L00463,Finance,Finance Team 4,AMER,Singapore,Band 1,Permanent,No,Active
E00464,amara.fischer@example.com,amara.fischer@example.com,+447791963528,L00464,Marketing,Marketing Team 1,EMEA,Chicago,Band 3,Permanent,No,Active
E00465,kira.rossi@example.com,kira.rossi@example.com,+447744365427,L00465,Legal,Legal Team 3,AMER,Pune,Band 1,Permanent,No,Active
E00466,viktor.rossi2@example.com,viktor.rossi2@example.com,+447737407321,L00466,Operations,Operations Team 1,APAC,London,Band 1,Permanent,No,Active
E00467,kira.brown2@example.com,kira.brown2@example.com,+447743003046,L00467,Sales,Sales Team 3,APAC,Remote,Band 2,Permanent,No,Active
E00468,dmitri.silva@example.com,dmitri.silva@example.com,+447720328044,L00468,Operations,Operations Team 4,LATAM,Singapore,Band 3,Permanent,No,Active
E00469,daniel.evans2@example.com,daniel.evans2@example.com,+447745608930,L00469,Legal,Legal Team 4,EMEA,London,Band 4,Permanent,No,Active
E00470,yusuf.yilmaz@example.com,yusuf.yilmaz@example.com,+447739886054,L00470,Marketing,Marketing Team 4,EMEA,London,Band 1,Permanent,No,Active
E00471,farid.kowalski3@example.com,farid.kowalski3@example.com,+447769432020,L00471,Technology,Technology Team 4,APAC,Sao Paulo,Band 3,Permanent,No,Active
E00472,priya.brown@example.com,priya.brown@example.com,+447725925029,L00472,Finance,Finance Team 2,EMEA,Manchester,Band 3,Permanent,Yes,Active
E00473,quinn.dubois@example.com,quinn.dubois@example.com,+447780943591,L00473,Legal,Legal Team 1,EMEA,Sao Paulo,Band 3,Permanent,No,Active
E00474,ben.zhang3@example.com,ben.zhang3@example.com,+447717437136,L00474,Sales,Sales Team 1,APAC,Manchester,Band 3,Permanent,Yes,Active
E00475,xenia.novak2@example.com,xenia.novak2@example.com,+447797387067,L00475,Marketing,Marketing Team 2,EMEA,London,Band 2,Permanent,No,Active
E00476,rosa.ahmed2@example.com,rosa.ahmed2@example.com,+447725196447,L00476,Marketing,Marketing Team 1,APAC,London,Band 2,Permanent,No,Active
E00477,tariq.ueda@example.com,tariq.ueda@example.com,+447742932219,L00477,Sales,Sales Team 3,EMEA,Manchester,Band 2,Permanent,No,Active
E00478,hiro.vargas3@example.com,hiro.vargas3@example.com,+447768132457,L00478,Marketing,Marketing Team 1,AMER,Singapore,Band 2,Permanent,No,Active
E00479,liam.evans2@example.com,liam.evans2@example.com,+447795353632,L00479,Operations,Operations Team 1,APAC,London,Band 2,Permanent,Yes,Active
E00480,wei.zhang2@example.com,wei.zhang2@example.com,+447773657451,L00480,Manufacturing,Manufacturing Team 2,EMEA,Remote,Band 1,Permanent,No,Active
E00481,wei.iyer@example.com,wei.iyer@example.com,+447721666126,L00481,Operations,Operations Team 4,APAC,Singapore,Band 1,Permanent,No,Active
E00482,rosa.evans@example.com,rosa.evans@example.com,+447717232936,L00482,Sales,Sales Team 2,APAC,Manchester,Band 1,Permanent,No,Active
E00483,jonas.lopez@example.com,jonas.lopez@example.com,+447756947001,L00483,Marketing,Marketing Team 2,EMEA,Sao Paulo,Band 1,Permanent,No,Active
E00484,tariq.fischer@example.com,tariq.fischer@example.com,+447735332717,L00484,Sales,Sales Team 3,EMEA,Manchester,Band 1,Permanent,No,Active
E00485,zoe.walsh@example.com,zoe.walsh@example.com,+447782580362,L00485,Technology,Technology Team 3,AMER,Pune,Band 2,Permanent,No,Active
E00486,sam.walsh2@example.com,sam.walsh2@example.com,+447719601323,L00486,Technology,Technology Team 4,AMER,Pune,Band 2,Fixed Term,No,Active
E00487,zoe.dubois@example.com,zoe.dubois@example.com,+447786431407,L00487,Operations,Operations Team 1,EMEA,Sao Paulo,Band 3,Permanent,Yes,Active
E00488,kira.vargas@example.com,kira.vargas@example.com,+447757289799,L00488,Legal,Legal Team 3,APAC,Manchester,Band 3,Permanent,No,Active
E00489,maya.evans@example.com,maya.evans@example.com,+447714219748,L00489,Marketing,Marketing Team 2,EMEA,Pune,Band 1,Fixed Term,No,Active
E00490,zoe.rossi2@example.com,zoe.rossi2@example.com,+447722244054,L00490,Legal,Legal Team 4,EMEA,Chicago,Band 4,Permanent,Yes,Active
E00491,yusuf.vargas@example.com,yusuf.vargas@example.com,+447730439868,L00491,Operations,Operations Team 1,EMEA,Sao Paulo,Band 2,Permanent,No,Active
E00492,noah.brown@example.com,noah.brown@example.com,+447778739946,L00492,Operations,Operations Team 4,APAC,Sao Paulo,Band 2,Permanent,No,Active
E00493,cara.evans@example.com,cara.evans@example.com,+447741468269,L00493,Sales,Sales Team 1,APAC,Chicago,Band 4,Permanent,No,Active
E00494,priya.hansen2@example.com,priya.hansen2@example.com,+447760546813,L00494,Operations,Operations Team 2,EMEA,Manchester,Band 2,Contractor,No,Active
E00495,viktor.zhang2@example.com,viktor.zhang2@example.com,+447720133253,L00495,Sales,Sales Team 2,AMER,Remote,Band 4,Permanent,No,Active
E00496,hiro.iyer2@example.com,hiro.iyer2@example.com,+447749341557,L00496,Operations,Operations Team 4,APAC,Sao Paulo,Band 1,Permanent,No,Active
E00497,uma.okafor@example.com,uma.okafor@example.com,+447726335354,L00497,Marketing,Marketing Team 3,EMEA,Singapore,Band 1,Permanent,No,Active
E00498,chloe.tanaka@example.com,chloe.tanaka@example.com,+447738999084,L00498,Sales,Sales Team 3,AMER,Singapore,Band 3,Permanent,No,Active
E00499,bruno.hansen@example.com,bruno.hansen@example.com,+447774352293,L00499,Operations,Operations Team 4,EMEA,Remote,Band 1,Permanent,No,Active
E00500,amara.walsh3@example.com,amara.walsh3@example.com,+447751866611,L00500,Manufacturing,Manufacturing Team 3,AMER,Pune,Band 2,Fixed Term,No,Active
E00501,bruno.kowalski2@example.com,bruno.kowalski2@example.com,+447745156637,L00501,Manufacturing,Manufacturing Team 2,EMEA,Manchester,Band 2,Permanent,No,Active
E00502,uma.ueda2@example.com,uma.ueda2@example.com,+447724036776,L00502,Technology,Technology Team 4,EMEA,Pune,Band 2,Permanent,No,Active
E00503,quinn.ahmed@example.com,quinn.ahmed@example.com,+447744665745,L00503,Manufacturing,Manufacturing Team 4,LATAM,Singapore,Band 1,Permanent,No,Active
E00504,tariq.rossi2@example.com,tariq.rossi2@example.com,+447778872351,L00504,Manufacturing,Manufacturing Team 4,AMER,Singapore,Band 2,Fixed Term,No,Active
E00505,chloe.garcia@example.com,chloe.garcia@example.com,+447768079749,L00505,Marketing,Marketing Team 4,EMEA,London,Band 2,Permanent,Yes,Active
E00506,tariq.novak@example.com,tariq.novak@example.com,+447762708775,L00506,Manufacturing,Manufacturing Team 1,LATAM,Singapore,Band 3,Permanent,No,Active
E00507,cara.iyer4@example.com,cara.iyer4@example.com,+447786044677,L00507,Marketing,Marketing Team 2,AMER,Singapore,Band 4,Permanent,No,Active
E00508,bruno.hansen2@example.com,bruno.hansen2@example.com,+447751947302,L00508,Finance,Finance Team 1,APAC,Pune,Band 1,Permanent,No,Active
E00509,uma.ahmed@example.com,uma.ahmed@example.com,+447799651673,L00509,Finance,Finance Team 1,AMER,Remote,Band 3,Permanent,No,Active
E00510,jonas.kowalski4@example.com,jonas.kowalski4@example.com,+447727833071,L00510,Marketing,Marketing Team 4,EMEA,London,Exec,Permanent,Yes,Active
E00511,sam.zhang@example.com,sam.zhang@example.com,+447750410854,L00511,Legal,Legal Team 4,EMEA,Sao Paulo,Band 3,Permanent,No,Active
E00512,chloe.dubois@example.com,chloe.dubois@example.com,+447730116984,L00512,Technology,Technology Team 3,EMEA,Remote,Band 3,Permanent,No,Active
E00513,grace.ueda@example.com,grace.ueda@example.com,+447746572427,L00513,Manufacturing,Manufacturing Team 2,APAC,Singapore,Band 2,Permanent,No,Active
E00514,quinn.jensen@example.com,quinn.jensen@example.com,+447727823901,L00514,Sales,Sales Team 4,EMEA,Pune,Band 3,Permanent,No,Active
E00515,liam.fischer@example.com,liam.fischer@example.com,+447792713545,L00515,Finance,Finance Team 2,AMER,Singapore,Band 1,Contractor,No,Active
E00516,wei.chen3@example.com,wei.chen3@example.com,+447717864914,L00516,Operations,Operations Team 3,APAC,Pune,Band 2,Permanent,No,Active
E00517,ines.fischer3@example.com,ines.fischer3@example.com,+447734211225,L00517,Manufacturing,Manufacturing Team 1,AMER,Remote,Band 1,Permanent,No,Active
E00518,ines.lopez2@example.com,ines.lopez2@example.com,+447795663475,L00518,Sales,Sales Team 3,AMER,Manchester,Band 3,Fixed Term,No,Active
E00519,ines.jensen@example.com,ines.jensen@example.com,+447749587674,L00519,Operations,Operations Team 1,EMEA,Remote,Band 3,Permanent,No,Active
E00520,kira.brown3@example.com,kira.brown3@example.com,+447760643454,L00520,Operations,Operations Team 2,EMEA,Sao Paulo,Band 2,Permanent,No,Active
E00521,yusuf.okafor2@example.com,yusuf.okafor2@example.com,+447796300955,L00521,Manufacturing,Manufacturing Team 4,EMEA,Manchester,Band 1,Permanent,No,Active
E00522,ben.rossi2@example.com,ben.rossi2@example.com,+447775102278,L00522,Sales,Sales Team 4,APAC,Singapore,Band 1,Permanent,No,Active
E00523,olu.ueda@example.com,olu.ueda@example.com,+447714821672,L00523,Marketing,Marketing Team 4,EMEA,Pune,Band 3,Contractor,No,Active
E00524,elena.jensen@example.com,elena.jensen@example.com,+447787513958,L00524,Operations,Operations Team 2,EMEA,Remote,Band 1,Permanent,No,Active
E00525,xenia.yilmaz2@example.com,xenia.yilmaz2@example.com,+447741072352,L00525,Manufacturing,Manufacturing Team 1,EMEA,Sao Paulo,Band 3,Permanent,No,Active
E00526,noah.walsh@example.com,noah.walsh@example.com,+447761362736,L00526,Marketing,Marketing Team 2,AMER,Remote,Band 1,Permanent,No,Active
E00527,quinn.fischer@example.com,quinn.fischer@example.com,+447716390635,L00527,Manufacturing,Manufacturing Team 4,APAC,Manchester,Band 2,Permanent,Yes,Active
E00528,tariq.dubois@example.com,tariq.dubois@example.com,+447710721821,L00528,Manufacturing,Manufacturing Team 4,APAC,Manchester,Band 1,Permanent,No,Active
E00529,noah.novak@example.com,noah.novak@example.com,+447746929143,L00529,Manufacturing,Manufacturing Team 2,EMEA,Sao Paulo,Band 4,Fixed Term,No,Active
E00530,dmitri.hansen2@example.com,dmitri.hansen2@example.com,+447746065567,L00530,Sales,Sales Team 2,AMER,London,Band 1,Permanent,No,Active
E00531,cara.chen@example.com,cara.chen@example.com,+447728130875,L00531,Manufacturing,Manufacturing Team 1,EMEA,Singapore,Band 2,Contractor,Yes,Active
E00532,tariq.kowalski@example.com,tariq.kowalski@example.com,+447730481241,L00532,Operations,Operations Team 2,EMEA,Sao Paulo,Band 1,Permanent,No,Active
E00533,amara.hansen@example.com,amara.hansen@example.com,+447780180195,L00533,Manufacturing,Manufacturing Team 1,AMER,London,Band 1,Permanent,No,Active
E00534,wei.silva@example.com,wei.silva@example.com,+447756439360,L00534,Sales,Sales Team 3,EMEA,Remote,Band 1,Permanent,Yes,Active
E00535,daniel.jensen2@example.com,daniel.jensen2@example.com,+447779663267,L00535,Technology,Technology Team 1,APAC,Chicago,Band 1,Permanent,No,Active
E00536,noah.fischer@example.com,noah.fischer@example.com,+447788472872,L00536,Manufacturing,Manufacturing Team 3,AMER,Remote,Exec,Permanent,No,Active
E00537,grace.yilmaz3@example.com,grace.yilmaz3@example.com,+447754335387,L00537,Technology,Technology Team 1,EMEA,London,Band 2,Permanent,Yes,Active
E00538,daniel.garcia@example.com,daniel.garcia@example.com,+447721597955,L00538,Marketing,Marketing Team 2,EMEA,Manchester,Band 3,Permanent,No,Active
E00539,cara.garcia@example.com,cara.garcia@example.com,+447712960586,L00539,Marketing,Marketing Team 1,EMEA,Pune,Band 1,Permanent,No,Active
E00540,noah.zhang2@example.com,noah.zhang2@example.com,+447741538797,L00540,Technology,Technology Team 4,AMER,Remote,Band 2,Permanent,No,Active
E00541,olu.muller2@example.com,olu.muller2@example.com,+447718305887,L00541,Technology,Technology Team 4,AMER,London,Band 2,Permanent,No,Active
E00542,maya.yilmaz@example.com,maya.yilmaz@example.com,+447762609331,L00542,Marketing,Marketing Team 1,AMER,London,Band 1,Permanent,No,Active
E00543,elena.jensen2@example.com,elena.jensen2@example.com,+447778751794,L00543,Manufacturing,Manufacturing Team 4,EMEA,Pune,Band 2,Permanent,No,Active
E00544,jonas.brown@example.com,jonas.brown@example.com,+447722212407,L00544,Operations,Operations Team 1,APAC,Manchester,Band 1,Permanent,No,Active
E00545,grace.muller2@example.com,grace.muller2@example.com,+447742147198,L00545,Legal,Legal Team 1,EMEA,Sao Paulo,Band 1,Permanent,No,Active
E00546,amara.novak@example.com,amara.novak@example.com,+447779055011,L00546,HR,HR Team 1,APAC,London,Band 1,Permanent,Yes,Active
E00547,farid.rossi@example.com,farid.rossi@example.com,+447757981759,L00547,Manufacturing,Manufacturing Team 1,APAC,Remote,Band 2,Permanent,No,Active
E00548,bruno.garcia2@example.com,bruno.garcia2@example.com,+447730337289,L00548,Manufacturing,Manufacturing Team 2,AMER,London,Band 1,Permanent,Yes,Active
E00549,wei.brown2@example.com,wei.brown2@example.com,+447713882930,L00549,Manufacturing,Manufacturing Team 1,AMER,London,Band 2,Permanent,Yes,Active
E00550,noah.iyer3@example.com,noah.iyer3@example.com,+447727611555,L00550,Technology,Technology Team 2,EMEA,Pune,Band 4,Permanent,No,Active
E00551,hiro.patel3@example.com,hiro.patel3@example.com,+447785728767,L00551,Marketing,Marketing Team 2,AMER,Pune,Band 1,Permanent,No,Active
E00552,olu.kowalski2@example.com,olu.kowalski2@example.com,+447765269553,L00552,Marketing,Marketing Team 3,AMER,London,Band 3,Permanent,No,Active
E00553,chloe.fischer@example.com,chloe.fischer@example.com,+447784645435,L00553,Manufacturing,Manufacturing Team 1,APAC,Pune,Band 1,Permanent,No,Active
E00554,xenia.ahmed2@example.com,xenia.ahmed2@example.com,+447718170591,L00554,Operations,Operations Team 3,AMER,Remote,Band 1,Permanent,No,Active
E00555,sam.ueda@example.com,sam.ueda@example.com,+447758749029,L00555,Sales,Sales Team 3,AMER,Pune,Band 4,Permanent,No,Active
E00556,ben.muller2@example.com,ben.muller2@example.com,+447773521432,L00556,Technology,Technology Team 4,EMEA,Singapore,Band 3,Permanent,No,Active
E00557,yusuf.yilmaz2@example.com,yusuf.yilmaz2@example.com,+447778553694,L00557,Manufacturing,Manufacturing Team 1,EMEA,Manchester,Band 2,Permanent,Yes,Active
E00558,cara.kowalski3@example.com,cara.kowalski3@example.com,+447717262646,L00558,Technology,Technology Team 1,APAC,Pune,Band 2,Permanent,No,Active
E00559,viktor.lopez2@example.com,viktor.lopez2@example.com,+447745184541,L00559,Operations,Operations Team 1,APAC,Manchester,Band 2,Permanent,No,Active
E00560,wei.rossi2@example.com,wei.rossi2@example.com,+447734071543,L00560,Operations,Operations Team 1,EMEA,Chicago,Band 2,Permanent,No,Active
E00561,bruno.kowalski3@example.com,bruno.kowalski3@example.com,+447749865719,L00561,Manufacturing,Manufacturing Team 4,EMEA,London,Band 1,Permanent,No,Active
E00562,uma.jensen3@example.com,uma.jensen3@example.com,+447778840491,L00562,Marketing,Marketing Team 1,APAC,Pune,Band 1,Contractor,No,Active
E00563,ben.iyer@example.com,ben.iyer@example.com,+447734447798,L00563,Finance,Finance Team 1,EMEA,Pune,Band 2,Fixed Term,No,Active
E00564,liam.yilmaz2@example.com,liam.yilmaz2@example.com,+447736510563,L00564,Manufacturing,Manufacturing Team 2,APAC,Singapore,Band 1,Permanent,Yes,Active
E00565,dmitri.garcia@example.com,dmitri.garcia@example.com,+447791935030,L00565,Manufacturing,Manufacturing Team 3,EMEA,Manchester,Band 4,Permanent,No,Active
E00566,elena.vargas2@example.com,elena.vargas2@example.com,+447773611787,L00566,Technology,Technology Team 2,AMER,Pune,Band 4,Permanent,No,Active
E00567,uma.tanaka2@example.com,uma.tanaka2@example.com,+447732241995,L00567,Marketing,Marketing Team 4,EMEA,London,Band 2,Contractor,No,Active
E00568,maya.jensen@example.com,maya.jensen@example.com,+447764555336,L00568,Marketing,Marketing Team 1,EMEA,London,Band 1,Fixed Term,Yes,Active
E00569,liam.okafor@example.com,liam.okafor@example.com,+447795211204,L00569,Sales,Sales Team 3,AMER,Pune,Band 2,Contractor,No,Active
E00570,aisha.silva3@example.com,aisha.silva3@example.com,+447737732311,L00570,Manufacturing,Manufacturing Team 1,LATAM,Remote,Exec,Permanent,No,Active
E00571,liam.jensen2@example.com,liam.jensen2@example.com,+447756988540,L00571,Sales,Sales Team 3,EMEA,Chicago,Band 4,Permanent,Yes,Active
E00572,viktor.yilmaz2@example.com,viktor.yilmaz2@example.com,+447775226572,L00572,HR,HR Team 2,LATAM,Pune,Band 1,Permanent,No,Active
E00573,tariq.kowalski2@example.com,tariq.kowalski2@example.com,+447773812557,L00573,Technology,Technology Team 2,APAC,Remote,Exec,Permanent,No,Active
E00574,priya.muller@example.com,priya.muller@example.com,+447762751369,L00574,Finance,Finance Team 2,EMEA,Pune,Band 2,Permanent,Yes,Active
E00575,rosa.garcia@example.com,rosa.garcia@example.com,+447723610579,L00575,Manufacturing,Manufacturing Team 2,AMER,Remote,Band 1,Permanent,No,Active
E00576,ben.novak@example.com,ben.novak@example.com,+447773710790,L00576,Technology,Technology Team 3,AMER,Remote,Band 1,Permanent,No,Active
E00577,kira.tanaka2@example.com,kira.tanaka2@example.com,+447729531622,L00577,Operations,Operations Team 4,EMEA,Singapore,Band 2,Contractor,No,Active
E00578,kira.ahmed@example.com,kira.ahmed@example.com,+447752909298,L00578,Marketing,Marketing Team 1,AMER,London,Band 2,Contractor,No,Active
E00579,xenia.chen4@example.com,xenia.chen4@example.com,+447774881479,L00579,Operations,Operations Team 4,EMEA,Sao Paulo,Band 4,Permanent,No,Active
E00580,jonas.fischer@example.com,jonas.fischer@example.com,+447760952779,L00580,Operations,Operations Team 3,APAC,Chicago,Band 3,Permanent,Yes,Active
E00581,olu.dubois@example.com,olu.dubois@example.com,+447795092301,L00581,Marketing,Marketing Team 1,APAC,Remote,Band 1,Permanent,No,Active
E00582,xenia.evans3@example.com,xenia.evans3@example.com,+447745834671,L00582,Operations,Operations Team 1,EMEA,Pune,Band 4,Permanent,No,Active
E00583,kira.ahmed2@example.com,kira.ahmed2@example.com,+447784199957,L00583,Operations,Operations Team 3,APAC,Chicago,Band 1,Permanent,No,Active
E00584,bruno.vargas@example.com,bruno.vargas@example.com,+447739880406,L00584,Manufacturing,Manufacturing Team 3,APAC,Singapore,Band 4,Permanent,No,Active
E00585,zoe.chen@example.com,zoe.chen@example.com,+447760437699,L00585,Finance,Finance Team 3,AMER,London,Band 2,Permanent,Yes,Active
E00586,daniel.brown@example.com,daniel.brown@example.com,+447744929646,L00586,Legal,Legal Team 3,EMEA,Manchester,Band 2,Permanent,No,Active
E00587,quinn.ueda@example.com,quinn.ueda@example.com,+447750254439,L00587,Manufacturing,Manufacturing Team 3,EMEA,Remote,Band 2,Permanent,Yes,Active
E00588,jonas.iyer@example.com,jonas.iyer@example.com,+447718256661,L00588,Operations,Operations Team 1,EMEA,Singapore,Band 1,Permanent,No,Active
E00589,sam.walsh3@example.com,sam.walsh3@example.com,+447788379330,L00589,Technology,Technology Team 3,EMEA,London,Band 4,Fixed Term,Yes,Active
E00590,grace.novak@example.com,grace.novak@example.com,+447779069620,L00590,Finance,Finance Team 4,LATAM,Manchester,Band 1,Permanent,No,Active
E00591,priya.ueda@example.com,priya.ueda@example.com,+447758750331,L00591,Operations,Operations Team 3,EMEA,London,Band 2,Permanent,No,Active
E00592,wei.silva2@example.com,wei.silva2@example.com,+447752602243,L00592,Manufacturing,Manufacturing Team 4,EMEA,Chicago,Band 1,Permanent,No,Active
E00593,quinn.brown@example.com,quinn.brown@example.com,+447748886758,L00593,HR,HR Team 1,LATAM,Manchester,Band 3,Permanent,No,Active
E00594,grace.tanaka3@example.com,grace.tanaka3@example.com,+447785919555,L00594,Marketing,Marketing Team 1,AMER,Sao Paulo,Band 1,Permanent,No,Active
E00595,sam.garcia@example.com,sam.garcia@example.com,+447785505642,L00595,Marketing,Marketing Team 4,APAC,Manchester,Band 3,Permanent,No,Active
E00596,daniel.dubois3@example.com,daniel.dubois3@example.com,+447716941771,L00596,Operations,Operations Team 4,AMER,Singapore,Band 3,Contractor,No,Active
E00597,tariq.okafor2@example.com,tariq.okafor2@example.com,+447771666594,L00597,Technology,Technology Team 2,APAC,Pune,Band 3,Permanent,No,Active
E00598,liam.muller@example.com,liam.muller@example.com,+447720970200,L00598,Manufacturing,Manufacturing Team 3,AMER,Sao Paulo,Band 2,Permanent,No,Active
E00599,viktor.patel4@example.com,viktor.patel4@example.com,+447730105915,L00599,Operations,Operations Team 1,EMEA,Singapore,Band 2,Permanent,No,Active
E00600,cara.chen2@example.com,cara.chen2@example.com,+447799553069,L00600,Technology,Technology Team 3,EMEA,Pune,Band 1,Fixed Term,No,Active
E00601,uma.ahmed2@example.com,uma.ahmed2@example.com,+447732418448,L00601,Manufacturing,Manufacturing Team 4,LATAM,Sao Paulo,Band 3,Permanent,No,Active
E00602,chloe.novak2@example.com,chloe.novak2@example.com,+447787369746,L00602,Marketing,Marketing Team 4,AMER,London,Band 4,Fixed Term,No,Active
E00603,yusuf.lopez@example.com,yusuf.lopez@example.com,+447758991258,L00603,Manufacturing,Manufacturing Team 4,APAC,London,Band 1,Permanent,No,Active
E00604,wei.tanaka3@example.com,wei.tanaka3@example.com,+447781133101,L00604,Operations,Operations Team 3,EMEA,Pune,Exec,Permanent,No,Active
E00605,farid.muller2@example.com,farid.muller2@example.com,+447714352494,L00605,Manufacturing,Manufacturing Team 4,AMER,Remote,Band 3,Permanent,No,Active
E00606,olu.zhang@example.com,olu.zhang@example.com,+447714102371,L00606,Sales,Sales Team 1,EMEA,Remote,Band 3,Permanent,No,Active
E00607,amara.walsh4@example.com,amara.walsh4@example.com,+447774054400,L00607,Marketing,Marketing Team 3,LATAM,Remote,Band 1,Permanent,Yes,Active
E00608,ben.muller3@example.com,ben.muller3@example.com,+447766456873,L00608,Technology,Technology Team 2,EMEA,Sao Paulo,Band 1,Permanent,Yes,Active
E00609,ben.rossi3@example.com,ben.rossi3@example.com,+447745998325,L00609,Operations,Operations Team 3,EMEA,Chicago,Band 2,Fixed Term,No,Active
E00610,xenia.lopez@example.com,xenia.lopez@example.com,+447757243199,L00610,Manufacturing,Manufacturing Team 4,EMEA,Remote,Band 3,Permanent,No,Active
E00611,amara.yilmaz@example.com,amara.yilmaz@example.com,+447785135390,L00611,Sales,Sales Team 4,EMEA,Sao Paulo,Band 2,Permanent,No,Active
E00612,maya.tanaka@example.com,maya.tanaka@example.com,+447735959023,L00612,Manufacturing,Manufacturing Team 2,EMEA,Manchester,Band 1,Permanent,No,Active
E00613,priya.silva@example.com,priya.silva@example.com,+447783285162,L00613,Marketing,Marketing Team 3,AMER,Sao Paulo,Band 1,Permanent,No,Active
E00614,kira.ahmed3@example.com,kira.ahmed3@example.com,+447794256186,L00614,Sales,Sales Team 4,AMER,Chicago,Band 1,Permanent,No,Active
E00615,amara.iyer@example.com,amara.iyer@example.com,+447787443499,L00615,HR,HR Team 1,EMEA,Sao Paulo,Band 2,Contractor,No,Active
E00616,farid.patel@example.com,farid.patel@example.com,+447797026614,L00616,Manufacturing,Manufacturing Team 3,AMER,London,Band 4,Permanent,No,Active
E00617,kira.evans@example.com,kira.evans@example.com,+447717492884,L00617,Marketing,Marketing Team 1,EMEA,Pune,Band 2,Permanent,No,Active
E00618,tariq.ahmed@example.com,tariq.ahmed@example.com,+447789958887,L00618,Operations,Operations Team 3,EMEA,London,Band 3,Permanent,No,Active
E00619,chloe.lopez2@example.com,chloe.lopez2@example.com,+447768636967,L00619,Manufacturing,Manufacturing Team 1,AMER,Pune,Band 2,Permanent,No,Active
E00620,tariq.muller2@example.com,tariq.muller2@example.com,+447730265030,L00620,Legal,Legal Team 4,AMER,Chicago,Band 3,Permanent,No,Active
E00621,noah.iyer4@example.com,noah.iyer4@example.com,+447741590268,L00621,Technology,Technology Team 4,EMEA,Sao Paulo,Band 3,Permanent,Yes,Active
E00622,noah.tanaka2@example.com,noah.tanaka2@example.com,+447758903361,L00622,Legal,Legal Team 1,EMEA,Singapore,Band 1,Permanent,No,Active
E00623,quinn.walsh2@example.com,quinn.walsh2@example.com,+447712349196,L00623,Manufacturing,Manufacturing Team 1,AMER,Pune,Band 2,Permanent,No,Active
E00624,farid.fischer2@example.com,farid.fischer2@example.com,+447741929679,L00624,Manufacturing,Manufacturing Team 4,APAC,Chicago,Band 2,Permanent,No,Active
E00625,priya.jensen2@example.com,priya.jensen2@example.com,+447729125797,L00625,Operations,Operations Team 1,EMEA,Sao Paulo,Band 1,Permanent,No,Active
E00626,jonas.rossi@example.com,jonas.rossi@example.com,+447771826197,L00626,Technology,Technology Team 3,AMER,Manchester,Band 4,Permanent,No,Active
E00627,quinn.muller2@example.com,quinn.muller2@example.com,+447786274355,L00627,Technology,Technology Team 4,AMER,Singapore,Band 4,Contractor,No,Active
E00628,chloe.silva2@example.com,chloe.silva2@example.com,+447776535166,L00628,Sales,Sales Team 3,APAC,Pune,Band 4,Contractor,Yes,Active
E00629,farid.vargas3@example.com,farid.vargas3@example.com,+447769282975,L00629,Sales,Sales Team 4,EMEA,Chicago,Band 1,Permanent,No,Active
E00630,liam.vargas@example.com,liam.vargas@example.com,+447785284642,L00630,Manufacturing,Manufacturing Team 3,APAC,Pune,Band 3,Permanent,Yes,Active
E00631,tariq.zhang2@example.com,tariq.zhang2@example.com,+447782178721,L00631,Manufacturing,Manufacturing Team 3,AMER,London,Band 3,Permanent,No,Active
E00632,uma.silva@example.com,uma.silva@example.com,+447747346143,L00632,Technology,Technology Team 4,EMEA,Sao Paulo,Band 1,Permanent,No,Active
E00633,olu.ahmed@example.com,olu.ahmed@example.com,+447772215953,L00633,Marketing,Marketing Team 2,EMEA,Remote,Band 1,Fixed Term,Yes,Active
E00634,ines.iyer2@example.com,ines.iyer2@example.com,+447734481771,L00634,Sales,Sales Team 1,EMEA,Pune,Band 2,Permanent,No,Active
E00635,liam.garcia2@example.com,liam.garcia2@example.com,+447777602486,L00635,Operations,Operations Team 4,EMEA,Sao Paulo,Band 3,Permanent,No,Active
E00636,priya.fischer2@example.com,priya.fischer2@example.com,+447768830908,L00636,Technology,Technology Team 2,APAC,Remote,Band 2,Permanent,No,Active
E00637,grace.lopez2@example.com,grace.lopez2@example.com,+447761874478,L00637,Manufacturing,Manufacturing Team 2,APAC,Sao Paulo,Band 2,Permanent,No,Active
E00638,uma.hansen@example.com,uma.hansen@example.com,+447796381417,L00638,Operations,Operations Team 3,AMER,Manchester,Band 2,Permanent,No,Active
E00639,noah.hansen2@example.com,noah.hansen2@example.com,+447771298257,L00639,Manufacturing,Manufacturing Team 4,LATAM,Pune,Band 1,Permanent,No,Active
E00640,noah.tanaka3@example.com,noah.tanaka3@example.com,+447716771388,L00640,Manufacturing,Manufacturing Team 3,APAC,Singapore,Band 1,Permanent,Yes,Active
E00641,ines.chen@example.com,ines.chen@example.com,+447725794064,L00641,Operations,Operations Team 3,AMER,Sao Paulo,Band 1,Contractor,No,Active
E00642,wei.evans2@example.com,wei.evans2@example.com,+447790023005,L00642,Manufacturing,Manufacturing Team 4,APAC,Singapore,Band 4,Permanent,No,Active
E00643,noah.evans@example.com,noah.evans@example.com,+447754081175,L00643,HR,HR Team 2,LATAM,Sao Paulo,Band 4,Permanent,No,Active
E00644,amara.lopez2@example.com,amara.lopez2@example.com,+447734221360,L00644,Technology,Technology Team 2,AMER,Chicago,Band 3,Permanent,Yes,Active
E00645,kira.okafor2@example.com,kira.okafor2@example.com,+447783320935,L00645,Sales,Sales Team 4,AMER,Singapore,Band 2,Permanent,No,Active
E00646,chloe.chen@example.com,chloe.chen@example.com,+447773165106,L00646,Finance,Finance Team 3,AMER,Pune,Band 1,Contractor,No,Active
E00647,cara.yilmaz2@example.com,cara.yilmaz2@example.com,+447772270329,L00647,Manufacturing,Manufacturing Team 3,AMER,Chicago,Band 1,Permanent,No,Active
E00648,liam.okafor2@example.com,liam.okafor2@example.com,+447717874908,L00648,HR,HR Team 1,EMEA,Singapore,Band 1,Permanent,No,Active
E00649,sam.ahmed@example.com,sam.ahmed@example.com,+447773669750,L00649,Technology,Technology Team 3,APAC,Chicago,Band 1,Permanent,No,Active
E00650,farid.garcia@example.com,farid.garcia@example.com,+447751763344,L00650,Manufacturing,Manufacturing Team 4,EMEA,London,Band 2,Permanent,No,Active
E00651,viktor.patel5@example.com,viktor.patel5@example.com,+447766431746,L00651,Technology,Technology Team 1,EMEA,London,Band 1,Permanent,No,Active
E00652,kira.tanaka3@example.com,kira.tanaka3@example.com,+447722730316,L00652,Sales,Sales Team 4,EMEA,Sao Paulo,Exec,Fixed Term,No,Active
E00653,chloe.hansen@example.com,chloe.hansen@example.com,+447768514789,L00653,Technology,Technology Team 1,EMEA,Remote,Band 3,Permanent,No,Active
E00654,kira.yilmaz2@example.com,kira.yilmaz2@example.com,+447718679187,L00654,Marketing,Marketing Team 4,AMER,Sao Paulo,Band 4,Permanent,No,Active
E00655,xenia.garcia3@example.com,xenia.garcia3@example.com,+447782426839,L00655,Manufacturing,Manufacturing Team 1,AMER,Pune,Band 2,Fixed Term,No,Active
E00656,viktor.yilmaz3@example.com,viktor.yilmaz3@example.com,+447759792854,L00656,Manufacturing,Manufacturing Team 1,EMEA,Pune,Band 3,Permanent,No,Active
E00657,cara.ahmed3@example.com,cara.ahmed3@example.com,+447781649303,L00657,Marketing,Marketing Team 3,EMEA,Manchester,Band 3,Permanent,No,Active
E00658,yusuf.lopez2@example.com,yusuf.lopez2@example.com,+447775095301,L00658,Sales,Sales Team 2,AMER,Sao Paulo,Band 2,Permanent,No,Active
E00659,cara.kowalski4@example.com,cara.kowalski4@example.com,+447728940190,L00659,Manufacturing,Manufacturing Team 4,AMER,Pune,Band 1,Permanent,Yes,Active
E00660,xenia.okafor@example.com,xenia.okafor@example.com,+447728568609,L00660,Operations,Operations Team 1,EMEA,Chicago,Band 3,Permanent,No,Active
E00661,wei.kowalski@example.com,wei.kowalski@example.com,+447737547818,L00661,Sales,Sales Team 2,AMER,Manchester,Band 1,Fixed Term,No,Active
E00662,ben.evans4@example.com,ben.evans4@example.com,+447769466903,L00662,Finance,Finance Team 4,AMER,Singapore,Band 2,Permanent,Yes,Active
E00663,liam.ueda2@example.com,liam.ueda2@example.com,+447793413531,L00663,Operations,Operations Team 1,AMER,London,Band 3,Fixed Term,No,Active
E00664,tariq.kowalski3@example.com,tariq.kowalski3@example.com,+447756372941,L00664,Legal,Legal Team 3,AMER,Sao Paulo,Band 2,Permanent,No,Active
E00665,farid.hansen3@example.com,farid.hansen3@example.com,+447756332771,L00665,Manufacturing,Manufacturing Team 1,AMER,Remote,Band 3,Permanent,No,Active
E00666,amara.novak2@example.com,amara.novak2@example.com,+447764824645,L00666,Operations,Operations Team 2,EMEA,Sao Paulo,Band 2,Permanent,No,Active
E00667,wei.muller@example.com,wei.muller@example.com,+447738306153,L00667,Sales,Sales Team 3,EMEA,Singapore,Band 1,Permanent,No,Active
E00668,uma.novak2@example.com,uma.novak2@example.com,+447747997524,L00668,Marketing,Marketing Team 4,EMEA,Pune,Band 3,Permanent,No,Active
E00669,rosa.ueda2@example.com,rosa.ueda2@example.com,+447755719996,L00669,Technology,Technology Team 1,EMEA,Remote,Band 1,Permanent,No,Active
E00670,maya.garcia2@example.com,maya.garcia2@example.com,+447716258476,L00670,Operations,Operations Team 3,APAC,Sao Paulo,Band 1,Permanent,No,Active
E00671,elena.yilmaz@example.com,elena.yilmaz@example.com,+447718424313,L00671,Manufacturing,Manufacturing Team 2,EMEA,Pune,Band 2,Permanent,Yes,Active
E00672,daniel.chen3@example.com,daniel.chen3@example.com,+447729280448,L00672,Manufacturing,Manufacturing Team 4,LATAM,Chicago,Band 3,Permanent,No,Active
E00673,jonas.chen2@example.com,jonas.chen2@example.com,+447736935481,L00673,Manufacturing,Manufacturing Team 2,LATAM,Manchester,Band 1,Permanent,Yes,Active
E00674,yusuf.dubois2@example.com,yusuf.dubois2@example.com,+447783571863,L00674,Finance,Finance Team 3,EMEA,Remote,Band 1,Contractor,Yes,Active
E00675,kira.zhang@example.com,kira.zhang@example.com,+447744662452,L00675,HR,HR Team 2,EMEA,Remote,Band 2,Permanent,No,Active
E00676,ines.lopez3@example.com,ines.lopez3@example.com,+447742942780,L00676,Manufacturing,Manufacturing Team 3,APAC,Singapore,Band 3,Permanent,Yes,Active
E00677,elena.okafor@example.com,elena.okafor@example.com,+447730369548,L00677,Manufacturing,Manufacturing Team 2,APAC,Singapore,Band 3,Permanent,No,Active
E00678,uma.silva2@example.com,uma.silva2@example.com,+447775862426,L00678,Technology,Technology Team 2,APAC,London,Band 3,Permanent,Yes,Active
E00679,priya.tanaka3@example.com,priya.tanaka3@example.com,+447769650749,L00679,Operations,Operations Team 2,APAC,Pune,Band 2,Permanent,Yes,Active
E00680,bruno.okafor@example.com,bruno.okafor@example.com,+447735644333,L00680,Technology,Technology Team 1,EMEA,Chicago,Band 2,Permanent,No,Active
E00681,dmitri.kowalski@example.com,dmitri.kowalski@example.com,+447760885956,L00681,Manufacturing,Manufacturing Team 4,AMER,Remote,Band 1,Permanent,Yes,Active
E00682,xenia.vargas5@example.com,xenia.vargas5@example.com,+447735909396,L00682,Marketing,Marketing Team 3,AMER,Singapore,Band 3,Permanent,No,Active
E00683,quinn.fischer2@example.com,quinn.fischer2@example.com,+447716208161,L00683,Manufacturing,Manufacturing Team 2,EMEA,Sao Paulo,Band 2,Permanent,No,Active
E00684,grace.okafor@example.com,grace.okafor@example.com,+447712936572,L00684,Manufacturing,Manufacturing Team 4,APAC,Remote,Band 1,Fixed Term,No,Active
E00685,quinn.okafor2@example.com,quinn.okafor2@example.com,+447783729791,L00685,Manufacturing,Manufacturing Team 4,AMER,Chicago,Band 1,Permanent,No,Active
E00686,ines.tanaka2@example.com,ines.tanaka2@example.com,+447716094852,L00686,Legal,Legal Team 4,EMEA,Sao Paulo,Band 4,Permanent,No,Active
E00687,hiro.zhang3@example.com,hiro.zhang3@example.com,+447762652152,L00687,HR,HR Team 1,EMEA,London,Band 4,Permanent,No,Active
E00688,cara.walsh@example.com,cara.walsh@example.com,+447739069206,L00688,Technology,Technology Team 2,LATAM,Pune,Band 3,Permanent,No,Active
E00689,grace.muller3@example.com,grace.muller3@example.com,+447727705878,L00689,Marketing,Marketing Team 3,AMER,Singapore,Band 1,Permanent,No,Active
E00690,maya.walsh@example.com,maya.walsh@example.com,+447728904657,L00690,Operations,Operations Team 3,AMER,Singapore,Band 1,Permanent,No,Active
E00691,kira.zhang2@example.com,kira.zhang2@example.com,+447753167556,L00691,Manufacturing,Manufacturing Team 2,EMEA,Remote,Band 3,Fixed Term,No,Active
E00692,ines.kowalski@example.com,ines.kowalski@example.com,+447746994942,L00692,Manufacturing,Manufacturing Team 3,EMEA,Pune,Band 1,Permanent,No,Active
E00693,viktor.fischer@example.com,viktor.fischer@example.com,+447727222273,L00693,Sales,Sales Team 1,EMEA,Sao Paulo,Band 2,Fixed Term,Yes,Active
E00694,amara.jensen@example.com,amara.jensen@example.com,+447724868248,L00694,Technology,Technology Team 1,APAC,London,Band 1,Permanent,Yes,Active
E00695,aisha.brown2@example.com,aisha.brown2@example.com,+447749307127,L00695,Technology,Technology Team 4,AMER,Singapore,Band 1,Permanent,No,Active
E00696,hiro.zhang4@example.com,hiro.zhang4@example.com,+447739144895,L00696,Manufacturing,Manufacturing Team 3,EMEA,Singapore,Band 2,Permanent,No,Active
E00697,kira.ahmed4@example.com,kira.ahmed4@example.com,+447762147476,L00697,Manufacturing,Manufacturing Team 4,EMEA,Pune,Band 1,Permanent,No,Active
E00698,amara.lopez3@example.com,amara.lopez3@example.com,+447733139172,L00698,Technology,Technology Team 3,EMEA,Chicago,Band 2,Permanent,Yes,Active
E00699,olu.iyer@example.com,olu.iyer@example.com,+447784090821,L00699,Technology,Technology Team 1,EMEA,Chicago,Band 3,Fixed Term,No,Active
E00700,chloe.walsh2@example.com,chloe.walsh2@example.com,+447745088738,L00700,HR,HR Team 4,AMER,Manchester,Band 1,Permanent,No,Active
E00701,zoe.walsh2@example.com,zoe.walsh2@example.com,+447728290061,L00701,Operations,Operations Team 2,AMER,Pune,Band 4,Permanent,Yes,Active
E00702,farid.brown@example.com,farid.brown@example.com,+447725267581,L00702,Marketing,Marketing Team 1,EMEA,Manchester,Band 1,Permanent,No,Active
E00703,daniel.chen4@example.com,daniel.chen4@example.com,+447786494144,L00703,Marketing,Marketing Team 2,AMER,Chicago,Band 2,Permanent,No,Active
E00704,noah.dubois2@example.com,noah.dubois2@example.com,+447788053239,L00704,Operations,Operations Team 4,APAC,Pune,Band 3,Permanent,No,Active
E00705,elena.lopez2@example.com,elena.lopez2@example.com,+447764715161,L00705,Manufacturing,Manufacturing Team 4,AMER,Chicago,Band 1,Permanent,No,Active
E00706,yusuf.hansen2@example.com,yusuf.hansen2@example.com,+447799687656,L00706,Operations,Operations Team 4,AMER,Chicago,Band 1,Fixed Term,No,Active
E00707,wei.rossi3@example.com,wei.rossi3@example.com,+447747839956,L00707,Sales,Sales Team 2,APAC,Pune,Band 1,Permanent,No,Active
E00708,viktor.brown4@example.com,viktor.brown4@example.com,+447724947857,L00708,Technology,Technology Team 4,APAC,Sao Paulo,Band 3,Permanent,No,Active
E00709,hiro.dubois2@example.com,hiro.dubois2@example.com,+447711987951,L00709,Manufacturing,Manufacturing Team 2,AMER,Sao Paulo,Band 2,Permanent,No,Active
E00710,elena.rossi2@example.com,elena.rossi2@example.com,+447782295366,L00710,Technology,Technology Team 2,EMEA,Remote,Band 1,Permanent,No,Active
E00711,xenia.yilmaz3@example.com,xenia.yilmaz3@example.com,+447761733422,L00711,Finance,Finance Team 2,EMEA,Remote,Band 3,Permanent,No,Active
E00712,hiro.zhang5@example.com,hiro.zhang5@example.com,+447716142443,L00712,Marketing,Marketing Team 4,EMEA,Sao Paulo,Band 2,Permanent,Yes,Active
E00713,hiro.silva@example.com,hiro.silva@example.com,+447714068624,L00713,Manufacturing,Manufacturing Team 2,EMEA,Manchester,Band 1,Permanent,No,Active
E00714,daniel.brown2@example.com,daniel.brown2@example.com,+447788715169,L00714,Finance,Finance Team 1,AMER,Sao Paulo,Band 2,Contractor,No,Active
E00715,grace.hansen2@example.com,grace.hansen2@example.com,+447730913934,L00715,Operations,Operations Team 4,AMER,Sao Paulo,Band 3,Permanent,No,Active
E00716,dmitri.zhang2@example.com,dmitri.zhang2@example.com,+447735300331,L00716,Manufacturing,Manufacturing Team 1,AMER,London,Band 1,Permanent,Yes,Active
E00717,maya.evans2@example.com,maya.evans2@example.com,+447749078738,L00717,Operations,Operations Team 1,AMER,Pune,Band 3,Contractor,No,Active
E00718,liam.ueda3@example.com,liam.ueda3@example.com,+447763372075,L00718,Manufacturing,Manufacturing Team 3,EMEA,Pune,Band 2,Permanent,No,Active
E00719,jonas.walsh4@example.com,jonas.walsh4@example.com,+447723552456,L00719,Sales,Sales Team 4,AMER,Remote,Band 1,Permanent,No,Active
E00720,amara.fischer2@example.com,amara.fischer2@example.com,+447793579749,L00720,HR,HR Team 3,EMEA,Singapore,Band 1,Permanent,Yes,Active
E00721,tariq.muller3@example.com,tariq.muller3@example.com,+447724667073,L00721,Operations,Operations Team 3,EMEA,Pune,Band 2,Fixed Term,Yes,Active
E00722,viktor.garcia@example.com,viktor.garcia@example.com,+447775425428,L00722,HR,HR Team 3,EMEA,London,Band 1,Permanent,Yes,Active
E00723,noah.rossi2@example.com,noah.rossi2@example.com,+447734393332,L00723,Operations,Operations Team 2,EMEA,Manchester,Band 1,Permanent,No,Active
E00724,yusuf.brown2@example.com,yusuf.brown2@example.com,+447770315480,L00724,Sales,Sales Team 3,EMEA,Pune,Band 1,Permanent,No,Active
E00725,elena.evans@example.com,elena.evans@example.com,+447793422271,L00725,Manufacturing,Manufacturing Team 2,APAC,Remote,Band 2,Fixed Term,No,Active
E00726,hiro.lopez3@example.com,hiro.lopez3@example.com,+447767822738,L00726,Marketing,Marketing Team 4,APAC,London,Band 1,Permanent,No,Active
E00727,chloe.ueda2@example.com,chloe.ueda2@example.com,+447764548469,L00727,Operations,Operations Team 4,EMEA,Pune,Band 1,Permanent,No,Active
E00728,hiro.lopez4@example.com,hiro.lopez4@example.com,+447789064733,L00728,Manufacturing,Manufacturing Team 1,APAC,Remote,Band 3,Permanent,No,Active
E00729,cara.chen3@example.com,cara.chen3@example.com,+447779158719,L00729,Finance,Finance Team 4,AMER,Manchester,Band 1,Permanent,No,Active
E00730,viktor.patel6@example.com,viktor.patel6@example.com,+447751118624,L00730,Manufacturing,Manufacturing Team 2,EMEA,Pune,Band 1,Permanent,No,Active
E00731,priya.garcia@example.com,priya.garcia@example.com,+447728788716,L00731,Operations,Operations Team 3,APAC,London,Band 2,Permanent,No,Active
E00732,olu.fischer2@example.com,olu.fischer2@example.com,+447773530405,L00732,Sales,Sales Team 2,EMEA,London,Band 2,Permanent,No,Active
E00733,maya.kowalski@example.com,maya.kowalski@example.com,+447730614577,L00733,Manufacturing,Manufacturing Team 4,LATAM,London,Band 4,Permanent,No,Active
E00734,uma.kowalski@example.com,uma.kowalski@example.com,+447748298911,L00734,Legal,Legal Team 2,APAC,Remote,Band 4,Permanent,No,Active
E00735,hiro.brown2@example.com,hiro.brown2@example.com,+447753148932,L00735,Operations,Operations Team 2,AMER,Pune,Band 3,Permanent,No,Active
E00736,grace.novak2@example.com,grace.novak2@example.com,+447775878586,L00736,Operations,Operations Team 4,EMEA,Manchester,Band 1,Permanent,No,Active
E00737,elena.jensen3@example.com,elena.jensen3@example.com,+447735657597,L00737,Marketing,Marketing Team 4,EMEA,Chicago,Band 1,Permanent,Yes,Active
E00738,aisha.rossi3@example.com,aisha.rossi3@example.com,+447731910784,L00738,Finance,Finance Team 3,APAC,Singapore,Band 3,Permanent,No,Active
E00739,yusuf.iyer2@example.com,yusuf.iyer2@example.com,+447751044432,L00739,Operations,Operations Team 1,EMEA,Remote,Band 4,Permanent,No,Active
E00740,ines.muller@example.com,ines.muller@example.com,+447787078787,L00740,Sales,Sales Team 1,APAC,London,Exec,Permanent,No,Active
E00741,maya.hansen3@example.com,maya.hansen3@example.com,+447792173932,L00741,Marketing,Marketing Team 2,AMER,London,Band 3,Permanent,No,Active
E00742,bruno.okafor2@example.com,bruno.okafor2@example.com,+447728476652,L00742,HR,HR Team 3,AMER,Sao Paulo,Band 1,Permanent,No,Active
E00743,jonas.chen3@example.com,jonas.chen3@example.com,+447766371883,L00743,Technology,Technology Team 4,EMEA,London,Band 1,Permanent,No,Active
E00744,kira.brown4@example.com,kira.brown4@example.com,+447738944096,L00744,Manufacturing,Manufacturing Team 1,AMER,Manchester,Band 3,Permanent,No,Active
E00745,jonas.dubois2@example.com,jonas.dubois2@example.com,+447770792074,L00745,Manufacturing,Manufacturing Team 3,APAC,London,Band 3,Permanent,No,Active
E00746,sam.hansen@example.com,sam.hansen@example.com,+447777186656,L00746,Sales,Sales Team 3,EMEA,London,Band 1,Permanent,No,Active
E00747,wei.hansen3@example.com,wei.hansen3@example.com,+447717932446,L00747,Sales,Sales Team 2,EMEA,Sao Paulo,Band 1,Contractor,No,Active
E00748,bruno.silva2@example.com,bruno.silva2@example.com,+447721205832,L00748,Operations,Operations Team 1,APAC,Pune,Band 2,Permanent,No,Active
E00749,maya.tanaka2@example.com,maya.tanaka2@example.com,+447768631733,L00749,Manufacturing,Manufacturing Team 4,AMER,Pune,Band 4,Permanent,No,Active
E00750,ben.ueda2@example.com,ben.ueda2@example.com,+447799782088,L00750,Manufacturing,Manufacturing Team 3,EMEA,Remote,Band 3,Permanent,Yes,Active
E00751,liam.novak2@example.com,liam.novak2@example.com,+447774832598,L00751,Technology,Technology Team 3,EMEA,Sao Paulo,Band 3,Permanent,No,Active
E00752,elena.dubois@example.com,elena.dubois@example.com,+447733689794,L00752,Manufacturing,Manufacturing Team 3,EMEA,Singapore,Band 2,Permanent,No,Active
E00753,daniel.garcia2@example.com,daniel.garcia2@example.com,+447753802076,L00753,Marketing,Marketing Team 4,AMER,Manchester,Band 1,Permanent,No,Active
E00754,sam.chen2@example.com,sam.chen2@example.com,+447754106092,L00754,Manufacturing,Manufacturing Team 2,EMEA,Singapore,Band 2,Permanent,No,Active
E00755,bruno.garcia3@example.com,bruno.garcia3@example.com,+447742350193,L00755,Manufacturing,Manufacturing Team 1,EMEA,Sao Paulo,Band 2,Permanent,No,Active
E00756,daniel.okafor@example.com,daniel.okafor@example.com,+447769730419,L00756,Legal,Legal Team 1,EMEA,Pune,Band 2,Permanent,No,Active
E00757,hiro.lopez5@example.com,hiro.lopez5@example.com,+447762464494,L00757,Finance,Finance Team 2,AMER,Manchester,Band 1,Permanent,No,Active
E00758,hiro.brown3@example.com,hiro.brown3@example.com,+447795912623,L00758,Marketing,Marketing Team 2,EMEA,Pune,Band 4,Permanent,No,Active
E00759,amara.iyer2@example.com,amara.iyer2@example.com,+447723042802,L00759,HR,HR Team 3,EMEA,London,Band 2,Permanent,No,Active
E00760,noah.iyer5@example.com,noah.iyer5@example.com,+447782568257,L00760,Sales,Sales Team 4,EMEA,London,Band 3,Permanent,Yes,Active
E00761,kira.evans2@example.com,kira.evans2@example.com,+447757310694,L00761,Operations,Operations Team 3,AMER,Manchester,Band 1,Permanent,No,Active
E00762,farid.lopez@example.com,farid.lopez@example.com,+447710239610,L00762,Finance,Finance Team 2,EMEA,Manchester,Band 1,Permanent,No,Active
E00763,chloe.ahmed@example.com,chloe.ahmed@example.com,+447729168011,L00763,Technology,Technology Team 4,EMEA,Singapore,Band 3,Permanent,No,Active
E00764,bruno.patel@example.com,bruno.patel@example.com,+447745165526,L00764,Sales,Sales Team 1,EMEA,Sao Paulo,Band 2,Permanent,No,Active
E00765,farid.hansen4@example.com,farid.hansen4@example.com,+447736847952,L00765,Technology,Technology Team 1,EMEA,Singapore,Band 3,Permanent,No,Active
E00766,tariq.yilmaz2@example.com,tariq.yilmaz2@example.com,+447724932756,L00766,Manufacturing,Manufacturing Team 4,AMER,Chicago,Band 1,Permanent,No,Active
E00767,noah.hansen3@example.com,noah.hansen3@example.com,+447746635901,L00767,Technology,Technology Team 1,AMER,Chicago,Band 1,Permanent,No,Active
E00768,bruno.novak2@example.com,bruno.novak2@example.com,+447788630550,L00768,Manufacturing,Manufacturing Team 1,EMEA,Pune,Band 2,Permanent,No,Active
E00769,yusuf.evans@example.com,yusuf.evans@example.com,+447795460022,L00769,Manufacturing,Manufacturing Team 3,EMEA,Manchester,Band 2,Permanent,No,Active
E00770,elena.muller3@example.com,elena.muller3@example.com,+447745956607,L00770,Marketing,Marketing Team 3,AMER,Chicago,Band 1,Permanent,No,Active
E00771,xenia.walsh2@example.com,xenia.walsh2@example.com,+447789625157,L00771,Manufacturing,Manufacturing Team 3,APAC,London,Band 1,Permanent,Yes,Active
E00772,kira.ueda4@example.com,kira.ueda4@example.com,+447757552300,L00772,Technology,Technology Team 3,EMEA,Remote,Band 1,Permanent,No,Active
E00773,chloe.hansen2@example.com,chloe.hansen2@example.com,+447779518129,L00773,Operations,Operations Team 3,APAC,Singapore,Band 1,Permanent,No,Active
E00774,noah.evans2@example.com,noah.evans2@example.com,+447786780440,L00774,Technology,Technology Team 4,EMEA,Pune,Band 1,Permanent,No,Active
E00775,olu.evans@example.com,olu.evans@example.com,+447786481090,L00775,Technology,Technology Team 4,APAC,Chicago,Band 2,Permanent,Yes,Active
E00776,sam.walsh4@example.com,sam.walsh4@example.com,+447746901420,L00776,HR,HR Team 2,AMER,Pune,Band 3,Permanent,No,Active
E00777,chloe.silva3@example.com,chloe.silva3@example.com,+447717233390,L00777,Sales,Sales Team 3,EMEA,Singapore,Band 2,Permanent,No,Active
E00778,yusuf.patel@example.com,yusuf.patel@example.com,+447733758576,L00778,Manufacturing,Manufacturing Team 2,APAC,Manchester,Band 3,Permanent,No,Active
E00779,ben.muller4@example.com,ben.muller4@example.com,+447775466242,L00779,Manufacturing,Manufacturing Team 1,APAC,Remote,Band 1,Contractor,No,Active
E00780,grace.walsh2@example.com,grace.walsh2@example.com,+447726032751,L00780,Sales,Sales Team 1,EMEA,London,Band 2,Permanent,No,Active
E00781,viktor.hansen3@example.com,viktor.hansen3@example.com,+447781828279,L00781,Manufacturing,Manufacturing Team 1,EMEA,Manchester,Band 1,Permanent,No,Active
E00782,dmitri.lopez2@example.com,dmitri.lopez2@example.com,+447710076642,L00782,Manufacturing,Manufacturing Team 4,EMEA,Singapore,Band 1,Permanent,No,Active
E00783,farid.muller3@example.com,farid.muller3@example.com,+447711017321,L00783,Marketing,Marketing Team 4,EMEA,Remote,Band 2,Permanent,Yes,Active
E00784,hiro.kowalski2@example.com,hiro.kowalski2@example.com,+447743371914,L00784,Technology,Technology Team 2,EMEA,Sao Paulo,Band 1,Permanent,Yes,Active
E00785,dmitri.iyer@example.com,dmitri.iyer@example.com,+447735061700,L00785,Operations,Operations Team 4,EMEA,Remote,Band 1,Permanent,No,Active
E00786,cara.silva@example.com,cara.silva@example.com,+447728890654,L00786,Technology,Technology Team 1,AMER,Remote,Band 3,Permanent,No,Active
E00787,ines.silva@example.com,ines.silva@example.com,+447764820860,L00787,HR,HR Team 4,EMEA,Chicago,Band 1,Permanent,No,Active
E00788,zoe.zhang@example.com,zoe.zhang@example.com,+447794137107,L00788,Technology,Technology Team 4,AMER,London,Band 2,Permanent,No,Active
E00789,rosa.brown@example.com,rosa.brown@example.com,+447785686516,L00789,HR,HR Team 2,AMER,Pune,Band 2,Permanent,No,Active
E00790,hiro.okafor2@example.com,hiro.okafor2@example.com,+447770404842,L00790,HR,HR Team 3,APAC,Pune,Band 4,Permanent,No,Active
E00791,viktor.evans2@example.com,viktor.evans2@example.com,+447755488154,L00791,Marketing,Marketing Team 4,EMEA,Pune,Band 3,Contractor,No,Active
E00792,uma.ueda3@example.com,uma.ueda3@example.com,+447719095789,L00792,Marketing,Marketing Team 1,AMER,Sao Paulo,Band 3,Permanent,No,Active
E00793,rosa.yilmaz2@example.com,rosa.yilmaz2@example.com,+447752083724,L00793,Finance,Finance Team 4,EMEA,London,Band 3,Permanent,No,Active
E00794,xenia.ueda@example.com,xenia.ueda@example.com,+447717257388,L00794,Legal,Legal Team 3,APAC,Sao Paulo,Band 2,Permanent,Yes,Active
E00795,aisha.zhang@example.com,aisha.zhang@example.com,+447766967230,L00795,HR,HR Team 4,AMER,Pune,Band 3,Fixed Term,No,Active
E00796,jonas.lopez2@example.com,jonas.lopez2@example.com,+447760256378,L00796,Operations,Operations Team 4,EMEA,Singapore,Band 4,Permanent,No,Active
E00797,rosa.okafor4@example.com,rosa.okafor4@example.com,+447768269183,L00797,Marketing,Marketing Team 4,EMEA,London,Band 2,Permanent,No,Active
E00798,daniel.novak2@example.com,daniel.novak2@example.com,+447786592035,L00798,Manufacturing,Manufacturing Team 1,EMEA,Remote,Band 3,Contractor,No,Active
E00799,zoe.jensen@example.com,zoe.jensen@example.com,+447753064690,L00799,Legal,Legal Team 2,EMEA,London,Band 1,Permanent,No,Active
E00800,tariq.fischer2@example.com,tariq.fischer2@example.com,+447748662687,L00800,Manufacturing,Manufacturing Team 1,EMEA,Chicago,Band 1,Permanent,No,Active
E00801,amara.okafor@example.com,amara.okafor@example.com,+447715883624,L00801,Technology,Technology Team 1,EMEA,Singapore,Band 3,Permanent,No,Active
E00802,sam.ahmed2@example.com,sam.ahmed2@example.com,+447735789290,L00802,Sales,Sales Team 4,EMEA,Sao Paulo,Band 4,Fixed Term,No,Active
E00803,quinn.yilmaz3@example.com,quinn.yilmaz3@example.com,+447756918800,L00803,Sales,Sales Team 1,APAC,Manchester,Band 4,Permanent,No,Active
E00804,cara.walsh2@example.com,cara.walsh2@example.com,+447757696222,L00804,Technology,Technology Team 4,APAC,London,Band 1,Permanent,No,Active
E00805,amara.silva3@example.com,amara.silva3@example.com,+447744052809,L00805,Sales,Sales Team 2,LATAM,Manchester,Band 2,Permanent,No,Active
E00806,chloe.okafor3@example.com,chloe.okafor3@example.com,+447780338892,L00806,Sales,Sales Team 1,EMEA,Remote,Band 4,Permanent,No,Active
E00807,quinn.jensen2@example.com,quinn.jensen2@example.com,+447780977190,L00807,Manufacturing,Manufacturing Team 2,AMER,Sao Paulo,Band 3,Contractor,No,Active
E00808,xenia.hansen2@example.com,xenia.hansen2@example.com,+447787804186,L00808,Sales,Sales Team 3,EMEA,London,Band 3,Permanent,No,Active
E00809,daniel.dubois4@example.com,daniel.dubois4@example.com,+447769453729,L00809,Operations,Operations Team 4,EMEA,Singapore,Band 4,Permanent,No,Active
E00810,sam.novak@example.com,sam.novak@example.com,+447748258992,L00810,Manufacturing,Manufacturing Team 2,LATAM,Remote,Band 3,Permanent,Yes,Active
E00811,kira.rossi2@example.com,kira.rossi2@example.com,+447712413909,L00811,Operations,Operations Team 1,APAC,London,Band 3,Permanent,No,Active
E00812,xenia.kowalski2@example.com,xenia.kowalski2@example.com,+447710734448,L00812,Manufacturing,Manufacturing Team 1,EMEA,Manchester,Band 4,Permanent,No,Active
E00813,quinn.iyer2@example.com,quinn.iyer2@example.com,+447716980928,L00813,Technology,Technology Team 1,LATAM,Remote,Band 2,Permanent,No,Active
E00814,ben.iyer2@example.com,ben.iyer2@example.com,+447782364821,L00814,Manufacturing,Manufacturing Team 4,APAC,Remote,Band 4,Fixed Term,No,Active
E00815,viktor.ueda2@example.com,viktor.ueda2@example.com,+447741187881,L00815,Manufacturing,Manufacturing Team 4,AMER,Manchester,Band 3,Permanent,No,Active
E00816,bruno.okafor3@example.com,bruno.okafor3@example.com,+447710624590,L00816,Manufacturing,Manufacturing Team 1,AMER,London,Band 2,Permanent,Yes,Active
E00817,elena.kowalski2@example.com,elena.kowalski2@example.com,+447750087885,L00817,Manufacturing,Manufacturing Team 4,APAC,Chicago,Band 1,Permanent,No,Active
E00818,tariq.yilmaz3@example.com,tariq.yilmaz3@example.com,+447789570396,L00818,Manufacturing,Manufacturing Team 4,EMEA,London,Band 3,Permanent,No,Active
E00819,zoe.garcia@example.com,zoe.garcia@example.com,+447731720062,L00819,Manufacturing,Manufacturing Team 3,EMEA,London,Band 1,Permanent,No,Active
E00820,ines.muller2@example.com,ines.muller2@example.com,+447758472379,L00820,Sales,Sales Team 4,APAC,Pune,Band 3,Permanent,Yes,Active
E00821,dmitri.evans2@example.com,dmitri.evans2@example.com,+447752528147,L00821,Marketing,Marketing Team 3,EMEA,Pune,Band 4,Permanent,No,Active
E00822,zoe.lopez@example.com,zoe.lopez@example.com,+447793974909,L00822,Operations,Operations Team 4,AMER,Sao Paulo,Band 1,Permanent,No,Active
E00823,dmitri.patel@example.com,dmitri.patel@example.com,+447739709157,L00823,Sales,Sales Team 4,APAC,London,Band 2,Permanent,No,Active
E00824,wei.dubois@example.com,wei.dubois@example.com,+447790594857,L00824,Manufacturing,Manufacturing Team 2,AMER,Singapore,Band 2,Permanent,Yes,Active
E00825,tariq.brown@example.com,tariq.brown@example.com,+447719167742,L00825,Manufacturing,Manufacturing Team 2,AMER,Remote,Band 2,Fixed Term,No,Active
E00826,farid.patel2@example.com,farid.patel2@example.com,+447788885764,L00826,Manufacturing,Manufacturing Team 1,AMER,Sao Paulo,Band 3,Contractor,No,Active
E00827,rosa.hansen@example.com,rosa.hansen@example.com,+447722358383,L00827,Marketing,Marketing Team 3,APAC,Singapore,Band 3,Contractor,No,Active
E00828,viktor.novak@example.com,viktor.novak@example.com,+447761280869,L00828,HR,HR Team 4,AMER,Manchester,Band 1,Permanent,No,Active
E00829,tariq.fischer3@example.com,tariq.fischer3@example.com,+447725490822,L00829,Marketing,Marketing Team 4,APAC,Remote,Band 2,Permanent,No,Active
E00830,wei.vargas@example.com,wei.vargas@example.com,+447721652772,L00830,Operations,Operations Team 1,EMEA,Pune,Band 1,Permanent,No,Active
E00831,ben.iyer3@example.com,ben.iyer3@example.com,+447754361127,L00831,Manufacturing,Manufacturing Team 3,AMER,Manchester,Band 3,Fixed Term,No,Active
E00832,quinn.ahmed2@example.com,quinn.ahmed2@example.com,+447776205255,L00832,Manufacturing,Manufacturing Team 1,EMEA,Pune,Band 2,Permanent,No,Active
E00833,amara.jensen2@example.com,amara.jensen2@example.com,+447784256369,L00833,Marketing,Marketing Team 3,EMEA,Chicago,Band 2,Permanent,No,Active
E00834,yusuf.jensen@example.com,yusuf.jensen@example.com,+447771060690,L00834,Finance,Finance Team 2,EMEA,Singapore,Band 2,Permanent,No,Active
E00835,grace.dubois@example.com,grace.dubois@example.com,+447784152936,L00835,Operations,Operations Team 2,EMEA,Pune,Band 4,Permanent,No,Active
E00836,grace.muller4@example.com,grace.muller4@example.com,+447772809395,L00836,Manufacturing,Manufacturing Team 2,APAC,London,Band 2,Permanent,No,Active
E00837,farid.novak@example.com,farid.novak@example.com,+447793237164,L00837,Manufacturing,Manufacturing Team 2,EMEA,London,Band 2,Permanent,No,Active
E00838,zoe.iyer@example.com,zoe.iyer@example.com,+447776192892,L00838,Sales,Sales Team 1,AMER,Remote,Band 2,Permanent,No,Active
E00839,tariq.brown2@example.com,tariq.brown2@example.com,+447713919005,L00839,Marketing,Marketing Team 2,AMER,Sao Paulo,Band 1,Permanent,No,Active
E00840,amara.novak3@example.com,amara.novak3@example.com,+447729688447,L00840,Manufacturing,Manufacturing Team 3,EMEA,Remote,Band 1,Permanent,Yes,Active
E00841,cara.silva2@example.com,cara.silva2@example.com,+447712712861,L00841,Manufacturing,Manufacturing Team 2,APAC,Sao Paulo,Band 3,Permanent,No,Active
E00842,noah.yilmaz@example.com,noah.yilmaz@example.com,+447765112085,L00842,HR,HR Team 2,AMER,Chicago,Exec,Permanent,No,Active
E00843,bruno.dubois2@example.com,bruno.dubois2@example.com,+447795253220,L00843,Operations,Operations Team 2,EMEA,London,Band 3,Permanent,No,Active
E00844,ben.brown3@example.com,ben.brown3@example.com,+447773949861,L00844,Sales,Sales Team 1,AMER,Remote,Band 2,Permanent,No,Active
E00845,liam.jensen3@example.com,liam.jensen3@example.com,+447778100510,L00845,Sales,Sales Team 2,APAC,Singapore,Band 2,Permanent,No,Active
E00846,maya.hansen4@example.com,maya.hansen4@example.com,+447760892324,L00846,Marketing,Marketing Team 4,EMEA,London,Band 4,Permanent,No,Active
E00847,viktor.dubois@example.com,viktor.dubois@example.com,+447761027764,L00847,Manufacturing,Manufacturing Team 1,AMER,Singapore,Band 3,Permanent,Yes,Active
E00848,hiro.patel4@example.com,hiro.patel4@example.com,+447713343034,L00848,Finance,Finance Team 2,EMEA,Chicago,Band 2,Permanent,No,Active
E00849,ben.silva4@example.com,ben.silva4@example.com,+447771630085,L00849,Technology,Technology Team 4,AMER,Remote,Band 2,Permanent,No,Active
E00850,xenia.lopez2@example.com,xenia.lopez2@example.com,+447790220471,L00850,Operations,Operations Team 3,AMER,Remote,Band 2,Fixed Term,No,Active
E00851,noah.iyer6@example.com,noah.iyer6@example.com,+447787737839,L00851,Manufacturing,Manufacturing Team 2,EMEA,London,Band 2,Contractor,No,Active
E00852,viktor.vargas2@example.com,viktor.vargas2@example.com,+447757193459,L00852,Manufacturing,Manufacturing Team 3,APAC,Remote,Band 1,Permanent,No,Active
E00853,grace.iyer@example.com,grace.iyer@example.com,+447743241612,L00853,Legal,Legal Team 3,EMEA,Singapore,Band 1,Permanent,No,Active
E00854,viktor.iyer@example.com,viktor.iyer@example.com,+447797511445,L00854,Finance,Finance Team 1,EMEA,Remote,Band 3,Fixed Term,No,Active
E00855,viktor.patel7@example.com,viktor.patel7@example.com,+447732755013,L00855,Manufacturing,Manufacturing Team 1,EMEA,London,Band 1,Permanent,No,Active
E00856,bruno.fischer2@example.com,bruno.fischer2@example.com,+447733607367,L00856,Manufacturing,Manufacturing Team 3,AMER,Remote,Band 1,Permanent,No,Active
E00857,dmitri.okafor@example.com,dmitri.okafor@example.com,+447739539541,L00857,Manufacturing,Manufacturing Team 2,LATAM,Chicago,Band 3,Permanent,No,Active
E00858,zoe.evans2@example.com,zoe.evans2@example.com,+447732838322,L00858,Manufacturing,Manufacturing Team 1,AMER,Pune,Band 1,Permanent,No,Active
E00859,sam.walsh5@example.com,sam.walsh5@example.com,+447777660990,L00859,Marketing,Marketing Team 3,APAC,London,Band 1,Permanent,No,Active
E00860,olu.fischer3@example.com,olu.fischer3@example.com,+447778182525,L00860,Marketing,Marketing Team 4,AMER,Manchester,Band 2,Permanent,No,Active
E00861,elena.hansen@example.com,elena.hansen@example.com,+447719090544,L00861,Legal,Legal Team 1,AMER,Pune,Band 1,Permanent,No,Active
E00862,kira.silva@example.com,kira.silva@example.com,+447799080040,L00862,Finance,Finance Team 4,EMEA,Chicago,Band 2,Permanent,No,Active
E00863,elena.novak2@example.com,elena.novak2@example.com,+447734578722,L00863,Sales,Sales Team 2,EMEA,Sao Paulo,Band 2,Permanent,No,Active
E00864,yusuf.muller2@example.com,yusuf.muller2@example.com,+447771909414,L00864,HR,HR Team 4,AMER,London,Band 3,Permanent,No,Active
E00865,jonas.dubois3@example.com,jonas.dubois3@example.com,+447742419473,L00865,Legal,Legal Team 2,AMER,Singapore,Band 1,Contractor,Yes,Active
E00866,cara.rossi2@example.com,cara.rossi2@example.com,+447731884298,L00866,Sales,Sales Team 3,APAC,Remote,Band 1,Fixed Term,Yes,Active
E00867,bruno.chen@example.com,bruno.chen@example.com,+447730812832,L00867,Manufacturing,Manufacturing Team 4,AMER,London,Band 2,Fixed Term,Yes,Active
E00868,jonas.iyer2@example.com,jonas.iyer2@example.com,+447778170725,L00868,Marketing,Marketing Team 3,AMER,Chicago,Band 1,Permanent,Yes,Active
E00869,cara.okafor2@example.com,cara.okafor2@example.com,+447745794006,L00869,Finance,Finance Team 2,EMEA,Chicago,Band 1,Permanent,No,Active
E00870,sam.patel@example.com,sam.patel@example.com,+447712035784,L00870,Operations,Operations Team 4,AMER,Pune,Band 1,Contractor,No,Active
E00871,viktor.patel8@example.com,viktor.patel8@example.com,+447797996623,L00871,Finance,Finance Team 2,LATAM,Pune,Band 1,Permanent,No,Active
E00872,elena.novak3@example.com,elena.novak3@example.com,+447728804520,L00872,Operations,Operations Team 3,AMER,London,Band 1,Permanent,No,Active
E00873,maya.brown2@example.com,maya.brown2@example.com,+447779724395,L00873,Sales,Sales Team 3,AMER,Sao Paulo,Band 1,Permanent,Yes,Active
E00874,rosa.okafor5@example.com,rosa.okafor5@example.com,+447753038445,L00874,Finance,Finance Team 1,EMEA,Remote,Band 1,Permanent,No,Active
E00875,cara.zhang@example.com,cara.zhang@example.com,+447767750479,L00875,Operations,Operations Team 3,EMEA,Manchester,Band 3,Fixed Term,No,Active
E00876,viktor.walsh2@example.com,viktor.walsh2@example.com,+447726432952,L00876,Operations,Operations Team 2,APAC,Sao Paulo,Band 3,Permanent,No,Active
E00877,aisha.lopez@example.com,aisha.lopez@example.com,+447745207884,L00877,HR,HR Team 2,AMER,Remote,Band 2,Permanent,No,Active
E00878,jonas.walsh5@example.com,jonas.walsh5@example.com,+447751121081,L00878,Technology,Technology Team 3,APAC,London,Band 2,Permanent,No,Active
E00879,ines.zhang@example.com,ines.zhang@example.com,+447761204927,L00879,Marketing,Marketing Team 2,EMEA,Sao Paulo,Band 4,Permanent,No,Active
E00880,dmitri.rossi2@example.com,dmitri.rossi2@example.com,+447776579308,L00880,Manufacturing,Manufacturing Team 2,AMER,Sao Paulo,Band 2,Permanent,No,Active
E00881,quinn.dubois2@example.com,quinn.dubois2@example.com,+447777973567,L00881,Manufacturing,Manufacturing Team 2,EMEA,Sao Paulo,Band 3,Permanent,No,Active
E00882,cara.zhang2@example.com,cara.zhang2@example.com,+447733922214,L00882,Manufacturing,Manufacturing Team 2,AMER,Sao Paulo,Band 4,Permanent,No,Active
E00883,daniel.garcia3@example.com,daniel.garcia3@example.com,+447757772766,L00883,Manufacturing,Manufacturing Team 1,EMEA,Sao Paulo,Band 3,Permanent,No,Active
E00884,uma.silva3@example.com,uma.silva3@example.com,+447771604932,L00884,Operations,Operations Team 4,EMEA,Singapore,Band 2,Permanent,No,Active
E00885,daniel.hansen@example.com,daniel.hansen@example.com,+447779930802,L00885,Manufacturing,Manufacturing Team 1,APAC,Singapore,Band 2,Permanent,No,Active
E00886,ben.vargas@example.com,ben.vargas@example.com,+447764335644,L00886,Legal,Legal Team 1,AMER,London,Band 2,Permanent,No,Active
E00887,liam.hansen@example.com,liam.hansen@example.com,+447783632251,L00887,Technology,Technology Team 2,AMER,Chicago,Band 2,Contractor,No,Active
E00888,kira.kowalski@example.com,kira.kowalski@example.com,+447713781102,L00888,Marketing,Marketing Team 3,AMER,Remote,Band 3,Permanent,No,Active
E00889,zoe.silva@example.com,zoe.silva@example.com,+447796979184,L00889,Manufacturing,Manufacturing Team 2,APAC,Chicago,Band 3,Permanent,No,Active
E00890,grace.silva@example.com,grace.silva@example.com,+447742179034,L00890,Marketing,Marketing Team 2,EMEA,London,Band 1,Permanent,No,Active
E00891,daniel.tanaka@example.com,daniel.tanaka@example.com,+447773266878,L00891,Technology,Technology Team 4,AMER,Chicago,Band 3,Permanent,No,Active
E00892,daniel.zhang3@example.com,daniel.zhang3@example.com,+447780844413,L00892,Technology,Technology Team 1,EMEA,Remote,Band 2,Permanent,No,Active
E00893,liam.garcia3@example.com,liam.garcia3@example.com,+447755557798,L00893,Operations,Operations Team 2,AMER,London,Band 2,Permanent,Yes,Active
E00894,maya.ahmed@example.com,maya.ahmed@example.com,+447722173868,L00894,Marketing,Marketing Team 2,EMEA,London,Band 1,Permanent,Yes,Active
E00895,maya.lopez@example.com,maya.lopez@example.com,+447759580784,L00895,Operations,Operations Team 4,APAC,London,Band 2,Fixed Term,No,Active
E00896,ines.tanaka3@example.com,ines.tanaka3@example.com,+447780600602,L00896,Operations,Operations Team 2,EMEA,Chicago,Band 2,Permanent,No,Active
E00897,bruno.evans@example.com,bruno.evans@example.com,+447747132328,L00897,Sales,Sales Team 2,EMEA,Pune,Band 4,Permanent,No,Active
E00898,rosa.lopez@example.com,rosa.lopez@example.com,+447721458255,L00898,Sales,Sales Team 1,EMEA,Manchester,Band 2,Fixed Term,Yes,Active
E00899,rosa.walsh2@example.com,rosa.walsh2@example.com,+447735096294,L00899,Technology,Technology Team 2,EMEA,Singapore,Band 3,Permanent,No,Active
E00900,cara.fischer2@example.com,cara.fischer2@example.com,+447748311488,L00900,Finance,Finance Team 4,LATAM,London,Band 2,Permanent,No,Active
E00901,tariq.jensen@example.com,tariq.jensen@example.com,+447726296762,L00901,HR,HR Team 4,EMEA,London,Band 1,Contractor,No,Active
E00902,aisha.rossi4@example.com,aisha.rossi4@example.com,+447728127230,L00902,Operations,Operations Team 1,AMER,Remote,Band 1,Permanent,No,Active
E00903,elena.walsh@example.com,elena.walsh@example.com,+447750131686,L00903,Manufacturing,Manufacturing Team 4,AMER,Pune,Band 4,Permanent,No,Active
E00904,liam.zhang@example.com,liam.zhang@example.com,+447744931411,L00904,Operations,Operations Team 1,EMEA,Sao Paulo,Band 3,Permanent,No,Active
E00905,priya.yilmaz@example.com,priya.yilmaz@example.com,+447797610556,L00905,Finance,Finance Team 3,AMER,Remote,Band 4,Permanent,No,Active
E00906,yusuf.walsh2@example.com,yusuf.walsh2@example.com,+447794108310,L00906,Finance,Finance Team 3,EMEA,Remote,Band 1,Permanent,No,Active
E00907,xenia.fischer@example.com,xenia.fischer@example.com,+447724257411,L00907,Manufacturing,Manufacturing Team 4,EMEA,Chicago,Band 1,Permanent,No,Active
E00908,kira.tanaka4@example.com,kira.tanaka4@example.com,+447792951734,L00908,Operations,Operations Team 1,AMER,Chicago,Band 2,Permanent,No,Active
E00909,ben.chen@example.com,ben.chen@example.com,+447768522188,L00909,HR,HR Team 2,APAC,Singapore,Band 1,Permanent,No,Active
E00910,daniel.patel@example.com,daniel.patel@example.com,+447770805067,L00910,HR,HR Team 2,EMEA,Sao Paulo,Band 2,Permanent,No,Active
E00911,elena.ueda2@example.com,elena.ueda2@example.com,+447742842311,L00911,Sales,Sales Team 4,EMEA,Pune,Band 2,Permanent,No,Active
E00912,dmitri.ahmed2@example.com,dmitri.ahmed2@example.com,+447776143062,L00912,Operations,Operations Team 4,AMER,Pune,Band 1,Fixed Term,No,Active
E00913,ben.fischer@example.com,ben.fischer@example.com,+447772684714,L00913,Operations,Operations Team 2,EMEA,Singapore,Band 1,Contractor,No,Active
E00914,amara.brown2@example.com,amara.brown2@example.com,+447717166124,L00914,Manufacturing,Manufacturing Team 1,APAC,Singapore,Band 3,Permanent,No,Active
E00915,sam.rossi2@example.com,sam.rossi2@example.com,+447753076106,L00915,Technology,Technology Team 3,EMEA,Chicago,Band 2,Permanent,No,Active
E00916,rosa.hansen2@example.com,rosa.hansen2@example.com,+447770529128,L00916,Marketing,Marketing Team 4,EMEA,Chicago,Band 3,Permanent,No,Active
E00917,zoe.okafor@example.com,zoe.okafor@example.com,+447792071411,L00917,Technology,Technology Team 4,EMEA,London,Band 1,Permanent,No,Active
E00918,farid.ueda@example.com,farid.ueda@example.com,+447724211780,L00918,Technology,Technology Team 2,APAC,Sao Paulo,Band 2,Permanent,No,Active
E00919,viktor.garcia2@example.com,viktor.garcia2@example.com,+447768396725,L00919,Technology,Technology Team 3,EMEA,Singapore,Band 2,Contractor,No,Active
E00920,jonas.ueda@example.com,jonas.ueda@example.com,+447799354602,L00920,Operations,Operations Team 3,EMEA,Manchester,Band 2,Permanent,No,Active
E00921,chloe.brown2@example.com,chloe.brown2@example.com,+447746845656,L00921,Marketing,Marketing Team 2,EMEA,Pune,Band 4,Permanent,No,Active
E00922,wei.rossi4@example.com,wei.rossi4@example.com,+447761300181,L00922,Technology,Technology Team 3,LATAM,Sao Paulo,Band 1,Fixed Term,No,Active
E00923,rosa.muller2@example.com,rosa.muller2@example.com,+447735538950,L00923,Sales,Sales Team 2,AMER,Remote,Band 4,Permanent,No,Active
E00924,ben.novak2@example.com,ben.novak2@example.com,+447713705463,L00924,Manufacturing,Manufacturing Team 2,AMER,Remote,Band 2,Permanent,No,Active
E00925,grace.silva2@example.com,grace.silva2@example.com,+447730969011,L00925,Operations,Operations Team 4,EMEA,Chicago,Band 1,Permanent,No,Active
E00926,kira.muller@example.com,kira.muller@example.com,+447742738298,L00926,Manufacturing,Manufacturing Team 1,EMEA,Chicago,Band 4,Permanent,No,Active
E00927,grace.lopez3@example.com,grace.lopez3@example.com,+447748911329,L00927,Finance,Finance Team 2,APAC,Remote,Band 3,Permanent,No,Active
E00928,farid.brown2@example.com,farid.brown2@example.com,+447767880421,L00928,Finance,Finance Team 1,EMEA,Pune,Band 4,Permanent,No,Active
E00929,ines.dubois2@example.com,ines.dubois2@example.com,+447795524829,L00929,Manufacturing,Manufacturing Team 1,AMER,Manchester,Band 2,Permanent,Yes,Active
E00930,ines.dubois3@example.com,ines.dubois3@example.com,+447749627533,L00930,Manufacturing,Manufacturing Team 3,EMEA,Pune,Band 1,Permanent,No,Active
E00931,aisha.fischer@example.com,aisha.fischer@example.com,+447791776782,L00931,HR,HR Team 2,EMEA,Manchester,Band 1,Permanent,No,Active
E00932,priya.silva2@example.com,priya.silva2@example.com,+447797390391,L00932,Legal,Legal Team 4,LATAM,Singapore,Band 4,Permanent,No,Active
E00933,sam.evans3@example.com,sam.evans3@example.com,+447719457345,L00933,Manufacturing,Manufacturing Team 1,AMER,Remote,Band 2,Permanent,No,Active
E00934,noah.silva@example.com,noah.silva@example.com,+447750745222,L00934,Technology,Technology Team 2,AMER,Singapore,Band 3,Permanent,No,Active
E00935,xenia.yilmaz4@example.com,xenia.yilmaz4@example.com,+447716462799,L00935,HR,HR Team 1,EMEA,Pune,Band 3,Permanent,Yes,Active
E00936,maya.chen2@example.com,maya.chen2@example.com,+447720296163,L00936,Manufacturing,Manufacturing Team 4,APAC,London,Band 2,Permanent,No,Active
E00937,hiro.jensen2@example.com,hiro.jensen2@example.com,+447798143274,L00937,Technology,Technology Team 4,LATAM,Singapore,Band 1,Permanent,No,Active
E00938,rosa.yilmaz3@example.com,rosa.yilmaz3@example.com,+447716448921,L00938,Manufacturing,Manufacturing Team 1,EMEA,Remote,Band 1,Permanent,No,Active
E00939,priya.lopez@example.com,priya.lopez@example.com,+447740072217,L00939,Manufacturing,Manufacturing Team 2,EMEA,Chicago,Band 1,Permanent,Yes,Active
E00940,chloe.rossi@example.com,chloe.rossi@example.com,+447784276123,L00940,Technology,Technology Team 1,AMER,Sao Paulo,Band 2,Permanent,No,Active
E00941,aisha.muller@example.com,aisha.muller@example.com,+447725131928,L00941,Finance,Finance Team 3,AMER,Manchester,Band 2,Permanent,No,Active
E00942,chloe.ahmed2@example.com,chloe.ahmed2@example.com,+447717027804,L00942,Manufacturing,Manufacturing Team 3,AMER,Sao Paulo,Band 4,Permanent,No,Active
E00943,sam.garcia2@example.com,sam.garcia2@example.com,+447722120282,L00943,Operations,Operations Team 1,APAC,Remote,Band 3,Permanent,No,Active
E00944,wei.chen4@example.com,wei.chen4@example.com,+447741195270,L00944,HR,HR Team 4,EMEA,Manchester,Band 1,Permanent,No,Active
E00945,xenia.yilmaz5@example.com,xenia.yilmaz5@example.com,+447771646045,L00945,Operations,Operations Team 1,EMEA,Remote,Band 1,Permanent,No,Active
E00946,olu.muller3@example.com,olu.muller3@example.com,+447710247329,L00946,Operations,Operations Team 3,AMER,Singapore,Band 3,Permanent,No,Active
E00947,ines.garcia2@example.com,ines.garcia2@example.com,+447759520874,L00947,Manufacturing,Manufacturing Team 1,APAC,Chicago,Band 1,Contractor,No,Active
E00948,ben.rossi4@example.com,ben.rossi4@example.com,+447763468596,L00948,Manufacturing,Manufacturing Team 3,EMEA,Sao Paulo,Band 2,Permanent,No,Active
E00949,farid.fischer3@example.com,farid.fischer3@example.com,+447779468573,L00949,Operations,Operations Team 1,EMEA,Remote,Band 1,Permanent,No,Active
E00950,amara.kowalski@example.com,amara.kowalski@example.com,+447768409963,L00950,Manufacturing,Manufacturing Team 2,AMER,Remote,Band 4,Permanent,No,Active
E00951,xenia.patel2@example.com,xenia.patel2@example.com,+447712500986,L00951,Operations,Operations Team 2,AMER,Chicago,Band 1,Permanent,No,Active
E00952,liam.walsh@example.com,liam.walsh@example.com,+447790565568,L00952,Manufacturing,Manufacturing Team 3,AMER,Pune,Band 1,Permanent,No,Active
E00953,tariq.rossi3@example.com,tariq.rossi3@example.com,+447787674128,L00953,Sales,Sales Team 2,EMEA,Chicago,Band 1,Permanent,No,Active
E00954,daniel.ueda4@example.com,daniel.ueda4@example.com,+447733751228,L00954,Manufacturing,Manufacturing Team 2,EMEA,London,Band 3,Contractor,No,Active
E00955,rosa.lopez2@example.com,rosa.lopez2@example.com,+447777226217,L00955,Manufacturing,Manufacturing Team 1,EMEA,Sao Paulo,Band 1,Permanent,No,Active
E00956,cara.kowalski5@example.com,cara.kowalski5@example.com,+447714652751,L00956,Manufacturing,Manufacturing Team 3,EMEA,Singapore,Band 2,Permanent,No,Active
E00957,yusuf.novak2@example.com,yusuf.novak2@example.com,+447790991565,L00957,Legal,Legal Team 1,EMEA,Sao Paulo,Band 1,Permanent,No,Active
E00958,grace.dubois2@example.com,grace.dubois2@example.com,+447788817442,L00958,Marketing,Marketing Team 3,EMEA,Singapore,Band 2,Permanent,No,Active
E00959,elena.lopez3@example.com,elena.lopez3@example.com,+447723993646,L00959,Sales,Sales Team 4,AMER,Sao Paulo,Band 2,Permanent,No,Active
E00960,xenia.dubois@example.com,xenia.dubois@example.com,+447748234654,L00960,Technology,Technology Team 1,APAC,Remote,Band 1,Fixed Term,No,Active
E00961,sam.ueda2@example.com,sam.ueda2@example.com,+447755497912,L00961,Manufacturing,Manufacturing Team 4,APAC,Sao Paulo,Band 1,Fixed Term,No,Active
E00962,farid.dubois@example.com,farid.dubois@example.com,+447749676093,L00962,Sales,Sales Team 3,EMEA,Pune,Band 2,Permanent,Yes,Active
E00963,cara.silva3@example.com,cara.silva3@example.com,+447747040258,L00963,Sales,Sales Team 3,EMEA,Pune,Band 1,Permanent,No,Active
E00964,rosa.dubois2@example.com,rosa.dubois2@example.com,+447734233621,L00964,Sales,Sales Team 4,AMER,London,Band 1,Permanent,No,Active
E00965,zoe.ahmed2@example.com,zoe.ahmed2@example.com,+447727298192,L00965,Operations,Operations Team 2,EMEA,Remote,Band 1,Permanent,No,Active
E00966,kira.evans3@example.com,kira.evans3@example.com,+447748515120,L00966,Manufacturing,Manufacturing Team 3,AMER,Pune,Band 1,Permanent,No,Active
E00967,priya.ueda2@example.com,priya.ueda2@example.com,+447760347136,L00967,Sales,Sales Team 1,EMEA,Pune,Band 1,Contractor,Yes,Active
E00968,farid.evans@example.com,farid.evans@example.com,+447722871120,L00968,Finance,Finance Team 3,AMER,Singapore,Band 3,Permanent,No,Active
E00969,elena.ahmed2@example.com,elena.ahmed2@example.com,+447775734032,L00969,Marketing,Marketing Team 2,APAC,Chicago,Band 1,Permanent,No,Active
E00970,olu.okafor2@example.com,olu.okafor2@example.com,+447760069118,L00970,Finance,Finance Team 4,EMEA,Remote,Band 1,Permanent,Yes,Active
E00971,yusuf.novak3@example.com,yusuf.novak3@example.com,+447795200411,L00971,Finance,Finance Team 1,APAC,Chicago,Band 3,Permanent,Yes,Active
E00972,uma.hansen2@example.com,uma.hansen2@example.com,+447793207101,L00972,HR,HR Team 4,APAC,Remote,Band 4,Permanent,No,Active
E00973,kira.vargas2@example.com,kira.vargas2@example.com,+447752054025,L00973,Legal,Legal Team 2,EMEA,Singapore,Band 3,Contractor,No,Active
E00974,jonas.zhang2@example.com,jonas.zhang2@example.com,+447760213599,L00974,Finance,Finance Team 4,EMEA,Singapore,Band 2,Permanent,No,Active
E00975,maya.chen3@example.com,maya.chen3@example.com,+447723539644,L00975,Manufacturing,Manufacturing Team 4,EMEA,Manchester,Band 2,Contractor,No,Active
E00976,sam.okafor2@example.com,sam.okafor2@example.com,+447757312766,L00976,Finance,Finance Team 4,AMER,London,Band 1,Permanent,Yes,Active
E00977,grace.zhang@example.com,grace.zhang@example.com,+447714098317,L00977,Technology,Technology Team 2,LATAM,Singapore,Band 1,Permanent,Yes,Active
E00978,hiro.tanaka@example.com,hiro.tanaka@example.com,+447773607869,L00978,Manufacturing,Manufacturing Team 4,EMEA,Chicago,Band 1,Permanent,No,Active
E00979,sam.iyer@example.com,sam.iyer@example.com,+447796155503,L00979,Operations,Operations Team 2,APAC,Remote,Band 1,Permanent,No,Active
E00980,olu.chen3@example.com,olu.chen3@example.com,+447770392044,L00980,Manufacturing,Manufacturing Team 4,LATAM,Manchester,Band 2,Permanent,No,Active
E00981,jonas.vargas@example.com,jonas.vargas@example.com,+447741898628,L00981,Sales,Sales Team 1,APAC,Singapore,Band 3,Permanent,Yes,Active
E00982,maya.chen4@example.com,maya.chen4@example.com,+447779823432,L00982,Finance,Finance Team 2,LATAM,Sao Paulo,Band 1,Permanent,No,Active
E00983,zoe.muller@example.com,zoe.muller@example.com,+447719911840,L00983,Sales,Sales Team 1,EMEA,Manchester,Band 2,Permanent,No,Active
E00984,bruno.walsh@example.com,bruno.walsh@example.com,+447763768120,L00984,Manufacturing,Manufacturing Team 4,EMEA,Pune,Band 4,Permanent,No,Active
E00985,ben.walsh2@example.com,ben.walsh2@example.com,+447776686360,L00985,Sales,Sales Team 3,AMER,Pune,Band 3,Permanent,No,Active
E00986,ben.walsh3@example.com,ben.walsh3@example.com,+447796531828,L00986,Sales,Sales Team 1,EMEA,London,Band 3,Permanent,No,Active
E00987,aisha.brown3@example.com,aisha.brown3@example.com,+447746280324,L00987,Technology,Technology Team 2,AMER,Sao Paulo,Band 4,Permanent,No,Active
E00988,chloe.yilmaz2@example.com,chloe.yilmaz2@example.com,+447777681050,L00988,Sales,Sales Team 3,EMEA,Remote,Band 3,Permanent,No,Active
E00989,xenia.brown@example.com,xenia.brown@example.com,+447779474137,L00989,Technology,Technology Team 1,AMER,Remote,Band 3,Permanent,No,Active
E00990,zoe.okafor2@example.com,zoe.okafor2@example.com,+447759108507,L00990,Manufacturing,Manufacturing Team 3,AMER,Singapore,Band 1,Permanent,No,Active
E00991,hiro.garcia@example.com,hiro.garcia@example.com,+447724226033,L00991,Sales,Sales Team 1,AMER,Manchester,Band 2,Permanent,Yes,Active
E00992,bruno.chen2@example.com,bruno.chen2@example.com,+447781479005,L00992,Operations,Operations Team 2,EMEA,Chicago,Band 2,Permanent,No,Active
E00993,zoe.garcia2@example.com,zoe.garcia2@example.com,+447723458019,L00993,Technology,Technology Team 4,EMEA,London,Band 2,Permanent,No,Active
E00994,jonas.novak3@example.com,jonas.novak3@example.com,+447722485773,L00994,Manufacturing,Manufacturing Team 1,EMEA,London,Band 1,Permanent,No,Active
E00995,dmitri.ahmed3@example.com,dmitri.ahmed3@example.com,+447755618474,L00995,Technology,Technology Team 2,EMEA,Singapore,Band 1,Permanent,No,Active
E00996,quinn.vargas@example.com,quinn.vargas@example.com,+447719120168,L00996,Sales,Sales Team 2,EMEA,Sao Paulo,Band 1,Permanent,No,Active
E00997,daniel.tanaka2@example.com,daniel.tanaka2@example.com,+447790696278,L00997,Manufacturing,Manufacturing Team 4,AMER,Manchester,Band 1,Permanent,No,Active
E00998,maya.brown3@example.com,maya.brown3@example.com,+447799291041,L00998,Operations,Operations Team 3,EMEA,Remote,Band 1,Permanent,No,Active
E00999,viktor.zhang3@example.com,viktor.zhang3@example.com,+447720097047,L00999,Marketing,Marketing Team 1,EMEA,Singapore,Band 1,Contractor,No,Active
E01000,priya.fischer3@example.com,priya.fischer3@example.com,+447788905793,L01000,Technology,Technology Team 2,AMER,Sao Paulo,Band 4,Permanent,Yes,Active
E01001,maya.zhang2@example.com,maya.zhang2@example.com,+447717533233,L01001,Marketing,Marketing Team 4,AMER,Singapore,Band 1,Permanent,Yes,Active
E01002,priya.ahmed4@example.com,priya.ahmed4@example.com,+447792011297,L01002,Manufacturing,Manufacturing Team 4,EMEA,Sao Paulo,Band 1,Permanent,No,Active
E01003,hiro.yilmaz2@example.com,hiro.yilmaz2@example.com,+447720200136,L01003,Legal,Legal Team 1,EMEA,Chicago,Band 1,Permanent,No,Active
E01004,elena.brown2@example.com,elena.brown2@example.com,+447763166110,L01004,Sales,Sales Team 4,AMER,Remote,Band 2,Permanent,Yes,Active
E01005,olu.hansen@example.com,olu.hansen@example.com,+447775916698,L01005,Manufacturing,Manufacturing Team 4,AMER,Pune,Band 3,Permanent,No,Active
E01006,amara.novak4@example.com,amara.novak4@example.com,+447788853395,L01006,Legal,Legal Team 1,AMER,Chicago,Band 2,Permanent,No,Active
E01007,quinn.ahmed3@example.com,quinn.ahmed3@example.com,+447714750480,L01007,Technology,Technology Team 1,AMER,Remote,Band 1,Permanent,No,Active
E01008,zoe.kowalski2@example.com,zoe.kowalski2@example.com,+447745231153,L01008,Finance,Finance Team 3,EMEA,Chicago,Band 4,Permanent,No,Active
E01009,tariq.okafor3@example.com,tariq.okafor3@example.com,+447798148270,L01009,Operations,Operations Team 3,EMEA,Manchester,Band 2,Fixed Term,Yes,Active
E01010,yusuf.rossi4@example.com,yusuf.rossi4@example.com,+447798467757,L01010,Manufacturing,Manufacturing Team 1,AMER,Manchester,Band 4,Permanent,No,Active
E01011,xenia.walsh3@example.com,xenia.walsh3@example.com,+447710117509,L01011,Operations,Operations Team 4,AMER,Singapore,Band 1,Permanent,Yes,Active
E01012,elena.silva@example.com,elena.silva@example.com,+447747024516,L01012,Sales,Sales Team 3,EMEA,Pune,Band 1,Permanent,No,Active
E01013,noah.lopez3@example.com,noah.lopez3@example.com,+447740167255,L01013,HR,HR Team 3,APAC,Manchester,Band 2,Permanent,Yes,Active
E01014,dmitri.vargas3@example.com,dmitri.vargas3@example.com,+447748064545,L01014,Manufacturing,Manufacturing Team 3,EMEA,Singapore,Band 1,Permanent,No,Active
E01015,elena.kowalski3@example.com,elena.kowalski3@example.com,+447721339789,L01015,Finance,Finance Team 2,LATAM,Chicago,Band 4,Permanent,No,Active
E01016,ben.rossi5@example.com,ben.rossi5@example.com,+447780783299,L01016,Marketing,Marketing Team 1,APAC,Singapore,Band 2,Contractor,No,Active
E01017,sam.tanaka2@example.com,sam.tanaka2@example.com,+447738195093,L01017,Operations,Operations Team 4,AMER,Chicago,Band 4,Permanent,No,Active
E01018,viktor.tanaka@example.com,viktor.tanaka@example.com,+447792092623,L01018,Technology,Technology Team 1,LATAM,Pune,Band 1,Permanent,No,Active
E01019,hiro.chen3@example.com,hiro.chen3@example.com,+447766620011,L01019,Finance,Finance Team 2,EMEA,Singapore,Band 2,Permanent,No,Active
E01020,kira.jensen2@example.com,kira.jensen2@example.com,+447777335695,L01020,Manufacturing,Manufacturing Team 1,EMEA,Remote,Band 3,Permanent,No,Active
E01021,quinn.muller3@example.com,quinn.muller3@example.com,+447715433125,L01021,Manufacturing,Manufacturing Team 2,LATAM,Sao Paulo,Band 2,Permanent,No,Active
E01022,dmitri.kowalski2@example.com,dmitri.kowalski2@example.com,+447721266763,L01022,Operations,Operations Team 4,APAC,Pune,Band 3,Permanent,No,Active
E01023,amara.patel@example.com,amara.patel@example.com,+447780615163,L01023,Manufacturing,Manufacturing Team 1,AMER,Sao Paulo,Band 1,Permanent,No,Active
E01024,liam.garcia4@example.com,liam.garcia4@example.com,+447733116203,L01024,Operations,Operations Team 2,AMER,Remote,Band 3,Contractor,Yes,Active
E01025,quinn.chen2@example.com,quinn.chen2@example.com,+447759609214,L01025,Manufacturing,Manufacturing Team 2,EMEA,Pune,Band 2,Permanent,No,Active
E01026,amara.fischer3@example.com,amara.fischer3@example.com,+447770753341,L01026,Finance,Finance Team 1,LATAM,London,Band 1,Permanent,No,Active
E01027,priya.silva3@example.com,priya.silva3@example.com,+447718952219,L01027,Sales,Sales Team 2,EMEA,Sao Paulo,Band 3,Permanent,No,Active
E01028,zoe.jensen2@example.com,zoe.jensen2@example.com,+447719561245,L01028,Marketing,Marketing Team 2,EMEA,Pune,Band 2,Permanent,No,Active
E01029,grace.kowalski2@example.com,grace.kowalski2@example.com,+447734100108,L01029,Manufacturing,Manufacturing Team 4,AMER,Remote,Band 1,Permanent,No,Active
E01030,elena.tanaka2@example.com,elena.tanaka2@example.com,+447765332286,L01030,Operations,Operations Team 3,EMEA,Sao Paulo,Band 4,Permanent,No,Active
E01031,cara.silva4@example.com,cara.silva4@example.com,+447731943798,L01031,Manufacturing,Manufacturing Team 3,APAC,Manchester,Band 2,Permanent,No,Active
E01032,noah.evans3@example.com,noah.evans3@example.com,+447760130085,L01032,Manufacturing,Manufacturing Team 3,EMEA,Sao Paulo,Band 2,Permanent,No,Active
E01033,zoe.kowalski3@example.com,zoe.kowalski3@example.com,+447789554908,L01033,Marketing,Marketing Team 1,AMER,Sao Paulo,Band 3,Permanent,No,Active
E01034,aisha.patel3@example.com,aisha.patel3@example.com,+447775773951,L01034,Finance,Finance Team 1,EMEA,London,Band 1,Permanent,No,Active
E01035,viktor.ueda3@example.com,viktor.ueda3@example.com,+447787044567,L01035,Operations,Operations Team 2,LATAM,Chicago,Band 1,Permanent,No,Active
E01036,yusuf.okafor3@example.com,yusuf.okafor3@example.com,+447790542117,L01036,Manufacturing,Manufacturing Team 1,APAC,Remote,Band 2,Fixed Term,No,Active
E01037,olu.evans2@example.com,olu.evans2@example.com,+447792798014,L01037,Finance,Finance Team 4,APAC,Remote,Band 1,Permanent,Yes,Active
E01038,ben.chen2@example.com,ben.chen2@example.com,+447730372501,L01038,Manufacturing,Manufacturing Team 4,APAC,Sao Paulo,Band 4,Permanent,No,Active
E01039,elena.rossi3@example.com,elena.rossi3@example.com,+447733056505,L01039,Manufacturing,Manufacturing Team 2,AMER,Manchester,Band 1,Permanent,No,Active
E01040,rosa.lopez3@example.com,rosa.lopez3@example.com,+447712347403,L01040,Technology,Technology Team 4,APAC,Sao Paulo,Band 3,Permanent,No,Active
E01041,aisha.fischer2@example.com,aisha.fischer2@example.com,+447791439830,L01041,Marketing,Marketing Team 4,EMEA,Sao Paulo,Band 1,Permanent,No,Active
E01042,maya.hansen5@example.com,maya.hansen5@example.com,+447750047457,L01042,Operations,Operations Team 2,EMEA,Remote,Band 2,Permanent,No,Active
E01043,quinn.hansen@example.com,quinn.hansen@example.com,+447783311082,L01043,Marketing,Marketing Team 1,APAC,Singapore,Band 3,Permanent,Yes,Active
E01044,liam.novak3@example.com,liam.novak3@example.com,+447780260138,L01044,Operations,Operations Team 2,EMEA,Singapore,Band 1,Contractor,No,Active
E01045,farid.garcia2@example.com,farid.garcia2@example.com,+447733106413,L01045,Sales,Sales Team 3,APAC,Chicago,Band 2,Permanent,No,Active
E01046,ines.hansen@example.com,ines.hansen@example.com,+447772713546,L01046,Marketing,Marketing Team 3,AMER,Manchester,Band 2,Permanent,No,Active
E01047,chloe.kowalski2@example.com,chloe.kowalski2@example.com,+447742910630,L01047,Manufacturing,Manufacturing Team 2,EMEA,Pune,Band 2,Permanent,No,Active
E01048,tariq.silva2@example.com,tariq.silva2@example.com,+447713491070,L01048,Manufacturing,Manufacturing Team 3,AMER,Singapore,Band 1,Permanent,No,Active
E01049,liam.novak4@example.com,liam.novak4@example.com,+447797013913,L01049,Operations,Operations Team 2,EMEA,Chicago,Band 1,Permanent,Yes,Active
E01050,amara.chen@example.com,amara.chen@example.com,+447710080093,L01050,Sales,Sales Team 4,APAC,Pune,Band 2,Permanent,No,Active
E01051,kira.garcia2@example.com,kira.garcia2@example.com,+447753323768,L01051,Sales,Sales Team 2,EMEA,Pune,Band 3,Permanent,No,Active
E01052,wei.kowalski2@example.com,wei.kowalski2@example.com,+447740807381,L01052,HR,HR Team 4,AMER,Singapore,Band 2,Permanent,No,Active
E01053,uma.iyer@example.com,uma.iyer@example.com,+447752463141,L01053,Manufacturing,Manufacturing Team 3,APAC,Pune,Band 3,Permanent,No,Active
E01054,priya.iyer2@example.com,priya.iyer2@example.com,+447786955297,L01054,Manufacturing,Manufacturing Team 1,EMEA,Singapore,Band 1,Permanent,Yes,Active
E01055,kira.brown5@example.com,kira.brown5@example.com,+447794570407,L01055,Sales,Sales Team 2,LATAM,Remote,Band 3,Contractor,No,Active
E01056,yusuf.walsh3@example.com,yusuf.walsh3@example.com,+447713572627,L01056,Manufacturing,Manufacturing Team 1,APAC,Chicago,Band 3,Permanent,Yes,Active
E01057,sam.rossi3@example.com,sam.rossi3@example.com,+447774736689,L01057,Manufacturing,Manufacturing Team 3,AMER,Chicago,Band 2,Permanent,Yes,Active
E01058,xenia.fischer2@example.com,xenia.fischer2@example.com,+447769866034,L01058,Sales,Sales Team 3,EMEA,Sao Paulo,Band 1,Fixed Term,No,Active
E01059,wei.ueda@example.com,wei.ueda@example.com,+447738481289,L01059,HR,HR Team 4,APAC,Pune,Band 1,Permanent,No,Active
E01060,ben.zhang4@example.com,ben.zhang4@example.com,+447750902047,L01060,Finance,Finance Team 1,EMEA,Sao Paulo,Band 3,Permanent,Yes,Active
E01061,grace.dubois3@example.com,grace.dubois3@example.com,+447757024054,L01061,Marketing,Marketing Team 2,EMEA,Remote,Band 1,Fixed Term,Yes,Active
E01062,chloe.patel2@example.com,chloe.patel2@example.com,+447729878738,L01062,Sales,Sales Team 4,EMEA,Remote,Band 3,Permanent,No,Active
E01063,zoe.zhang2@example.com,zoe.zhang2@example.com,+447720647553,L01063,Marketing,Marketing Team 3,EMEA,London,Band 4,Permanent,No,Active
E01064,farid.hansen5@example.com,farid.hansen5@example.com,+447778085392,L01064,Manufacturing,Manufacturing Team 3,EMEA,Chicago,Band 4,Permanent,No,Active
E01065,chloe.kowalski3@example.com,chloe.kowalski3@example.com,+447735254662,L01065,Technology,Technology Team 4,EMEA,Remote,Band 2,Permanent,No,Active
E01066,bruno.okafor4@example.com,bruno.okafor4@example.com,+447744393707,L01066,Sales,Sales Team 2,LATAM,London,Band 3,Fixed Term,No,Active
E01067,chloe.patel3@example.com,chloe.patel3@example.com,+447715923086,L01067,Manufacturing,Manufacturing Team 4,EMEA,Singapore,Band 2,Permanent,No,Active
E01068,daniel.rossi@example.com,daniel.rossi@example.com,+447715209348,L01068,Finance,Finance Team 3,AMER,Singapore,Band 3,Permanent,No,Active
E01069,yusuf.novak4@example.com,yusuf.novak4@example.com,+447713704395,L01069,Manufacturing,Manufacturing Team 1,APAC,Chicago,Band 4,Permanent,Yes,Active
E01070,hiro.rossi2@example.com,hiro.rossi2@example.com,+447794548520,L01070,Marketing,Marketing Team 4,AMER,Pune,Band 2,Permanent,No,Active
E01071,quinn.iyer3@example.com,quinn.iyer3@example.com,+447769695419,L01071,Marketing,Marketing Team 3,EMEA,Remote,Band 1,Permanent,Yes,Active
E01072,amara.yilmaz2@example.com,amara.yilmaz2@example.com,+447784022007,L01072,Manufacturing,Manufacturing Team 1,LATAM,Pune,Band 4,Permanent,No,Active
E01073,dmitri.walsh2@example.com,dmitri.walsh2@example.com,+447791798496,L01073,Sales,Sales Team 1,AMER,Pune,Band 3,Permanent,No,Active
E01074,olu.jensen3@example.com,olu.jensen3@example.com,+447788683704,L01074,Technology,Technology Team 1,AMER,Pune,Band 1,Permanent,No,Active
E01075,wei.evans3@example.com,wei.evans3@example.com,+447792806327,L01075,Technology,Technology Team 4,EMEA,Singapore,Band 1,Fixed Term,No,Active
E01076,olu.jensen4@example.com,olu.jensen4@example.com,+447737256582,L01076,Marketing,Marketing Team 3,APAC,Remote,Band 2,Permanent,No,Active
E01077,wei.fischer3@example.com,wei.fischer3@example.com,+447730536951,L01077,Manufacturing,Manufacturing Team 4,EMEA,Singapore,Band 1,Permanent,No,Active
E01078,ines.iyer3@example.com,ines.iyer3@example.com,+447714185668,L01078,Manufacturing,Manufacturing Team 1,EMEA,Remote,Band 3,Permanent,Yes,Active
E01079,amara.tanaka@example.com,amara.tanaka@example.com,+447787224357,L01079,Marketing,Marketing Team 1,APAC,Singapore,Band 2,Fixed Term,No,Active
E01080,liam.lopez@example.com,liam.lopez@example.com,+447716473382,L01080,Manufacturing,Manufacturing Team 2,AMER,Manchester,Band 4,Permanent,No,Active
E01081,aisha.ahmed3@example.com,aisha.ahmed3@example.com,+447710821729,L01081,Marketing,Marketing Team 1,AMER,Singapore,Band 2,Fixed Term,No,Active
E01082,noah.zhang3@example.com,noah.zhang3@example.com,+447725509130,L01082,Manufacturing,Manufacturing Team 4,APAC,Pune,Band 3,Permanent,Yes,Active
E01083,priya.tanaka4@example.com,priya.tanaka4@example.com,+447785488040,L01083,Manufacturing,Manufacturing Team 1,EMEA,Singapore,Band 2,Permanent,Yes,Active
E01084,elena.patel2@example.com,elena.patel2@example.com,+447769405652,L01084,Manufacturing,Manufacturing Team 1,EMEA,Sao Paulo,Band 2,Permanent,No,Active
E01085,cara.yilmaz3@example.com,cara.yilmaz3@example.com,+447710249741,L01085,Technology,Technology Team 3,EMEA,Remote,Exec,Permanent,Yes,Active
E01086,rosa.ahmed3@example.com,rosa.ahmed3@example.com,+447756097788,L01086,Operations,Operations Team 1,EMEA,Sao Paulo,Band 3,Permanent,No,Active
E01087,priya.okafor2@example.com,priya.okafor2@example.com,+447717901710,L01087,Sales,Sales Team 3,AMER,Remote,Band 3,Permanent,No,Active
E01088,chloe.ahmed3@example.com,chloe.ahmed3@example.com,+447740080798,L01088,Manufacturing,Manufacturing Team 2,EMEA,London,Band 4,Permanent,No,Active
E01089,amara.ueda2@example.com,amara.ueda2@example.com,+447758479749,L01089,Technology,Technology Team 3,AMER,London,Band 1,Permanent,No,Active
E01090,elena.lopez4@example.com,elena.lopez4@example.com,+447798944691,L01090,Operations,Operations Team 2,EMEA,Manchester,Band 2,Contractor,Yes,Active
E01091,tariq.garcia@example.com,tariq.garcia@example.com,+447785092311,L01091,Sales,Sales Team 1,EMEA,London,Exec,Permanent,No,Active
E01092,uma.chen2@example.com,uma.chen2@example.com,+447785568933,L01092,Sales,Sales Team 1,APAC,London,Exec,Permanent,Yes,Active
E01093,liam.chen2@example.com,liam.chen2@example.com,+447770455680,L01093,Marketing,Marketing Team 4,EMEA,Remote,Band 2,Permanent,No,Active
E01094,xenia.tanaka2@example.com,xenia.tanaka2@example.com,+447724367818,L01094,Manufacturing,Manufacturing Team 3,AMER,Sao Paulo,Band 2,Contractor,Yes,Active
E01095,uma.chen3@example.com,uma.chen3@example.com,+447721584307,L01095,Manufacturing,Manufacturing Team 2,APAC,London,Band 1,Permanent,No,Active
E01096,aisha.jensen3@example.com,aisha.jensen3@example.com,+447743062603,L01096,Marketing,Marketing Team 1,EMEA,Manchester,Exec,Fixed Term,No,Active
E01097,uma.muller2@example.com,uma.muller2@example.com,+447793194833,L01097,Finance,Finance Team 3,APAC,Singapore,Band 4,Permanent,No,Active
E01098,olu.jensen5@example.com,olu.jensen5@example.com,+447764112654,L01098,Technology,Technology Team 3,AMER,Pune,Band 1,Permanent,Yes,Active
E01099,olu.rossi@example.com,olu.rossi@example.com,+447763376310,L01099,Technology,Technology Team 1,APAC,London,Band 3,Permanent,No,Active
E01100,cara.garcia2@example.com,cara.garcia2@example.com,+447782553175,L01100,Sales,Sales Team 2,EMEA,Pune,Band 4,Fixed Term,No,Active
E01101,hiro.silva2@example.com,hiro.silva2@example.com,+447734191327,L01101,Technology,Technology Team 1,APAC,Chicago,Band 4,Permanent,No,Active
E01102,kira.fischer2@example.com,kira.fischer2@example.com,+447723561132,L01102,Manufacturing,Manufacturing Team 3,EMEA,Manchester,Band 1,Permanent,Yes,Active
E01103,priya.evans2@example.com,priya.evans2@example.com,+447725709883,L01103,Marketing,Marketing Team 4,APAC,London,Band 1,Permanent,No,Active
E01104,yusuf.patel2@example.com,yusuf.patel2@example.com,+447770109766,L01104,Marketing,Marketing Team 4,AMER,Manchester,Band 4,Permanent,Yes,Active
E01105,xenia.zhang@example.com,xenia.zhang@example.com,+447738097889,L01105,Legal,Legal Team 3,AMER,London,Band 4,Permanent,No,Active
E01106,amara.yilmaz3@example.com,amara.yilmaz3@example.com,+447757702165,L01106,Sales,Sales Team 2,EMEA,Sao Paulo,Band 3,Permanent,No,Active
E01107,cara.walsh3@example.com,cara.walsh3@example.com,+447724326245,L01107,Manufacturing,Manufacturing Team 4,AMER,Singapore,Band 2,Permanent,No,Active
E01108,elena.fischer4@example.com,elena.fischer4@example.com,+447712176431,L01108,HR,HR Team 2,EMEA,Manchester,Band 1,Permanent,No,Active
E01109,jonas.iyer3@example.com,jonas.iyer3@example.com,+447742776563,L01109,Operations,Operations Team 3,EMEA,Chicago,Band 2,Permanent,No,Active
E01110,hiro.walsh2@example.com,hiro.walsh2@example.com,+447774027323,L01110,Technology,Technology Team 2,APAC,Sao Paulo,Band 4,Permanent,No,Active
E01111,kira.novak2@example.com,kira.novak2@example.com,+447722676161,L01111,Manufacturing,Manufacturing Team 3,APAC,Pune,Band 4,Permanent,No,Active
E01112,quinn.yilmaz4@example.com,quinn.yilmaz4@example.com,+447787972051,L01112,Technology,Technology Team 4,APAC,London,Band 4,Contractor,No,Active
E01113,ines.chen2@example.com,ines.chen2@example.com,+447798823609,L01113,Manufacturing,Manufacturing Team 2,EMEA,Remote,Band 3,Permanent,No,Active
E01114,noah.novak2@example.com,noah.novak2@example.com,+447717555584,L01114,Technology,Technology Team 3,AMER,Manchester,Band 3,Permanent,No,Active
E01115,jonas.brown2@example.com,jonas.brown2@example.com,+447741491387,L01115,Operations,Operations Team 1,EMEA,Remote,Band 4,Permanent,No,Active
E01116,ben.fischer2@example.com,ben.fischer2@example.com,+447732565417,L01116,Sales,Sales Team 2,EMEA,Pune,Band 2,Fixed Term,Yes,Active
E01117,chloe.evans2@example.com,chloe.evans2@example.com,+447742040854,L01117,Sales,Sales Team 4,EMEA,Sao Paulo,Band 4,Permanent,No,Active
E01118,zoe.garcia3@example.com,zoe.garcia3@example.com,+447758281158,L01118,Technology,Technology Team 2,AMER,London,Band 1,Contractor,No,Active
E01119,sam.ahmed3@example.com,sam.ahmed3@example.com,+447712664336,L01119,Sales,Sales Team 4,EMEA,Pune,Band 1,Fixed Term,No,Active
E01120,rosa.garcia2@example.com,rosa.garcia2@example.com,+447794937216,L01120,Operations,Operations Team 2,APAC,Pune,Band 1,Contractor,Yes,Active
E01121,bruno.vargas2@example.com,bruno.vargas2@example.com,+447738196944,L01121,Finance,Finance Team 2,EMEA,Remote,Band 2,Permanent,No,Active
E01122,hiro.fischer2@example.com,hiro.fischer2@example.com,+447787411158,L01122,Manufacturing,Manufacturing Team 1,AMER,Remote,Band 2,Permanent,Yes,Active
E01123,uma.patel@example.com,uma.patel@example.com,+447740600878,L01123,Manufacturing,Manufacturing Team 2,APAC,Manchester,Band 1,Permanent,Yes,Active
E01124,xenia.garcia4@example.com,xenia.garcia4@example.com,+447740981924,L01124,Manufacturing,Manufacturing Team 3,AMER,Remote,Band 1,Permanent,No,Active
E01125,rosa.iyer3@example.com,rosa.iyer3@example.com,+447781119707,L01125,Manufacturing,Manufacturing Team 3,AMER,Pune,Band 3,Permanent,No,Active
E01126,daniel.evans3@example.com,daniel.evans3@example.com,+447727691119,L01126,Marketing,Marketing Team 3,EMEA,Pune,Band 2,Permanent,Yes,Active
E01127,xenia.fischer3@example.com,xenia.fischer3@example.com,+447763534841,L01127,Manufacturing,Manufacturing Team 4,LATAM,Remote,Band 1,Permanent,No,Active
E01128,grace.rossi@example.com,grace.rossi@example.com,+447788957173,L01128,Manufacturing,Manufacturing Team 3,EMEA,Remote,Band 1,Permanent,No,Active
E01129,noah.garcia2@example.com,noah.garcia2@example.com,+447779860518,L01129,HR,HR Team 4,AMER,Manchester,Band 4,Permanent,No,Active
E01130,ben.patel2@example.com,ben.patel2@example.com,+447792057551,L01130,Technology,Technology Team 4,EMEA,Chicago,Band 1,Permanent,No,Active
E01131,ben.silva5@example.com,ben.silva5@example.com,+447757407803,L01131,Legal,Legal Team 4,EMEA,Sao Paulo,Band 3,Permanent,No,Active
E01132,farid.yilmaz@example.com,farid.yilmaz@example.com,+447743623874,L01132,Sales,Sales Team 2,EMEA,Remote,Band 2,Permanent,No,Active
E01133,daniel.ueda5@example.com,daniel.ueda5@example.com,+447761759847,L01133,Finance,Finance Team 1,EMEA,Pune,Band 2,Permanent,Yes,Active
E01134,ines.tanaka4@example.com,ines.tanaka4@example.com,+447795954698,L01134,Operations,Operations Team 1,APAC,Manchester,Band 3,Permanent,No,Active
E01135,grace.patel2@example.com,grace.patel2@example.com,+447733028335,L01135,Operations,Operations Team 1,APAC,Chicago,Band 3,Permanent,No,Active
E01136,grace.jensen3@example.com,grace.jensen3@example.com,+447728983137,L01136,HR,HR Team 2,EMEA,Chicago,Band 1,Permanent,No,Active
E01137,bruno.muller3@example.com,bruno.muller3@example.com,+447721871887,L01137,Legal,Legal Team 2,EMEA,Chicago,Band 1,Permanent,Yes,Active
E01138,aisha.brown4@example.com,aisha.brown4@example.com,+447751683413,L01138,Finance,Finance Team 1,APAC,Sao Paulo,Band 1,Fixed Term,No,Active
E01139,uma.muller3@example.com,uma.muller3@example.com,+447782389339,L01139,Manufacturing,Manufacturing Team 4,AMER,Singapore,Band 3,Contractor,No,Active
E01140,chloe.walsh3@example.com,chloe.walsh3@example.com,+447732034344,L01140,Marketing,Marketing Team 3,APAC,Singapore,Band 3,Permanent,Yes,Active
E01141,uma.rossi@example.com,uma.rossi@example.com,+447787892383,L01141,HR,HR Team 4,AMER,Pune,Band 2,Permanent,No,Active
E01142,quinn.vargas2@example.com,quinn.vargas2@example.com,+447760706178,L01142,Technology,Technology Team 4,EMEA,Remote,Band 3,Permanent,No,Active
E01143,bruno.chen3@example.com,bruno.chen3@example.com,+447746242977,L01143,HR,HR Team 1,APAC,Chicago,Band 2,Permanent,Yes,Active
E01144,uma.garcia@example.com,uma.garcia@example.com,+447771067771,L01144,Manufacturing,Manufacturing Team 2,EMEA,Manchester,Exec,Permanent,No,Active
E01145,kira.evans4@example.com,kira.evans4@example.com,+447769397649,L01145,Sales,Sales Team 4,EMEA,London,Band 1,Permanent,No,Active
E01146,farid.walsh@example.com,farid.walsh@example.com,+447765186612,L01146,Manufacturing,Manufacturing Team 1,EMEA,Chicago,Band 3,Permanent,No,Active
E01147,olu.muller4@example.com,olu.muller4@example.com,+447798653619,L01147,Operations,Operations Team 2,APAC,Pune,Band 3,Permanent,No,Active
E01148,uma.chen4@example.com,uma.chen4@example.com,+447741997529,L01148,Manufacturing,Manufacturing Team 2,LATAM,Sao Paulo,Band 2,Permanent,No,Active
E01149,sam.silva3@example.com,sam.silva3@example.com,+447781403168,L01149,Operations,Operations Team 2,LATAM,Sao Paulo,Band 4,Permanent,No,Active
E01150,uma.rossi2@example.com,uma.rossi2@example.com,+447799333796,L01150,Manufacturing,Manufacturing Team 2,EMEA,Chicago,Band 2,Permanent,Yes,Active
E01151,maya.dubois2@example.com,maya.dubois2@example.com,+447771742645,L01151,Legal,Legal Team 4,EMEA,Remote,Band 1,Contractor,No,Active
E01152,kira.okafor3@example.com,kira.okafor3@example.com,+447785204215,L01152,Sales,Sales Team 3,EMEA,Manchester,Band 1,Permanent,No,Active
E01153,ben.walsh4@example.com,ben.walsh4@example.com,+447723383944,L01153,HR,HR Team 2,APAC,Remote,Band 1,Permanent,No,Active
E01154,kira.muller2@example.com,kira.muller2@example.com,+447722286991,L01154,Technology,Technology Team 4,APAC,Singapore,Band 1,Permanent,No,Active
E01155,maya.dubois3@example.com,maya.dubois3@example.com,+447784505518,L01155,Operations,Operations Team 3,AMER,Pune,Band 2,Permanent,Yes,Active
E01156,priya.okafor3@example.com,priya.okafor3@example.com,+447797643462,L01156,Manufacturing,Manufacturing Team 3,APAC,London,Band 1,Permanent,No,Active
E01157,xenia.iyer2@example.com,xenia.iyer2@example.com,+447799861293,L01157,Technology,Technology Team 2,LATAM,Pune,Band 1,Permanent,No,Active
E01158,noah.iyer7@example.com,noah.iyer7@example.com,+447782486044,L01158,Technology,Technology Team 3,AMER,Sao Paulo,Band 1,Permanent,No,Active
E01159,grace.tanaka4@example.com,grace.tanaka4@example.com,+447761748480,L01159,Operations,Operations Team 2,APAC,Chicago,Band 2,Permanent,No,Active
E01160,kira.evans5@example.com,kira.evans5@example.com,+447765814356,L01160,Legal,Legal Team 4,EMEA,Sao Paulo,Band 4,Fixed Term,No,Active
E01161,hiro.vargas4@example.com,hiro.vargas4@example.com,+447772363472,L01161,Operations,Operations Team 3,AMER,Manchester,Band 2,Permanent,No,Active
E01162,olu.patel@example.com,olu.patel@example.com,+447786018795,L01162,Manufacturing,Manufacturing Team 1,APAC,Singapore,Band 1,Permanent,No,Active
E01163,grace.brown@example.com,grace.brown@example.com,+447744965723,L01163,Marketing,Marketing Team 2,AMER,Chicago,Band 1,Permanent,Yes,Active
E01164,wei.dubois2@example.com,wei.dubois2@example.com,+447795725266,L01164,Operations,Operations Team 3,EMEA,Sao Paulo,Band 1,Permanent,Yes,Active
E01165,dmitri.zhang3@example.com,dmitri.zhang3@example.com,+447794891499,L01165,Manufacturing,Manufacturing Team 4,EMEA,Manchester,Band 3,Permanent,No,Active
E01166,priya.jensen3@example.com,priya.jensen3@example.com,+447718433353,L01166,Technology,Technology Team 4,EMEA,Sao Paulo,Band 2,Permanent,No,Active
E01167,noah.vargas@example.com,noah.vargas@example.com,+447712175047,L01167,Manufacturing,Manufacturing Team 3,EMEA,Manchester,Band 2,Permanent,No,Active
E01168,hiro.hansen@example.com,hiro.hansen@example.com,+447717444617,L01168,Finance,Finance Team 2,APAC,Remote,Band 4,Permanent,No,Active
E01169,ben.silva6@example.com,ben.silva6@example.com,+447735850603,L01169,Manufacturing,Manufacturing Team 2,APAC,London,Band 2,Permanent,Yes,Active
E01170,daniel.rossi2@example.com,daniel.rossi2@example.com,+447751711843,L01170,Manufacturing,Manufacturing Team 1,EMEA,Chicago,Band 2,Fixed Term,No,Active
E01171,maya.fischer3@example.com,maya.fischer3@example.com,+447781386988,L01171,Manufacturing,Manufacturing Team 3,AMER,Pune,Band 1,Permanent,No,Active
E01172,uma.jensen4@example.com,uma.jensen4@example.com,+447780707403,L01172,Sales,Sales Team 3,APAC,Remote,Band 3,Permanent,No,Active
E01173,hiro.evans@example.com,hiro.evans@example.com,+447744748454,L01173,HR,HR Team 3,EMEA,Sao Paulo,Band 2,Permanent,Yes,Active
E01174,noah.novak3@example.com,noah.novak3@example.com,+447719141599,L01174,Operations,Operations Team 3,APAC,Pune,Band 4,Permanent,No,Active
E01175,cara.zhang3@example.com,cara.zhang3@example.com,+447799337389,L01175,Manufacturing,Manufacturing Team 1,APAC,Sao Paulo,Band 3,Contractor,Yes,Active
E01176,ben.okafor3@example.com,ben.okafor3@example.com,+447770744616,L01176,Sales,Sales Team 3,EMEA,London,Band 3,Contractor,Yes,Active
E01177,olu.yilmaz@example.com,olu.yilmaz@example.com,+447712243580,L01177,Operations,Operations Team 4,AMER,Chicago,Band 2,Permanent,No,Active
E01178,xenia.ahmed3@example.com,xenia.ahmed3@example.com,+447781721279,L01178,Manufacturing,Manufacturing Team 2,EMEA,Sao Paulo,Band 1,Permanent,No,Active
E01179,xenia.jensen@example.com,xenia.jensen@example.com,+447771067320,L01179,Manufacturing,Manufacturing Team 4,AMER,Manchester,Band 1,Permanent,No,Active
E01180,daniel.brown3@example.com,daniel.brown3@example.com,+447739882214,L01180,Operations,Operations Team 4,LATAM,Pune,Band 2,Permanent,No,Active
E01181,zoe.garcia4@example.com,zoe.garcia4@example.com,+447714577821,L01181,Operations,Operations Team 4,LATAM,London,Band 3,Permanent,No,Active
E01182,maya.dubois4@example.com,maya.dubois4@example.com,+447720329701,L01182,Manufacturing,Manufacturing Team 3,EMEA,Remote,Band 1,Permanent,No,Active
E01183,grace.dubois4@example.com,grace.dubois4@example.com,+447779294793,L01183,Legal,Legal Team 1,EMEA,Chicago,Band 1,Fixed Term,No,Active
E01184,kira.silva2@example.com,kira.silva2@example.com,+447784258548,L01184,Legal,Legal Team 2,EMEA,Remote,Band 3,Fixed Term,Yes,Active
E01185,daniel.okafor2@example.com,daniel.okafor2@example.com,+447794054798,L01185,Operations,Operations Team 2,AMER,Singapore,Band 3,Permanent,No,Active
E01186,dmitri.yilmaz@example.com,dmitri.yilmaz@example.com,+447783284118,L01186,Finance,Finance Team 1,APAC,London,Band 2,Permanent,No,Active
E01187,rosa.tanaka2@example.com,rosa.tanaka2@example.com,+447788517015,L01187,Finance,Finance Team 4,EMEA,Singapore,Band 1,Permanent,No,Active
E01188,rosa.muller3@example.com,rosa.muller3@example.com,+447740917856,L01188,Sales,Sales Team 2,EMEA,Remote,Band 3,Permanent,No,Active
E01189,noah.muller@example.com,noah.muller@example.com,+447773724646,L01189,Legal,Legal Team 4,EMEA,Chicago,Band 1,Permanent,No,Active
E01190,quinn.tanaka@example.com,quinn.tanaka@example.com,+447756188126,L01190,HR,HR Team 2,APAC,London,Band 2,Permanent,No,Active
E01191,priya.fischer4@example.com,priya.fischer4@example.com,+447798068641,L01191,Manufacturing,Manufacturing Team 3,EMEA,Pune,Band 3,Permanent,No,Active
E01192,zoe.jensen3@example.com,zoe.jensen3@example.com,+447717747122,L01192,Sales,Sales Team 2,EMEA,Remote,Band 2,Permanent,No,Active
E01193,quinn.yilmaz5@example.com,quinn.yilmaz5@example.com,+447746393584,L01193,Operations,Operations Team 4,APAC,London,Band 2,Permanent,No,Active
E01194,xenia.evans4@example.com,xenia.evans4@example.com,+447711769597,L01194,HR,HR Team 3,AMER,Sao Paulo,Band 3,Permanent,No,Active
E01195,noah.patel@example.com,noah.patel@example.com,+447799252713,L01195,Marketing,Marketing Team 4,AMER,Manchester,Band 1,Permanent,Yes,Active
E01196,noah.novak4@example.com,noah.novak4@example.com,+447795700918,L01196,Operations,Operations Team 2,APAC,Remote,Band 2,Fixed Term,No,Active
E01197,olu.vargas@example.com,olu.vargas@example.com,+447771225160,L01197,Sales,Sales Team 2,EMEA,London,Band 1,Permanent,Yes,Active
E01198,amara.garcia@example.com,amara.garcia@example.com,+447787014691,L01198,HR,HR Team 4,EMEA,Remote,Band 2,Permanent,No,Active
E01199,dmitri.silva2@example.com,dmitri.silva2@example.com,+447722952467,L01199,Manufacturing,Manufacturing Team 4,AMER,London,Band 2,Permanent,No,Active
E01200,quinn.novak@example.com,quinn.novak@example.com,+447765498707,L01200,Technology,Technology Team 3,EMEA,Singapore,Band 2,Contractor,No,Active
