Course Code,Course Name,Learner ID,Department,Assigned On,Started,Completion Status,Progress %,Score,Assessment Passed,Completed On,Due Date
cyber-aware-2026q1,Cyber Awareness 2026,L00001,Manufacturing,12/01/2026,1,In Progress,85%,,,,28/02/2026
cyber-aware-2026q1,Cyber Awareness 2026,L00002,Marketing,12/01/2026,1,Completed,100%,81.4,Yes,03/02/2026,28/02/2026
cyber-aware-2026q1,Cyber Awareness 2026,L00003,Operations,12/01/2026,1,In Progress,70%,,,,28/02/2026
cyber-aware-2026q1,Cyber Awareness 2026,L00004,HR,12/01/2026,1,Completed,100%,73.1,Yes,23/02/2026,28/02/2026
cyber-aware-2026q1,Cyber Awareness 2026,L00005,Finance,12/01/2026,1,Completed,100%,78.6,Yes,27/02/2026,28/02/2026
cyber-aware-2026q1,Cyber Awareness 2026,L00006,Operations,12/01/2026,1,Completed,100%,90.8,Yes,23/02/2026,28/02/2026
cyber-aware-2026q1,Cyber Awareness 2026,L00007,Manufacturing,12/01/2026,0,Not Started,0%,,,,28/02/2026
cyber-aware-2026q1,Cyber Awareness 2026,L00008,HR,12/01/2026,1,Completed,100%,75.1,Yes,28/02/2026,28/02/2026
cyber-aware-2026q1,Cyber Awareness 2026,L00009,Marketing,12/01/2026,1,Completed,100%,80.7,Yes,03/02/2026,28/02/2026
cyber-aware-2026q1,Cyber Awareness 2026,L00010,Manufacturing,12/01/2026,1,Completed,100%,79.2,Yes,27/02/2026,28/02/2026
cyber-aware-2026q1,Cyber Awareness 2026,L00011,HR,12/01/2026,1,Completed,100%,77.8,Yes,26/02/2026,28/02/2026
cyber-aware-2026q1,Cyber Awareness 2026,L00012,Finance,12/01/2026,1,Completed,100%,81.4,Yes,27/02/2026,28/02/2026
cyber-aware-2026q1,Cyber Awareness 2026,L00013,Operations,12/01/2026,0,Not Started,0%,,,,28/02/2026
cyber-aware-2026q1,Cyber Awareness 2026,L00014,Technology,12/01/2026,1,Completed,100%,96.5,Yes,23/02/2026,28/02/2026
cyber-aware-2026q1,Cyber Awareness 2026,L00015,Finance,12/01/2026,1,Completed,100%,95.7,Yes,26/02/2026,28/02/2026
cyber-aware-2026q1,Cyber Awareness 2026,L00016,Technology,12/01/2026,1,Completed,100%,83.8,Yes,27/02/2026,28/02/2026
cyber-aware-2026q1,Cyber Awareness 2026,L00017,Manufacturing,12/01/2026,1,Completed,100%,85.0,Yes,03/02/2026,28/02/2026
cyber-aware-2026q1,Cyber Awareness 2026,L00018,Marketing,12/01/2026,1,Completed,100%,89.9,Yes,23/02/2026,28/02/2026
cyber-aware-2026q1,Cyber Awareness 2026,L00019,Finance,12/01/2026,0,Not Started,0%,,,,28/02/2026
cyber-aware-2026q1,Cyber Awareness 2026,L00020,Technology,12/01/2026,1,Completed,100%,70.0,Yes,26/02/2026,28/02/2026
cyber-aware-2026q1,Cyber Awareness 2026,L00021,Operations,12/01/2026,1,In Progress,10%,,,,28/02/2026
cyber-aware-2026q1,Cyber Awareness 2026,L00022,Sales,12/01/2026,1,Completed,100%,79.1,Yes,16/02/2026,28/02/2026
cyber-aware-2026q1,Cyber Awareness 2026,L00023,Manufacturing,12/01/2026,0,Not Started,0%,,,,28/02/2026
cyber-aware-2026q1,Cyber Awareness 2026,L00024,Manufacturing,12/01/2026,0,Not Started,0%,,,,28/02/2026
cyber-aware-2026q1,Cyber Awareness 2026,L00025,Marketing,12/01/2026,1,Completed,100%,78.3,Yes,16/02/2026,28/02/2026
cyber-aware-2026q1,Cyber Awareness 2026,L00026,Manufacturing,12/01/2026,0,Not Started,0%,,,,28/02/2026
cyber-aware-2026q1,Cyber Awareness 2026,L00027,Marketing,12/01/2026,1,Completed,100%,87.4,Yes,16/02/2026,28/02/2026
cyber-aware-2026q1,Cyber Awareness 2026,L00028,Technology,12/01/2026,1,In Progress,85%,,,,28/02/2026
cyber-aware-2026q1,Cyber Awareness 2026,L00029,Sales,12/01/2026,1,Completed,100%,74.7,Yes,26/02/2026,28/02/2026
cyber-aware-2026q1,Cyber Awareness 2026,L00030,Marketing,12/01/2026,1,Completed,100%,71.5,Yes,16/02/2026,28/02/2026
cyber-aware-2026q1,Cyber Awareness 2026,L00031,Legal,12/01/2026,1,Completed,100%,85.7,Yes,27/02/2026,28/02/2026
cyber-aware-2026q1,Cyber Awareness 2026,L00032,Manufacturing,12/01/2026,0,Not Started,0%,,,,28/02/2026
cyber-aware-2026q1,Cyber Awareness 2026,L00033,Sales,12/01/2026,0,Not Started,0%,,,,28/02/2026
cyber-aware-2026q1,Cyber Awareness 2026,L00034,Finance,12/01/2026,1,Completed,100%,97.8,Yes,28/02/2026,28/02/2026
cyber-aware-2026q1,Cyber Awareness 2026,L00035,Technology,12/01/2026,1,Completed,100%,80.3,Yes,03/02/2026,28/02/2026
cyber-aware-2026q1,Cyber Awareness 2026,L00036,Marketing,12/01/2026,1,Completed,100%,87.2,Yes,03/02/2026,28/02/2026
cyber-aware-2026q1,Cyber Awareness 2026,L00037,Operations,12/01/2026,1,In Progress,25%,,,,28/02/2026
cyber-aware-2026q1,Cyber Awareness 2026,L00038,Manufacturing,12/01/2026,0,Not Started,0%,,,,28/02/2026
cyber-aware-2026q1,Cyber Awareness 2026,L00039,Manufacturing,12/01/2026,1,In Progress,55%,,,,28/02/2026
cyber-aware-2026q1,Cyber Awareness 2026,L00040,Marketing,12/01/2026,1,Completed,100%,82.3,Yes,03/02/2026,28/02/2026
cyber-aware-2026q1,Cyber Awareness 2026,L00041,Manufacturing,12/01/2026,0,Not Started,0%,,,,28/02/2026
cyber-aware-2026q1,Cyber Awareness 2026,L00042,Marketing,12/01/2026,1,Completed,100%,72.1,Yes,16/02/2026,28/02/2026
cyber-aware-2026q1,Cyber Awareness 2026,L00043,Finance,12/01/2026,1,Completed,100%,71.1,Yes,28/02/2026,28/02/2026
cyber-aware-2026q1,Cyber Awareness 2026,L00044,Sales,12/01/2026,0,Not Started,0%,,,,28/02/2026
cyber-aware-2026q1,Cyber Awareness 2026,L00045,Operations,12/01/2026,0,Not Started,0%,,,,28/02/2026
cyber-aware-2026q1,Cyber Awareness 2026,L00046,HR,12/01/2026,1,In Progress,70%,,,,28/02/2026
cyber-aware-2026q1,Cyber Awareness 2026,L00047,Technology,12/01/2026,1,Completed,100%,93.1,Yes,28/02/2026,28/02/2026
cyber-aware-2026q1,Cyber Awareness 2026,L00048,Technology,12/01/2026,1,In Progress,85%,,,,28/02/2026
cyber-aware-2026q1,Cyber Awareness 2026,L00049,Manufacturing,12/01/2026,0,Not Started,0%,,,,28/02/2026
cyber-aware-2026q1,Cyber Awareness 2026,L00050,Technology,12/01/2026,1,Completed,100%,79.0,Yes,16/02/2026,28/02/2026
cyber-aware-2026q1,Cyber Awareness 2026,L00051,Manufacturing,12/01/2026,1,In Progress,10%,,,,28/02/2026
cyber-aware-2026q1,Cyber Awareness 2026,L00052,Operations,12/01/2026,0,Not Started,0%,,,,28/02/2026
cyber-aware-2026q1,Cyber Awareness 2026,L00053,Technology,12/01/2026,1,In Progress,70%,,,,28/02/2026
cyber-aware-2026q1,Cyber Awareness 2026,L00054,Manufacturing,12/01/2026,0,Not Started,0%,,,,28/02/2026
cyber-aware-2026q1,Cyber Awareness 2026,L00055,Marketing,12/01/2026,1,Completed,100%,65.1,No,27/02/2026,28/02/2026
cyber-aware-2026q1,Cyber Awareness 2026,L00056,Manufacturing,12/01/2026,0,Not Started,0%,,,,28/02/2026
cyber-aware-2026q1,Cyber Awareness 2026,L00057,Operations,12/01/2026,1,Completed,100%,83.5,Yes,23/02/2026,28/02/2026
cyber-aware-2026q1,Cyber Awareness 2026,L00058,Manufacturing,12/01/2026,1,Completed,100%,80.0,Yes,16/02/2026,28/02/2026
cyber-aware-2026q1,Cyber Awareness 2026,L00059,Sales,12/01/2026,1,Completed,100%,94.2,Yes,27/02/2026,28/02/2026
cyber-aware-2026q1,Cyber Awareness 2026,L00060,Marketing,12/01/2026,1,Completed,100%,76.5,Yes,03/02/2026,28/02/2026
cyber-aware-2026q1,Cyber Awareness 2026,L00061,Marketing,12/01/2026,1,Completed,100%,93.1,Yes,26/02/2026,28/02/2026
cyber-aware-2026q1,Cyber Awareness 2026,L00062,Operations,12/01/2026,1,In Progress,70%,,,,28/02/2026
cyber-aware-2026q1,Cyber Awareness 2026,L00063,Legal,12/01/2026,1,Completed,100%,89.8,Yes,23/02/2026,28/02/2026
cyber-aware-2026q1,Cyber Awareness 2026,L00064,Operations,12/01/2026,1,In Progress,25%,,,,28/02/2026
cyber-aware-2026q1,Cyber Awareness 2026,L00065,Technology,12/01/2026,1,Completed,100%,89.5,Yes,27/02/2026,28/02/2026
cyber-aware-2026q1,Cyber Awareness 2026,L00066,Manufacturing,12/01/2026,0,Not Started,0%,,,,28/02/2026
cyber-aware-2026q1,Cyber Awareness 2026,L00067,Operations,12/01/2026,1,In Progress,10%,,,,28/02/2026
cyber-aware-2026q1,Cyber Awareness 2026,L00068,Technology,12/01/2026,1,Completed,100%,78.8,Yes,03/02/2026,28/02/2026
cyber-aware-2026q1,Cyber Awareness 2026,L00069,Technology,12/01/2026,1,In Progress,85%,,,,28/02/2026
cyber-aware-2026q1,Cyber Awareness 2026,L00070,Sales,12/01/2026,1,Completed,100%,76.4,Yes,26/02/2026,28/02/2026
cyber-aware-2026q1,Cyber Awareness 2026,L00071,Sales,12/01/2026,1,Completed,100%,83.7,Yes,16/02/2026,28/02/2026
cyber-aware-2026q1,Cyber Awareness 2026,L00072,Marketing,12/01/2026,1,In Progress,85%,,,,28/02/2026
cyber-aware-2026q1,Cyber Awareness 2026,L00073,Manufacturing,12/01/2026,0,Not Started,0%,,,,28/02/2026
cyber-aware-2026q1,Cyber Awareness 2026,L00074,Manufacturing,12/01/2026,1,Completed,100%,89.7,Yes,23/02/2026,28/02/2026
cyber-aware-2026q1,Cyber Awareness 2026,L00075,Marketing,12/01/2026,1,Completed,100%,81.0,Yes,03/02/2026,28/02/2026
cyber-aware-2026q1,Cyber Awareness 2026,L00076,Sales,12/01/2026,1,In Progress,25%,,,,28/02/2026
cyber-aware-2026q1,Cyber Awareness 2026,L00077,Manufacturing,12/01/2026,0,Not Started,0%,,,,28/02/2026
cyber-aware-2026q1,Cyber Awareness 2026,L00078,Operations,12/01/2026,0,Not Started,0%,,,,28/02/2026
cyber-aware-2026q1,Cyber Awareness 2026,L00079,Marketing,12/01/2026,1,Completed,100%,71.9,Yes,28/02/2026,28/02/2026
cyber-aware-2026q1,Cyber Awareness 2026,L00080,Technology,12/01/2026,0,Not Started,0%,,,,28/02/2026
cyber-aware-2026q1,Cyber Awareness 2026,L00081,Sales,12/01/2026,1,Completed,100%,73.4,Yes,28/02/2026,28/02/2026
cyber-aware-2026q1,Cyber Awareness 2026,L00082,Technology,12/01/2026,1,Completed,100%,90.0,Yes,27/02/2026,28/02/2026
cyber-aware-2026q1,Cyber Awareness 2026,L00083,Marketing,12/01/2026,1,Completed,100%,84.9,Yes,16/02/2026,28/02/2026
cyber-aware-2026q1,Cyber Awareness 2026,L00084,Technology,12/01/2026,0,Not Started,0%,,,,28/02/2026
cyber-aware-2026q1,Cyber Awareness 2026,L00085,Operations,12/01/2026,0,Not Started,0%,,,,28/02/2026
cyber-aware-2026q1,Cyber Awareness 2026,L00086,Technology,12/01/2026,1,Completed,100%,86.8,Yes,26/02/2026,28/02/2026
cyber-aware-2026q1,Cyber Awareness 2026,L00087,Operations,12/01/2026,0,Not Started,0%,,,,28/02/2026
cyber-aware-2026q1,Cyber Awareness 2026,L00088,Marketing,12/01/2026,1,Completed,100%,71.4,Yes,23/02/2026,28/02/2026
cyber-aware-2026q1,Cyber Awareness 2026,L00089,HR,12/01/2026,1,Completed,100%,77.7,Yes,16/02/2026,28/02/2026
cyber-aware-2026q1,Cyber Awareness 2026,L00090,Operations,12/01/2026,0,Not Started,0%,,,,28/02/2026
cyber-aware-2026q1,Cyber Awareness 2026,L00091,Manufacturing,12/01/2026,0,Not Started,0%,,,,28/02/2026
cyber-aware-2026q1,Cyber Awareness 2026,L00092,Manufacturing,12/01/2026,0,Not Started,0%,,,,28/02/2026
cyber-aware-2026q1,Cyber Awareness 2026,L00093,Manufacturing,12/01/2026,0,Not Started,0%,,,,28/02/2026
cyber-aware-2026q1,Cyber Awareness 2026,L00094,Technology,12/01/2026,1,Completed,100%,78.1,Yes,23/02/2026,28/02/2026
cyber-aware-2026q1,Cyber Awareness 2026,L00095,Manufacturing,12/01/2026,0,Not Started,0%,,,,28/02/2026
cyber-aware-2026q1,Cyber Awareness 2026,L00096,Technology,12/01/2026,1,Completed,100%,89.6,Yes,03/02/2026,28/02/2026
cyber-aware-2026q1,Cyber Awareness 2026,L00097,Operations,12/01/2026,1,Completed,100%,76.2,Yes,26/02/2026,28/02/2026
cyber-aware-2026q1,Cyber Awareness 2026,L00098,Manufacturing,12/01/2026,0,Not Started,0%,,,,28/02/2026
cyber-aware-2026q1,Cyber Awareness 2026,L00099,HR,12/01/2026,1,Completed,100%,86.4,Yes,16/02/2026,28/02/2026
cyber-aware-2026q1,Cyber Awareness 2026,L00100,Manufacturing,12/01/2026,0,Not Started,0%,,,,28/02/2026
cyber-aware-2026q1,Cyber Awareness 2026,L00101,Manufacturing,12/01/2026,1,Completed,100%,75.9,Yes,16/02/2026,28/02/2026
cyber-aware-2026q1,Cyber Awareness 2026,L00102,HR,12/01/2026,1,Completed,100%,76.7,Yes,23/02/2026,28/02/2026
cyber-aware-2026q1,Cyber Awareness 2026,L00103,Manufacturing,12/01/2026,0,Not Started,0%,,,,28/02/2026
cyber-aware-2026q1,Cyber Awareness 2026,L00104,Technology,12/01/2026,1,Completed,100%,82.0,Yes,26/02/2026,28/02/2026
cyber-aware-2026q1,Cyber Awareness 2026,L00105,Operations,12/01/2026,0,Not Started,0%,,,,28/02/2026
cyber-aware-2026q1,Cyber Awareness 2026,L00106,Operations,12/01/2026,1,Completed,100%,66.2,No,26/02/2026,28/02/2026
cyber-aware-2026q1,Cyber Awareness 2026,L00107,Marketing,12/01/2026,1,Completed,100%,73.7,Yes,28/02/2026,28/02/2026
cyber-aware-2026q1,Cyber Awareness 2026,L00108,Finance,12/01/2026,1,Completed,100%,68.3,No,28/02/2026,28/02/2026
cyber-aware-2026q1,Cyber Awareness 2026,L00109,Technology,12/01/2026,1,Completed,100%,93.5,Yes,26/02/2026,28/02/2026
cyber-aware-2026q1,Cyber Awareness 2026,L00110,Manufacturing,12/01/2026,0,Not Started,0%,,,,28/02/2026
cyber-aware-2026q1,Cyber Awareness 2026,L00111,Manufacturing,12/01/2026,0,Not Started,0%,,,,28/02/2026
cyber-aware-2026q1,Cyber Awareness 2026,L00112,Finance,12/01/2026,1,Completed,100%,94.7,Yes,27/02/2026,28/02/2026
cyber-aware-2026q1,Cyber Awareness 2026,L00113,Operations,12/01/2026,1,Completed,100%,96.1,Yes,27/02/2026,28/02/2026
cyber-aware-2026q1,Cyber Awareness 2026,L00114,Manufacturing,12/01/2026,0,Not Started,0%,,,,28/02/2026
cyber-aware-2026q1,Cyber Awareness 2026,L00115,Manufacturing,12/01/2026,0,Not Started,0%,,,,28/02/2026
cyber-aware-2026q1,Cyber Awareness 2026,L00116,Legal,12/01/2026,1,Completed,100%,67.6,No,28/02/2026,28/02/2026
cyber-aware-2026q1,Cyber Awareness 2026,L00117,Manufacturing,12/01/2026,0,Not Started,0%,,,,28/02/2026
cyber-aware-2026q1,Cyber Awareness 2026,L00118,Manufacturing,12/01/2026,0,Not Started,0%,,,,28/02/2026
cyber-aware-2026q1,Cyber Awareness 2026,L00119,Manufacturing,12/01/2026,1,Completed,100%,76.0,Yes,26/02/2026,28/02/2026
cyber-aware-2026q1,Cyber Awareness 2026,L00120,Finance,12/01/2026,1,Completed,100%,80.9,Yes,26/02/2026,28/02/2026
cyber-aware-2026q1,Cyber Awareness 2026,L00121,Operations,12/01/2026,0,Not Started,0%,,,,28/02/2026
cyber-aware-2026q1,Cyber Awareness 2026,L00122,Technology,12/01/2026,0,Not Started,0%,,,,28/02/2026
cyber-aware-2026q1,Cyber Awareness 2026,L00123,Manufacturing,12/01/2026,0,Not Started,0%,,,,28/02/2026
cyber-aware-2026q1,Cyber Awareness 2026,L00124,Operations,12/01/2026,1,In Progress,55%,,,,28/02/2026
cyber-aware-2026q1,Cyber Awareness 2026,L00125,HR,12/01/2026,1,Completed,100%,68.4,No,28/02/2026,28/02/2026
cyber-aware-2026q1,Cyber Awareness 2026,L00126,Finance,12/01/2026,1,Completed,100%,92.5,Yes,26/02/2026,28/02/2026
cyber-aware-2026q1,Cyber Awareness 2026,L00127,Finance,12/01/2026,1,Completed,100%,71.6,Yes,27/02/2026,28/02/2026
cyber-aware-2026q1,Cyber Awareness 2026,L00128,Operations,12/01/2026,1,Completed,100%,71.6,Yes,26/02/2026,28/02/2026
cyber-aware-2026q1,Cyber Awareness 2026,L00129,Technology,12/01/2026,1,Completed,100%,92.2,Yes,28/02/2026,28/02/2026
cyber-aware-2026q1,Cyber Awareness 2026,L00130,Operations,12/01/2026,0,Not Started,0%,,,,28/02/2026
cyber-aware-2026q1,Cyber Awareness 2026,L00131,Manufacturing,12/01/2026,1,Completed,100%,84.4,Yes,26/02/2026,28/02/2026
cyber-aware-2026q1,Cyber Awareness 2026,L00132,Marketing,12/01/2026,1,Completed,100%,85.2,Yes,27/02/2026,28/02/2026
cyber-aware-2026q1,Cyber Awareness 2026,L00133,Manufacturing,12/01/2026,0,Not Started,0%,,,,28/02/2026
cyber-aware-2026q1,Cyber Awareness 2026,L00134,Manufacturing,12/01/2026,0,Not Started,0%,,,,28/02/2026
cyber-aware-2026q1,Cyber Awareness 2026,L00135,HR,12/01/2026,1,Completed,100%,74.4,Yes,16/02/2026,28/02/2026
cyber-aware-2026q1,Cyber Awareness 2026,L00136,Finance,12/01/2026,1,Completed,100%,73.9,Yes,23/02/2026,28/02/2026
cyber-aware-2026q1,Cyber Awareness 2026,L00137,Manufacturing,12/01/2026,1,Completed,100%,98.8,Yes,23/02/2026,28/02/2026
cyber-aware-2026q1,Cyber Awareness 2026,L00138,Sales,12/01/2026,0,Not Started,0%,,,,28/02/2026
cyber-aware-2026q1,Cyber Awareness 2026,L00139,Operations,12/01/2026,1,In Progress,85%,,,,28/02/2026
cyber-aware-2026q1,Cyber Awareness 2026,L00140,Operations,12/01/2026,0,Not Started,0%,,,,28/02/2026
cyber-aware-2026q1,Cyber Awareness 2026,L00141,HR,12/01/2026,1,Completed,100%,83.4,Yes,03/02/2026,28/02/2026
cyber-aware-2026q1,Cyber Awareness 2026,L00142,Operations,12/01/2026,1,Completed,100%,75.8,Yes,16/02/2026,28/02/2026
cyber-aware-2026q1,Cyber Awareness 2026,L00143,Manufacturing,12/01/2026,1,Completed,100%,100.0,Yes,28/02/2026,28/02/2026
cyber-aware-2026q1,Cyber Awareness 2026,L00144,Manufacturing,12/01/2026,0,Not Started,0%,,,,28/02/2026
cyber-aware-2026q1,Cyber Awareness 2026,L00145,Technology,12/01/2026,1,Completed,100%,85.7,Yes,03/02/2026,28/02/2026
cyber-aware-2026q1,Cyber Awareness 2026,L00146,Manufacturing,12/01/2026,1,Completed,100%,81.7,Yes,28/02/2026,28/02/2026
cyber-aware-2026q1,Cyber Awareness 2026,L00147,Technology,12/01/2026,1,Completed,100%,80.9,Yes,03/02/2026,28/02/2026
cyber-aware-2026q1,Cyber Awareness 2026,L00148,Marketing,12/01/2026,1,Completed,100%,67.6,No,23/02/2026,28/02/2026
cyber-aware-2026q1,Cyber Awareness 2026,L00149,Technology,12/01/2026,0,Not Started,0%,,,,28/02/2026
cyber-aware-2026q1,Cyber Awareness 2026,L00150,Manufacturing,12/01/2026,0,Not Started,0%,,,,28/02/2026
cyber-aware-2026q1,Cyber Awareness 2026,L00151,Technology,12/01/2026,1,Completed,100%,91.6,Yes,16/02/2026,28/02/2026
cyber-aware-2026q1,Cyber Awareness 2026,L00152,Technology,12/01/2026,1,Completed,100%,82.1,Yes,28/02/2026,28/02/2026
cyber-aware-2026q1,Cyber Awareness 2026,L00153,Operations,12/01/2026,0,Not Started,0%,,,,28/02/2026
cyber-aware-2026q1,Cyber Awareness 2026,L00154,Operations,12/01/2026,0,Not Started,0%,,,,28/02/2026
cyber-aware-2026q1,Cyber Awareness 2026,L00155,Marketing,12/01/2026,1,Completed,100%,85.1,Yes,27/02/2026,28/02/2026
cyber-aware-2026q1,Cyber Awareness 2026,L00156,Manufacturing,12/01/2026,0,Not Started,0%,,,,28/02/2026
cyber-aware-2026q1,Cyber Awareness 2026,L00157,Operations,12/01/2026,1,Completed,100%,71.4,Yes,28/02/2026,28/02/2026
cyber-aware-2026q1,Cyber Awareness 2026,L00158,Manufacturing,12/01/2026,0,Not Started,0%,,,,28/02/2026
cyber-aware-2026q1,Cyber Awareness 2026,L00159,Sales,12/01/2026,1,Completed,100%,80.8,Yes,26/02/2026,28/02/2026
cyber-aware-2026q1,Cyber Awareness 2026,L00160,Operations,12/01/2026,1,Completed,100%,87.3,Yes,23/02/2026,28/02/2026
cyber-aware-2026q1,Cyber Awareness 2026,L00161,Operations,12/01/2026,0,Not Started,0%,,,,28/02/2026
cyber-aware-2026q1,Cyber Awareness 2026,L00162,Sales,12/01/2026,1,Completed,100%,86.1,Yes,27/02/2026,28/02/2026
cyber-aware-2026q1,Cyber Awareness 2026,L00163,Marketing,12/01/2026,1,In Progress,55%,,,,28/02/2026
cyber-aware-2026q1,Cyber Awareness 2026,L00164,Marketing,12/01/2026,1,Completed,100%,69.9,No,16/02/2026,28/02/2026
cyber-aware-2026q1,Cyber Awareness 2026,L00165,Operations,12/01/2026,1,Completed,100%,84.4,Yes,28/02/2026,28/02/2026
cyber-aware-2026q1,Cyber Awareness 2026,L00166,Manufacturing,12/01/2026,1,Completed,100%,82.1,Yes,28/02/2026,28/02/2026
cyber-aware-2026q1,Cyber Awareness 2026,L00167,Legal,12/01/2026,0,Not Started,0%,,,,28/02/2026
cyber-aware-2026q1,Cyber Awareness 2026,L00168,Legal,12/01/2026,1,Completed,100%,75.9,Yes,28/02/2026,28/02/2026
cyber-aware-2026q1,Cyber Awareness 2026,L00169,Operations,12/01/2026,1,Completed,100%,67.7,No,16/02/2026,28/02/2026
cyber-aware-2026q1,Cyber Awareness 2026,L00170,Manufacturing,12/01/2026,1,In Progress,10%,,,,28/02/2026
cyber-aware-2026q1,Cyber Awareness 2026,L00171,HR,12/01/2026,1,Completed,100%,83.0,Yes,28/02/2026,28/02/2026
cyber-aware-2026q1,Cyber Awareness 2026,L00172,Sales,12/01/2026,1,Completed,100%,77.1,Yes,16/02/2026,28/02/2026
cyber-aware-2026q1,Cyber Awareness 2026,L00173,Manufacturing,12/01/2026,1,In Progress,25%,,,,28/02/2026
cyber-aware-2026q1,Cyber Awareness 2026,L00174,Technology,12/01/2026,1,Completed,100%,90.3,Yes,27/02/2026,28/02/2026
cyber-aware-2026q1,Cyber Awareness 2026,L00175,HR,12/01/2026,1,Completed,100%,77.2,Yes,27/02/2026,28/02/2026
cyber-aware-2026q1,Cyber Awareness 2026,L00176,Technology,12/01/2026,1,Completed,100%,95.6,Yes,23/02/2026,28/02/2026
cyber-aware-2026q1,Cyber Awareness 2026,L00177,Technology,12/01/2026,1,Completed,100%,82.0,Yes,26/02/2026,28/02/2026
cyber-aware-2026q1,Cyber Awareness 2026,L00178,Sales,12/01/2026,1,Completed,100%,100.0,Yes,23/02/2026,28/02/2026
cyber-aware-2026q1,Cyber Awareness 2026,L00179,Marketing,12/01/2026,1,Completed,100%,90.7,Yes,26/02/2026,28/02/2026
cyber-aware-2026q1,Cyber Awareness 2026,L00180,Legal,12/01/2026,1,In Progress,55%,,,,28/02/2026
cyber-aware-2026q1,Cyber Awareness 2026,L00181,Operations,12/01/2026,0,Not Started,0%,,,,28/02/2026
cyber-aware-2026q1,Cyber Awareness 2026,L00182,Sales,12/01/2026,0,Not Started,0%,,,,28/02/2026
cyber-aware-2026q1,Cyber Awareness 2026,L00183,Operations,12/01/2026,0,Not Started,0%,,,,28/02/2026
cyber-aware-2026q1,Cyber Awareness 2026,L00184,Manufacturing,12/01/2026,0,Not Started,0%,,,,28/02/2026
cyber-aware-2026q1,Cyber Awareness 2026,L00185,Manufacturing,12/01/2026,0,Not Started,0%,,,,28/02/2026
cyber-aware-2026q1,Cyber Awareness 2026,L00186,Manufacturing,12/01/2026,0,Not Started,0%,,,,28/02/2026
cyber-aware-2026q1,Cyber Awareness 2026,L00187,Marketing,12/01/2026,1,Completed,100%,78.9,Yes,28/02/2026,28/02/2026
cyber-aware-2026q1,Cyber Awareness 2026,L00188,Technology,12/01/2026,1,Completed,100%,89.0,Yes,27/02/2026,28/02/2026
cyber-aware-2026q1,Cyber Awareness 2026,L00189,Legal,12/01/2026,1,Completed,100%,87.7,Yes,28/02/2026,28/02/2026
cyber-aware-2026q1,Cyber Awareness 2026,L00190,Marketing,12/01/2026,1,Completed,100%,73.1,Yes,27/02/2026,28/02/2026
cyber-aware-2026q1,Cyber Awareness 2026,L00191,Finance,12/01/2026,1,Completed,100%,92.6,Yes,27/02/2026,28/02/2026
cyber-aware-2026q1,Cyber Awareness 2026,L00192,Manufacturing,12/01/2026,0,Not Started,0%,,,,28/02/2026
cyber-aware-2026q1,Cyber Awareness 2026,L00193,Operations,12/01/2026,1,Completed,100%,77.4,Yes,28/02/2026,28/02/2026
cyber-aware-2026q1,Cyber Awareness 2026,L00194,Technology,12/01/2026,0,Not Started,0%,,,,28/02/2026
cyber-aware-2026q1,Cyber Awareness 2026,L00195,Finance,12/01/2026,0,Not Started,0%,,,,28/02/2026
cyber-aware-2026q1,Cyber Awareness 2026,L00196,Manufacturing,12/01/2026,1,Completed,100%,88.4,Yes,28/02/2026,28/02/2026
cyber-aware-2026q1,Cyber Awareness 2026,L00197,Technology,12/01/2026,1,Completed,100%,82.9,Yes,03/02/2026,28/02/2026
cyber-aware-2026q1,Cyber Awareness 2026,L00198,Manufacturing,12/01/2026,1,Completed,100%,78.6,Yes,16/02/2026,28/02/2026
cyber-aware-2026q1,Cyber Awareness 2026,L00199,Manufacturing,12/01/2026,0,Not Started,0%,,,,28/02/2026
cyber-aware-2026q1,Cyber Awareness 2026,L00200,Manufacturing,12/01/2026,1,In Progress,40%,,,,28/02/2026
cyber-aware-2026q1,Cyber Awareness 2026,L00201,Technology,12/01/2026,1,Completed,100%,88.6,Yes,16/02/2026,28/02/2026
cyber-aware-2026q1,Cyber Awareness 2026,L00202,Technology,12/01/2026,1,Completed,100%,76.1,Yes,26/02/2026,28/02/2026
cyber-aware-2026q1,Cyber Awareness 2026,L00203,Manufacturing,12/01/2026,0,Not Started,0%,,,,28/02/2026
cyber-aware-2026q1,Cyber Awareness 2026,L00204,Manufacturing,12/01/2026,0,Not Started,0%,,,,28/02/2026
cyber-aware-2026q1,Cyber Awareness 2026,L00205,Sales,12/01/2026,0,Not Started,0%,,,,28/02/2026
cyber-aware-2026q1,Cyber Awareness 2026,L00206,Technology,12/01/2026,0,Not Started,0%,,,,28/02/2026
cyber-aware-2026q1,Cyber Awareness 2026,L00207,Manufacturing,12/01/2026,0,Not Started,0%,,,,28/02/2026
cyber-aware-2026q1,Cyber Awareness 2026,L00208,Sales,12/01/2026,0,Not Started,0%,,,,28/02/2026
cyber-aware-2026q1,Cyber Awareness 2026,L00209,Technology,12/01/2026,1,Completed,100%,84.7,Yes,03/02/2026,28/02/2026
cyber-aware-2026q1,Cyber Awareness 2026,L00210,Operations,12/01/2026,1,Completed,100%,81.0,Yes,23/02/2026,28/02/2026
cyber-aware-2026q1,Cyber Awareness 2026,L00211,Manufacturing,12/01/2026,0,Not Started,0%,,,,28/02/2026
cyber-aware-2026q1,Cyber Awareness 2026,L00212,Marketing,12/01/2026,1,Completed,100%,96.5,Yes,16/02/2026,28/02/2026
cyber-aware-2026q1,Cyber Awareness 2026,L00213,Sales,12/01/2026,0,Not Started,0%,,,,28/02/2026
cyber-aware-2026q1,Cyber Awareness 2026,L00214,Manufacturing,12/01/2026,1,Completed,100%,90.7,Yes,23/02/2026,28/02/2026
cyber-aware-2026q1,Cyber Awareness 2026,L00215,Sales,12/01/2026,1,Completed,100%,76.1,Yes,03/02/2026,28/02/2026
cyber-aware-2026q1,Cyber Awareness 2026,L00216,HR,12/01/2026,1,Completed,100%,84.5,Yes,26/02/2026,28/02/2026
cyber-aware-2026q1,Cyber Awareness 2026,L00217,Technology,12/01/2026,1,Completed,100%,87.9,Yes,27/02/2026,28/02/2026
cyber-aware-2026q1,Cyber Awareness 2026,L00218,Sales,12/01/2026,1,Completed,100%,74.2,Yes,26/02/2026,28/02/2026
cyber-aware-2026q1,Cyber Awareness 2026,L00219,Manufacturing,12/01/2026,1,Completed,100%,82.5,Yes,26/02/2026,28/02/2026
cyber-aware-2026q1,Cyber Awareness 2026,L00220,Finance,12/01/2026,1,Completed,100%,97.5,Yes,23/02/2026,28/02/2026
cyber-aware-2026q1,Cyber Awareness 2026,L00221,Operations,12/01/2026,1,In Progress,70%,,,,28/02/2026
cyber-aware-2026q1,Cyber Awareness 2026,L00222,Manufacturing,12/01/2026,0,Not Started,0%,,,,28/02/2026
cyber-aware-2026q1,Cyber Awareness 2026,L00223,Marketing,12/01/2026,1,Completed,100%,80.5,Yes,16/02/2026,28/02/2026
cyber-aware-2026q1,Cyber Awareness 2026,L00224,Sales,12/01/2026,0,Not Started,0%,,,,28/02/2026
cyber-aware-2026q1,Cyber Awareness 2026,L00225,Manufacturing,12/01/2026,1,In Progress,25%,,,,28/02/2026
cyber-aware-2026q1,Cyber Awareness 2026,L00226,Marketing,12/01/2026,1,Completed,100%,88.3,Yes,23/02/2026,28/02/2026
cyber-aware-2026q1,Cyber Awareness 2026,L00227,Finance,12/01/2026,1,Completed,100%,98.3,Yes,03/02/2026,28/02/2026
cyber-aware-2026q1,Cyber Awareness 2026,L00228,Manufacturing,12/01/2026,0,Not Started,0%,,,,28/02/2026
cyber-aware-2026q1,Cyber Awareness 2026,L00229,Manufacturing,12/01/2026,1,In Progress,10%,,,,28/02/2026
cyber-aware-2026q1,Cyber Awareness 2026,L00230,Marketing,12/01/2026,1,Completed,100%,93.6,Yes,03/02/2026,28/02/2026
cyber-aware-2026q1,Cyber Awareness 2026,L00231,Finance,12/01/2026,1,Completed,100%,88.0,Yes,26/02/2026,28/02/2026
cyber-aware-2026q1,Cyber Awareness 2026,L00232,HR,12/01/2026,1,Completed,100%,92.5,Yes,03/02/2026,28/02/2026
cyber-aware-2026q1,Cyber Awareness 2026,L00233,Operations,12/01/2026,0,Not Started,0%,,,,28/02/2026
cyber-aware-2026q1,Cyber Awareness 2026,L00234,Finance,12/01/2026,0,Not Started,0%,,,,28/02/2026
cyber-aware-2026q1,Cyber Awareness 2026,L00235,Technology,12/01/2026,1,Completed,100%,91.7,Yes,28/02/2026,28/02/2026
cyber-aware-2026q1,Cyber Awareness 2026,L00236,Manufacturing,12/01/2026,0,Not Started,0%,,,,28/02/2026
cyber-aware-2026q1,Cyber Awareness 2026,L00237,Technology,12/01/2026,1,Completed,100%,90.2,Yes,23/02/2026,28/02/2026
cyber-aware-2026q1,Cyber Awareness 2026,L00238,Manufacturing,12/01/2026,1,In Progress,85%,,,,28/02/2026
cyber-aware-2026q1,Cyber Awareness 2026,L00239,Sales,12/01/2026,1,Completed,100%,82.5,Yes,28/02/2026,28/02/2026
cyber-aware-2026q1,Cyber Awareness 2026,L00240,Manufacturing,12/01/2026,0,Not Started,0%,,,,28/02/2026
cyber-aware-2026q1,Cyber Awareness 2026,L00241,Sales,12/01/2026,1,Completed,100%,65.7,No,03/02/2026,28/02/2026
cyber-aware-2026q1,Cyber Awareness 2026,L00242,Finance,12/01/2026,0,Not Started,0%,,,,28/02/2026
cyber-aware-2026q1,Cyber Awareness 2026,L00243,Finance,12/01/2026,1,Completed,100%,70.7,Yes,23/02/2026,28/02/2026
cyber-aware-2026q1,Cyber Awareness 2026,L00244,HR,12/01/2026,1,Completed,100%,90.9,Yes,28/02/2026,28/02/2026
cyber-aware-2026q1,Cyber Awareness 2026,L00245,Marketing,12/01/2026,1,Completed,100%,79.4,Yes,27/02/2026,28/02/2026
cyber-aware-2026q1,Cyber Awareness 2026,L00246,Technology,12/01/2026,1,Completed,100%,87.6,Yes,27/02/2026,28/02/2026
cyber-aware-2026q1,Cyber Awareness 2026,L00247,Manufacturing,12/01/2026,1,In Progress,85%,,,,28/02/2026
cyber-aware-2026q1,Cyber Awareness 2026,L00248,Manufacturing,12/01/2026,1,In Progress,70%,,,,28/02/2026
cyber-aware-2026q1,Cyber Awareness 2026,L00249,Operations,12/01/2026,1,Completed,100%,83.9,Yes,16/02/2026,28/02/2026
cyber-aware-2026q1,Cyber Awareness 2026,L00250,Marketing,12/01/2026,0,Not Started,0%,,,,28/02/2026
cyber-aware-2026q1,Cyber Awareness 2026,L00251,Manufacturing,12/01/2026,0,Not Started,0%,,,,28/02/2026
cyber-aware-2026q1,Cyber Awareness 2026,L00252,Sales,12/01/2026,1,Completed,100%,85.0,Yes,27/02/2026,28/02/2026
cyber-aware-2026q1,Cyber Awareness 2026,L00253,Operations,12/01/2026,0,Not Started,0%,,,,28/02/2026
cyber-aware-2026q1,Cyber Awareness 2026,L00254,Manufacturing,12/01/2026,0,Not Started,0%,,,,28/02/2026
cyber-aware-2026q1,Cyber Awareness 2026,L00255,Finance,12/01/2026,1,Completed,100%,83.1,Yes,28/02/2026,28/02/2026
cyber-aware-2026q1,Cyber Awareness 2026,L00256,Manufacturing,12/01/2026,1,In Progress,70%,,,,28/02/2026
cyber-aware-2026q1,Cyber Awareness 2026,L00257,Manufacturing,12/01/2026,0,Not Started,0%,,,,28/02/2026
cyber-aware-2026q1,Cyber Awareness 2026,L00258,Manufacturing,12/01/2026,1,Completed,100%,83.5,Yes,27/02/2026,28/02/2026
cyber-aware-2026q1,Cyber Awareness 2026,L00259,Manufacturing,12/01/2026,0,Not Started,0%,,,,28/02/2026
cyber-aware-2026q1,Cyber Awareness 2026,L00260,Marketing,12/01/2026,1,Completed,100%,66.8,No,23/02/2026,28/02/2026
cyber-aware-2026q1,Cyber Awareness 2026,L00261,Sales,12/01/2026,0,Not Started,0%,,,,28/02/2026
cyber-aware-2026q1,Cyber Awareness 2026,L00262,Marketing,12/01/2026,1,Completed,100%,76.0,Yes,28/02/2026,28/02/2026
cyber-aware-2026q1,Cyber Awareness 2026,L00263,HR,12/01/2026,1,Completed,100%,72.3,Yes,16/02/2026,28/02/2026
cyber-aware-2026q1,Cyber Awareness 2026,L00264,Marketing,12/01/2026,1,Completed,100%,92.5,Yes,23/02/2026,28/02/2026
cyber-aware-2026q1,Cyber Awareness 2026,L00265,Technology,12/01/2026,1,Completed,100%,78.3,Yes,28/02/2026,28/02/2026
cyber-aware-2026q1,Cyber Awareness 2026,L00266,Manufacturing,12/01/2026,0,Not Started,0%,,,,28/02/2026
cyber-aware-2026q1,Cyber Awareness 2026,L00267,Sales,12/01/2026,1,Completed,100%,100.0,Yes,23/02/2026,28/02/2026
cyber-aware-2026q1,Cyber Awareness 2026,L00268,Manufacturing,12/01/2026,0,Not Started,0%,,,,28/02/2026
cyber-aware-2026q1,Cyber Awareness 2026,L00269,HR,12/01/2026,1,Completed,100%,78.8,Yes,16/02/2026,28/02/2026
cyber-aware-2026q1,Cyber Awareness 2026,L00270,Technology,12/01/2026,1,Completed,100%,82.3,Yes,03/02/2026,28/02/2026
cyber-aware-2026q1,Cyber Awareness 2026,L00271,Technology,12/01/2026,1,Completed,100%,92.8,Yes,26/02/2026,28/02/2026
cyber-aware-2026q1,Cyber Awareness 2026,L00272,Finance,12/01/2026,1,Completed,100%,87.5,Yes,23/02/2026,28/02/2026
cyber-aware-2026q1,Cyber Awareness 2026,L00273,Technology,12/01/2026,1,Completed,100%,84.3,Yes,27/02/2026,28/02/2026
cyber-aware-2026q1,Cyber Awareness 2026,L00274,Sales,12/01/2026,1,Completed,100%,91.7,Yes,23/02/2026,28/02/2026
cyber-aware-2026q1,Cyber Awareness 2026,L00275,Technology,12/01/2026,1,Completed,100%,70.0,Yes,27/02/2026,28/02/2026
cyber-aware-2026q1,Cyber Awareness 2026,L00276,Manufacturing,12/01/2026,0,Not Started,0%,,,,28/02/2026
cyber-aware-2026q1,Cyber Awareness 2026,L00277,Legal,12/01/2026,0,Not Started,0%,,,,28/02/2026
cyber-aware-2026q1,Cyber Awareness 2026,L00278,Marketing,12/01/2026,1,Completed,100%,79.4,Yes,23/02/2026,28/02/2026
cyber-aware-2026q1,Cyber Awareness 2026,L00279,Finance,12/01/2026,1,Completed,100%,86.3,Yes,28/02/2026,28/02/2026
cyber-aware-2026q1,Cyber Awareness 2026,L00280,Marketing,12/01/2026,1,Completed,100%,94.5,Yes,27/02/2026,28/02/2026
cyber-aware-2026q1,Cyber Awareness 2026,L00281,Legal,12/01/2026,0,Not Started,0%,,,,28/02/2026
cyber-aware-2026q1,Cyber Awareness 2026,L00282,HR,12/01/2026,1,Completed,100%,82.7,Yes,03/02/2026,28/02/2026
cyber-aware-2026q1,Cyber Awareness 2026,L00283,Technology,12/01/2026,1,Completed,100%,69.3,No,23/02/2026,28/02/2026
cyber-aware-2026q1,Cyber Awareness 2026,L00284,Manufacturing,12/01/2026,0,Not Started,0%,,,,28/02/2026
cyber-aware-2026q1,Cyber Awareness 2026,L00285,Manufacturing,12/01/2026,0,Not Started,0%,,,,28/02/2026
cyber-aware-2026q1,Cyber Awareness 2026,L00286,HR,12/01/2026,1,Completed,100%,96.5,Yes,28/02/2026,28/02/2026
cyber-aware-2026q1,Cyber Awareness 2026,L00287,Operations,12/01/2026,1,Completed,100%,90.9,Yes,03/02/2026,28/02/2026
cyber-aware-2026q1,Cyber Awareness 2026,L00288,Sales,12/01/2026,1,Completed,100%,81.9,Yes,23/02/2026,28/02/2026
cyber-aware-2026q1,Cyber Awareness 2026,L00289,Operations,12/01/2026,1,Completed,100%,76.9,Yes,26/02/2026,28/02/2026
cyber-aware-2026q1,Cyber Awareness 2026,L00290,Manufacturing,12/01/2026,1,In Progress,10%,,,,28/02/2026
cyber-aware-2026q1,Cyber Awareness 2026,L00291,Manufacturing,12/01/2026,1,In Progress,25%,,,,28/02/2026
cyber-aware-2026q1,Cyber Awareness 2026,L00292,Technology,12/01/2026,0,Not Started,0%,,,,28/02/2026
cyber-aware-2026q1,Cyber Awareness 2026,L00293,Operations,12/01/2026,1,Completed,100%,81.7,Yes,26/02/2026,28/02/2026
cyber-aware-2026q1,Cyber Awareness 2026,L00294,Manufacturing,12/01/2026,0,Not Started,0%,,,,28/02/2026
cyber-aware-2026q1,Cyber Awareness 2026,L00295,Manufacturing,12/01/2026,1,In Progress,25%,,,,28/02/2026
cyber-aware-2026q1,Cyber Awareness 2026,L00296,Manufacturing,12/01/2026,0,Not Started,0%,,,,28/02/2026
cyber-aware-2026q1,Cyber Awareness 2026,L00297,Manufacturing,12/01/2026,1,Completed,100%,70.8,Yes,27/02/2026,28/02/2026
cyber-aware-2026q1,Cyber Awareness 2026,L00298,Manufacturing,12/01/2026,1,In Progress,55%,,,,28/02/2026
cyber-aware-2026q1,Cyber Awareness 2026,L00299,Marketing,12/01/2026,1,Completed,100%,70.8,Yes,27/02/2026,28/02/2026
cyber-aware-2026q1,Cyber Awareness 2026,L00300,Operations,12/01/2026,1,Completed,100%,90.0,Yes,23/02/2026,28/02/2026
cyber-aware-2026q1,Cyber Awareness 2026,L00301,Manufacturing,12/01/2026,1,Completed,100%,69.6,No,16/02/2026,28/02/2026
cyber-aware-2026q1,Cyber Awareness 2026,L00302,Finance,12/01/2026,1,Completed,100%,68.5,No,27/02/2026,28/02/2026
cyber-aware-2026q1,Cyber Awareness 2026,L00303,Manufacturing,12/01/2026,1,Completed,100%,66.0,No,16/02/2026,28/02/2026
cyber-aware-2026q1,Cyber Awareness 2026,L00304,Finance,12/01/2026,1,Completed,100%,85.7,Yes,28/02/2026,28/02/2026
cyber-aware-2026q1,Cyber Awareness 2026,L00305,HR,12/01/2026,1,Completed,100%,84.3,Yes,03/02/2026,28/02/2026
cyber-aware-2026q1,Cyber Awareness 2026,L00306,Finance,12/01/2026,1,In Progress,10%,,,,28/02/2026
cyber-aware-2026q1,Cyber Awareness 2026,L00307,Manufacturing,12/01/2026,1,In Progress,85%,,,,28/02/2026
cyber-aware-2026q1,Cyber Awareness 2026,L00308,HR,12/01/2026,1,Completed,100%,79.9,Yes,27/02/2026,28/02/2026
cyber-aware-2026q1,Cyber Awareness 2026,L00309,Manufacturing,12/01/2026,0,Not Started,0%,,,,28/02/2026
cyber-aware-2026q1,Cyber Awareness 2026,L00310,Finance,12/01/2026,1,Completed,100%,75.0,Yes,27/02/2026,28/02/2026
cyber-aware-2026q1,Cyber Awareness 2026,L00311,Technology,12/01/2026,1,Completed,100%,88.1,Yes,23/02/2026,28/02/2026
cyber-aware-2026q1,Cyber Awareness 2026,L00312,Finance,12/01/2026,1,Completed,100%,88.5,Yes,03/02/2026,28/02/2026
cyber-aware-2026q1,Cyber Awareness 2026,L00313,Manufacturing,12/01/2026,1,Completed,100%,80.0,Yes,16/02/2026,28/02/2026
cyber-aware-2026q1,Cyber Awareness 2026,L00314,Technology,12/01/2026,1,Completed,100%,83.3,Yes,26/02/2026,28/02/2026
cyber-aware-2026q1,Cyber Awareness 2026,L00315,Legal,12/01/2026,1,Completed,100%,84.5,Yes,03/02/2026,28/02/2026
cyber-aware-2026q1,Cyber Awareness 2026,L00316,Sales,12/01/2026,0,Not Started,0%,,,,28/02/2026
cyber-aware-2026q1,Cyber Awareness 2026,L00317,Manufacturing,12/01/2026,0,Not Started,0%,,,,28/02/2026
cyber-aware-2026q1,Cyber Awareness 2026,L00318,Finance,12/01/2026,1,Completed,100%,96.4,Yes,23/02/2026,28/02/2026
cyber-aware-2026q1,Cyber Awareness 2026,L00319,Finance,12/01/2026,1,Completed,100%,80.2,Yes,03/02/2026,28/02/2026
cyber-aware-2026q1,Cyber Awareness 2026,L00320,Manufacturing,12/01/2026,0,Not Started,0%,,,,28/02/2026
cyber-aware-2026q1,Cyber Awareness 2026,L00321,Marketing,12/01/2026,1,Completed,100%,85.1,Yes,16/02/2026,28/02/2026
cyber-aware-2026q1,Cyber Awareness 2026,L00322,Marketing,12/01/2026,1,Completed,100%,84.1,Yes,03/02/2026,28/02/2026
cyber-aware-2026q1,Cyber Awareness 2026,L00323,Operations,12/01/2026,0,Not Started,0%,,,,28/02/2026
cyber-aware-2026q1,Cyber Awareness 2026,L00324,Finance,12/01/2026,1,Completed,100%,81.9,Yes,28/02/2026,28/02/2026
cyber-aware-2026q1,Cyber Awareness 2026,L00325,HR,12/01/2026,1,Completed,100%,97.5,Yes,28/02/2026,28/02/2026
cyber-aware-2026q1,Cyber Awareness 2026,L00326,Technology,12/01/2026,1,Completed,100%,81.3,Yes,27/02/2026,28/02/2026
cyber-aware-2026q1,Cyber Awareness 2026,L00327,Technology,12/01/2026,1,Completed,100%,79.0,Yes,16/02/2026,28/02/2026
cyber-aware-2026q1,Cyber Awareness 2026,L00328,Technology,12/01/2026,1,In Progress,25%,,,,28/02/2026
cyber-aware-2026q1,Cyber Awareness 2026,L00329,Legal,12/01/2026,0,Not Started,0%,,,,28/02/2026
cyber-aware-2026q1,Cyber Awareness 2026,L00330,Manufacturing,12/01/2026,0,Not Started,0%,,,,28/02/2026
cyber-aware-2026q1,Cyber Awareness 2026,L00331,Technology,12/01/2026,1,Completed,100%,88.4,Yes,16/02/2026,28/02/2026
cyber-aware-2026q1,Cyber Awareness 2026,L00332,Finance,12/01/2026,1,Completed,100%,81.4,Yes,28/02/2026,28/02/2026
cyber-aware-2026q1,Cyber Awareness 2026,L00333,Marketing,12/01/2026,1,Completed,100%,89.1,Yes,16/02/2026,28/02/2026
cyber-aware-2026q1,Cyber Awareness 2026,L00334,Finance,12/01/2026,1,Completed,100%,93.0,Yes,23/02/2026,28/02/2026
cyber-aware-2026q1,Cyber Awareness 2026,L00335,Manufacturing,12/01/2026,1,Completed,100%,75.0,Yes,23/02/2026,28/02/2026
cyber-aware-2026q1,Cyber Awareness 2026,L00336,Manufacturing,12/01/2026,0,Not Started,0%,,,,28/02/2026
cyber-aware-2026q1,Cyber Awareness 2026,L00337,Finance,12/01/2026,1,Completed,100%,85.9,Yes,16/02/2026,28/02/2026
cyber-aware-2026q1,Cyber Awareness 2026,L00338,Sales,12/01/2026,1,Completed,100%,66.4,No,03/02/2026,28/02/2026
cyber-aware-2026q1,Cyber Awareness 2026,L00339,Operations,12/01/2026,1,Completed,100%,72.9,Yes,26/02/2026,28/02/2026
cyber-aware-2026q1,Cyber Awareness 2026,L00340,Finance,12/01/2026,1,Completed,100%,71.8,Yes,03/02/2026,28/02/2026
cyber-aware-2026q1,Cyber Awareness 2026,L00341,Sales,12/01/2026,1,Completed,100%,78.6,Yes,26/02/2026,28/02/2026
cyber-aware-2026q1,Cyber Awareness 2026,L00342,Sales,12/01/2026,1,In Progress,55%,,,,28/02/2026
cyber-aware-2026q1,Cyber Awareness 2026,L00343,Manufacturing,12/01/2026,0,Not Started,0%,,,,28/02/2026
cyber-aware-2026q1,Cyber Awareness 2026,L00344,Marketing,12/01/2026,1,Completed,100%,76.9,Yes,28/02/2026,28/02/2026
cyber-aware-2026q1,Cyber Awareness 2026,L00345,Manufacturing,12/01/2026,1,In Progress,40%,,,,28/02/2026
cyber-aware-2026q1,Cyber Awareness 2026,L00346,Operations,12/01/2026,0,Not Started,0%,,,,28/02/2026
cyber-aware-2026q1,Cyber Awareness 2026,L00347,Marketing,12/01/2026,1,Completed,100%,87.4,Yes,28/02/2026,28/02/2026
cyber-aware-2026q1,Cyber Awareness 2026,L00348,Operations,12/01/2026,1,Completed,100%,72.1,Yes,28/02/2026,28/02/2026
cyber-aware-2026q1,Cyber Awareness 2026,L00349,Sales,12/01/2026,1,Completed,100%,80.7,Yes,16/02/2026,28/02/2026
cyber-aware-2026q1,Cyber Awareness 2026,L00350,Marketing,12/01/2026,1,Completed,100%,84.3,Yes,28/02/2026,28/02/2026
cyber-aware-2026q1,Cyber Awareness 2026,L00351,Operations,12/01/2026,0,Not Started,0%,,,,28/02/2026
cyber-aware-2026q1,Cyber Awareness 2026,L00352,Operations,12/01/2026,0,Not Started,0%,,,,28/02/2026
cyber-aware-2026q1,Cyber Awareness 2026,L00353,Manufacturing,12/01/2026,0,Not Started,0%,,,,28/02/2026
cyber-aware-2026q1,Cyber Awareness 2026,L00354,Marketing,12/01/2026,1,Completed,100%,82.9,Yes,28/02/2026,28/02/2026
cyber-aware-2026q1,Cyber Awareness 2026,L00355,Legal,12/01/2026,1,Completed,100%,81.1,Yes,23/02/2026,28/02/2026
cyber-aware-2026q1,Cyber Awareness 2026,L00356,Manufacturing,12/01/2026,1,Completed,100%,79.1,Yes,23/02/2026,28/02/2026
cyber-aware-2026q1,Cyber Awareness 2026,L00357,Technology,12/01/2026,0,Not Started,0%,,,,28/02/2026
cyber-aware-2026q1,Cyber Awareness 2026,L00358,Finance,12/01/2026,1,Completed,100%,80.1,Yes,27/02/2026,28/02/2026
cyber-aware-2026q1,Cyber Awareness 2026,L00359,Finance,12/01/2026,1,Completed,100%,82.5,Yes,03/02/2026,28/02/2026
cyber-aware-2026q1,Cyber Awareness 2026,L00360,Operations,12/01/2026,1,In Progress,25%,,,,28/02/2026
cyber-aware-2026q1,Cyber Awareness 2026,L00361,Manufacturing,12/01/2026,0,Not Started,0%,,,,28/02/2026
cyber-aware-2026q1,Cyber Awareness 2026,L00362,Technology,12/01/2026,0,Not Started,0%,,,,28/02/2026
cyber-aware-2026q1,Cyber Awareness 2026,L00363,Manufacturing,12/01/2026,0,Not Started,0%,,,,28/02/2026
cyber-aware-2026q1,Cyber Awareness 2026,L00364,Technology,12/01/2026,1,Completed,100%,80.5,Yes,26/02/2026,28/02/2026
cyber-aware-2026q1,Cyber Awareness 2026,L00365,Manufacturing,12/01/2026,1,In Progress,25%,,,,28/02/2026
cyber-aware-2026q1,Cyber Awareness 2026,L00366,Sales,12/01/2026,0,Not Started,0%,,,,28/02/2026
cyber-aware-2026q1,Cyber Awareness 2026,L00367,Manufacturing,12/01/2026,0,Not Started,0%,,,,28/02/2026
cyber-aware-2026q1,Cyber Awareness 2026,L00368,Marketing,12/01/2026,1,Completed,100%,97.7,Yes,26/02/2026,28/02/2026
cyber-aware-2026q1,Cyber Awareness 2026,L00369,Operations,12/01/2026,0,Not Started,0%,,,,28/02/2026
cyber-aware-2026q1,Cyber Awareness 2026,L00370,Manufacturing,12/01/2026,0,Not Started,0%,,,,28/02/2026
cyber-aware-2026q1,Cyber Awareness 2026,L00371,HR,12/01/2026,1,Completed,100%,98.6,Yes,16/02/2026,28/02/2026
cyber-aware-2026q1,Cyber Awareness 2026,L00372,Operations,12/01/2026,0,Not Started,0%,,,,28/02/2026
cyber-aware-2026q1,Cyber Awareness 2026,L00373,Manufacturing,12/01/2026,0,Not Started,0%,,,,28/02/2026
cyber-aware-2026q1,Cyber Awareness 2026,L00374,Manufacturing,12/01/2026,1,Completed,100%,86.4,Yes,23/02/2026,28/02/2026
cyber-aware-2026q1,Cyber Awareness 2026,L00375,Operations,12/01/2026,1,In Progress,10%,,,,28/02/2026
cyber-aware-2026q1,Cyber Awareness 2026,L00376,Sales,12/01/2026,0,Not Started,0%,,,,28/02/2026
cyber-aware-2026q1,Cyber Awareness 2026,L00377,Manufacturing,12/01/2026,0,Not Started,0%,,,,28/02/2026
cyber-aware-2026q1,Cyber Awareness 2026,L00378,Operations,12/01/2026,0,Not Started,0%,,,,28/02/2026
cyber-aware-2026q1,Cyber Awareness 2026,L00379,Operations,12/01/2026,1,In Progress,55%,,,,28/02/2026
cyber-aware-2026q1,Cyber Awareness 2026,L00380,Manufacturing,12/01/2026,1,In Progress,55%,,,,28/02/2026
cyber-aware-2026q1,Cyber Awareness 2026,L00381,Manufacturing,12/01/2026,0,Not Started,0%,,,,28/02/2026
cyber-aware-2026q1,Cyber Awareness 2026,L00382,Sales,12/01/2026,1,Completed,100%,83.4,Yes,27/02/2026,28/02/2026
cyber-aware-2026q1,Cyber Awareness 2026,L00383,Operations,12/01/2026,0,Not Started,0%,,,,28/02/2026
cyber-aware-2026q1,Cyber Awareness 2026,L00384,Manufacturing,12/01/2026,1,In Progress,10%,,,,28/02/2026
cyber-aware-2026q1,Cyber Awareness 2026,L00385,Sales,12/01/2026,1,In Progress,85%,,,,28/02/2026
cyber-aware-2026q1,Cyber Awareness 2026,L00386,Sales,12/01/2026,1,In Progress,55%,,,,28/02/2026
cyber-aware-2026q1,Cyber Awareness 2026,L00387,Sales,12/01/2026,0,Not Started,0%,,,,28/02/2026
cyber-aware-2026q1,Cyber Awareness 2026,L00388,Operations,12/01/2026,1,Completed,100%,83.8,Yes,03/02/2026,28/02/2026
cyber-aware-2026q1,Cyber Awareness 2026,L00389,Finance,12/01/2026,1,Completed,100%,79.9,Yes,28/02/2026,28/02/2026
cyber-aware-2026q1,Cyber Awareness 2026,L00390,Manufacturing,12/01/2026,1,In Progress,70%,,,,28/02/2026
cyber-aware-2026q1,Cyber Awareness 2026,L00391,Sales,12/01/2026,1,Completed,100%,90.1,Yes,03/02/2026,28/02/2026
cyber-aware-2026q1,Cyber Awareness 2026,L00392,Sales,12/01/2026,0,Not Started,0%,,,,28/02/2026
cyber-aware-2026q1,Cyber Awareness 2026,L00393,Manufacturing,12/01/2026,0,Not Started,0%,,,,28/02/2026
cyber-aware-2026q1,Cyber Awareness 2026,L00394,Manufacturing,12/01/2026,1,Completed,100%,62.3,No,28/02/2026,28/02/2026
cyber-aware-2026q1,Cyber Awareness 2026,L00395,Technology,12/01/2026,1,Completed,100%,90.2,Yes,28/02/2026,28/02/2026
cyber-aware-2026q1,Cyber Awareness 2026,L00396,Manufacturing,12/01/2026,1,In Progress,55%,,,,28/02/2026
cyber-aware-2026q1,Cyber Awareness 2026,L00397,Operations,12/01/2026,0,Not Started,0%,,,,28/02/2026
cyber-aware-2026q1,Cyber Awareness 2026,L00398,Operations,12/01/2026,1,In Progress,85%,,,,28/02/2026
cyber-aware-2026q1,Cyber Awareness 2026,L00399,Technology,12/01/2026,0,Not Started,0%,,,,28/02/2026
cyber-aware-2026q1,Cyber Awareness 2026,L00400,Operations,12/01/2026,1,In Progress,85%,,,,28/02/2026
cyber-aware-2026q1,Cyber Awareness 2026,L00401,Legal,12/01/2026,1,In Progress,25%,,,,28/02/2026
cyber-aware-2026q1,Cyber Awareness 2026,L00402,Finance,12/01/2026,1,Completed,100%,83.5,Yes,28/02/2026,28/02/2026
cyber-aware-2026q1,Cyber Awareness 2026,L00403,Operations,12/01/2026,1,In Progress,55%,,,,28/02/2026
cyber-aware-2026q1,Cyber Awareness 2026,L00404,Operations,12/01/2026,1,In Progress,85%,,,,28/02/2026
cyber-aware-2026q1,Cyber Awareness 2026,L00405,Operations,12/01/2026,1,Completed,100%,70.2,Yes,27/02/2026,28/02/2026
cyber-aware-2026q1,Cyber Awareness 2026,L00406,Manufacturing,12/01/2026,1,In Progress,10%,,,,28/02/2026
cyber-aware-2026q1,Cyber Awareness 2026,L00407,Manufacturing,12/01/2026,0,Not Started,0%,,,,28/02/2026
cyber-aware-2026q1,Cyber Awareness 2026,L00408,Technology,12/01/2026,1,Completed,100%,90.1,Yes,16/02/2026,28/02/2026
cyber-aware-2026q1,Cyber Awareness 2026,L00409,Manufacturing,12/01/2026,0,Not Started,0%,,,,28/02/2026
cyber-aware-2026q1,Cyber Awareness 2026,L00410,Manufacturing,12/01/2026,1,Completed,100%,77.9,Yes,16/02/2026,28/02/2026
cyber-aware-2026q1,Cyber Awareness 2026,L00411,Operations,12/01/2026,1,In Progress,85%,,,,28/02/2026
cyber-aware-2026q1,Cyber Awareness 2026,L00412,Sales,12/01/2026,1,Completed,100%,99.1,Yes,27/02/2026,28/02/2026
cyber-aware-2026q1,Cyber Awareness 2026,L00413,Manufacturing,12/01/2026,1,In Progress,25%,,,,28/02/2026
cyber-aware-2026q1,Cyber Awareness 2026,L00414,Manufacturing,12/01/2026,0,Not Started,0%,,,,28/02/2026
cyber-aware-2026q1,Cyber Awareness 2026,L00415,HR,12/01/2026,1,Completed,100%,70.0,Yes,16/02/2026,28/02/2026
cyber-aware-2026q1,Cyber Awareness 2026,L00416,Operations,12/01/2026,0,Not Started,0%,,,,28/02/2026
cyber-aware-2026q1,Cyber Awareness 2026,L00417,Manufacturing,12/01/2026,1,In Progress,25%,,,,28/02/2026
cyber-aware-2026q1,Cyber Awareness 2026,L00418,Manufacturing,12/01/2026,0,Not Started,0%,,,,28/02/2026
cyber-aware-2026q1,Cyber Awareness 2026,L00419,Legal,12/01/2026,0,Not Started,0%,,,,28/02/2026
cyber-aware-2026q1,Cyber Awareness 2026,L00420,Technology,12/01/2026,1,Completed,100%,88.0,Yes,16/02/2026,28/02/2026
cyber-aware-2026q1,Cyber Awareness 2026,L00421,Manufacturing,12/01/2026,0,Not Started,0%,,,,28/02/2026
cyber-aware-2026q1,Cyber Awareness 2026,L00422,Technology,12/01/2026,1,Completed,100%,69.5,No,03/02/2026,28/02/2026
cyber-aware-2026q1,Cyber Awareness 2026,L00423,Finance,12/01/2026,1,Completed,100%,74.2,Yes,23/02/2026,28/02/2026
cyber-aware-2026q1,Cyber Awareness 2026,L00424,Marketing,12/01/2026,1,Completed,100%,82.5,Yes,28/02/2026,28/02/2026
cyber-aware-2026q1,Cyber Awareness 2026,L00425,Manufacturing,12/01/2026,1,In Progress,55%,,,,28/02/2026
cyber-aware-2026q1,Cyber Awareness 2026,L00426,Sales,12/01/2026,1,Completed,100%,79.7,Yes,03/02/2026,28/02/2026
cyber-aware-2026q1,Cyber Awareness 2026,L00427,Operations,12/01/2026,1,Completed,100%,87.7,Yes,23/02/2026,28/02/2026
cyber-aware-2026q1,Cyber Awareness 2026,L00428,Technology,12/01/2026,1,Completed,100%,80.2,Yes,27/02/2026,28/02/2026
cyber-aware-2026q1,Cyber Awareness 2026,L00429,Technology,12/01/2026,1,In Progress,70%,,,,28/02/2026
cyber-aware-2026q1,Cyber Awareness 2026,L00430,Technology,12/01/2026,1,Completed,100%,87.8,Yes,03/02/2026,28/02/2026
cyber-aware-2026q1,Cyber Awareness 2026,L00431,Operations,12/01/2026,1,Completed,100%,75.1,Yes,28/02/2026,28/02/2026
cyber-aware-2026q1,Cyber Awareness 2026,L00432,Manufacturing,12/01/2026,1,In Progress,55%,,,,28/02/2026
cyber-aware-2026q1,Cyber Awareness 2026,L00433,Manufacturing,12/01/2026,1,In Progress,10%,,,,28/02/2026
cyber-aware-2026q1,Cyber Awareness 2026,L00434,Sales,12/01/2026,1,Completed,100%,93.5,Yes,26/02/2026,28/02/2026
cyber-aware-2026q1,Cyber Awareness 2026,L00435,Finance,12/01/2026,0,Not Started,0%,,,,28/02/2026
cyber-aware-2026q1,Cyber Awareness 2026,L00436,Technology,12/01/2026,0,Not Started,0%,,,,28/02/2026
cyber-aware-2026q1,Cyber Awareness 2026,L00437,Manufacturing,12/01/2026,1,In Progress,10%,,,,28/02/2026
cyber-aware-2026q1,Cyber Awareness 2026,L00438,HR,12/01/2026,1,Completed,100%,91.6,Yes,28/02/2026,28/02/2026
cyber-aware-2026q1,Cyber Awareness 2026,L00439,Manufacturing,12/01/2026,0,Not Started,0%,,,,28/02/2026
cyber-aware-2026q1,Cyber Awareness 2026,L00440,Technology,12/01/2026,1,Completed,100%,80.9,Yes,03/02/2026,28/02/2026
cyber-aware-2026q1,Cyber Awareness 2026,L00441,HR,12/01/2026,1,Completed,100%,84.2,Yes,27/02/2026,28/02/2026
cyber-aware-2026q1,Cyber Awareness 2026,L00442,HR,12/01/2026,1,Completed,100%,89.9,Yes,26/02/2026,28/02/2026
cyber-aware-2026q1,Cyber Awareness 2026,L00443,Operations,12/01/2026,1,Completed,100%,81.9,Yes,03/02/2026,28/02/2026
cyber-aware-2026q1,Cyber Awareness 2026,L00444,Manufacturing,12/01/2026,0,Not Started,0%,,,,28/02/2026
cyber-aware-2026q1,Cyber Awareness 2026,L00445,Marketing,12/01/2026,0,Not Started,0%,,,,28/02/2026
cyber-aware-2026q1,Cyber Awareness 2026,L00446,Finance,12/01/2026,1,Completed,100%,90.3,Yes,27/02/2026,28/02/2026
cyber-aware-2026q1,Cyber Awareness 2026,L00447,Technology,12/01/2026,1,Completed,100%,84.3,Yes,16/02/2026,28/02/2026
cyber-aware-2026q1,Cyber Awareness 2026,L00448,Technology,12/01/2026,1,Completed,100%,77.2,Yes,16/02/2026,28/02/2026
cyber-aware-2026q1,Cyber Awareness 2026,L00449,Operations,12/01/2026,1,Completed,100%,84.1,Yes,28/02/2026,28/02/2026
cyber-aware-2026q1,Cyber Awareness 2026,L00450,Technology,12/01/2026,0,Not Started,0%,,,,28/02/2026
cyber-aware-2026q1,Cyber Awareness 2026,L00451,Sales,12/01/2026,0,Not Started,0%,,,,28/02/2026
cyber-aware-2026q1,Cyber Awareness 2026,L00452,Technology,12/01/2026,1,Completed,100%,88.1,Yes,27/02/2026,28/02/2026
cyber-aware-2026q1,Cyber Awareness 2026,L00453,Manufacturing,12/01/2026,0,Not Started,0%,,,,28/02/2026
cyber-aware-2026q1,Cyber Awareness 2026,L00454,Manufacturing,12/01/2026,1,In Progress,40%,,,,28/02/2026
cyber-aware-2026q1,Cyber Awareness 2026,L00455,Technology,12/01/2026,1,Completed,100%,77.5,Yes,23/02/2026,28/02/2026
cyber-aware-2026q1,Cyber Awareness 2026,L00456,Technology,12/01/2026,1,Completed,100%,87.5,Yes,27/02/2026,28/02/2026
cyber-aware-2026q1,Cyber Awareness 2026,L00457,Marketing,12/01/2026,1,Completed,100%,79.7,Yes,23/02/2026,28/02/2026
cyber-aware-2026q1,Cyber Awareness 2026,L00458,Manufacturing,12/01/2026,0,Not Started,0%,,,,28/02/2026
cyber-aware-2026q1,Cyber Awareness 2026,L00459,HR,12/01/2026,1,Completed,100%,73.5,Yes,23/02/2026,28/02/2026
cyber-aware-2026q1,Cyber Awareness 2026,L00460,Manufacturing,12/01/2026,1,In Progress,25%,,,,28/02/2026
cyber-aware-2026q1,Cyber Awareness 2026,L00461,Sales,12/01/2026,1,Completed,100%,95.2,Yes,28/02/2026,28/02/2026
cyber-aware-2026q1,Cyber Awareness 2026,L00462,Marketing,12/01/2026,1,Completed,100%,73.9,Yes,26/02/2026,28/02/2026
cyber-aware-2026q1,Cyber Awareness 2026,L00463,Finance,12/01/2026,1,Completed,100%,92.4,Yes,03/02/2026,28/02/2026
cyber-aware-2026q1,Cyber Awareness 2026,L00464,Marketing,12/01/2026,1,In Progress,85%,,,,28/02/2026
cyber-aware-2026q1,Cyber Awareness 2026,L00465,Legal,12/01/2026,1,In Progress,25%,,,,28/02/2026
cyber-aware-2026q1,Cyber Awareness 2026,L00466,Operations,12/01/2026,1,In Progress,55%,,,,28/02/2026
cyber-aware-2026q1,Cyber Awareness 2026,L00467,Sales,12/01/2026,1,Completed,100%,70.8,Yes,27/02/2026,28/02/2026
cyber-aware-2026q1,Cyber Awareness 2026,L00468,Operations,12/01/2026,1,Completed,100%,76.5,Yes,03/02/2026,28/02/2026
cyber-aware-2026q1,Cyber Awareness 2026,L00469,Legal,12/01/2026,1,In Progress,40%,,,,28/02/2026
cyber-aware-2026q1,Cyber Awareness 2026,L00470,Marketing,12/01/2026,1,Completed,100%,93.6,Yes,03/02/2026,28/02/2026
cyber-aware-2026q1,Cyber Awareness 2026,L00471,Technology,12/01/2026,1,Completed,100%,85.7,Yes,28/02/2026,28/02/2026
cyber-aware-2026q1,Cyber Awareness 2026,L00472,Finance,12/01/2026,1,Completed,100%,72.4,Yes,26/02/2026,28/02/2026
cyber-aware-2026q1,Cyber Awareness 2026,L00473,Legal,12/01/2026,1,Completed,100%,86.1,Yes,16/02/2026,28/02/2026
cyber-aware-2026q1,Cyber Awareness 2026,L00474,Sales,12/01/2026,0,Not Started,0%,,,,28/02/2026
cyber-aware-2026q1,Cyber Awareness 2026,L00475,Marketing,12/01/2026,1,Completed,100%,78.4,Yes,28/02/2026,28/02/2026
cyber-aware-2026q1,Cyber Awareness 2026,L00476,Marketing,12/01/2026,1,Completed,100%,75.8,Yes,26/02/2026,28/02/2026
cyber-aware-2026q1,Cyber Awareness 2026,L00477,Sales,12/01/2026,1,Completed,100%,79.7,Yes,26/02/2026,28/02/2026
cyber-aware-2026q1,Cyber Awareness 2026,L00478,Marketing,12/01/2026,1,Completed,100%,90.9,Yes,28/02/2026,28/02/2026
cyber-aware-2026q1,Cyber Awareness 2026,L00479,Operations,12/01/2026,1,Completed,100%,84.2,Yes,28/02/2026,28/02/2026
cyber-aware-2026q1,Cyber Awareness 2026,L00480,Manufacturing,12/01/2026,1,Completed,100%,96.2,Yes,28/02/2026,28/02/2026
cyber-aware-2026q1,Cyber Awareness 2026,L00481,Operations,12/01/2026,0,Not Started,0%,,,,28/02/2026
cyber-aware-2026q1,Cyber Awareness 2026,L00482,Sales,12/01/2026,0,Not Started,0%,,,,28/02/2026
cyber-aware-2026q1,Cyber Awareness 2026,L00483,Marketing,12/01/2026,1,Completed,100%,67.4,No,26/02/2026,28/02/2026
cyber-aware-2026q1,Cyber Awareness 2026,L00484,Sales,12/01/2026,1,Completed,100%,80.0,Yes,23/02/2026,28/02/2026
cyber-aware-2026q1,Cyber Awareness 2026,L00485,Technology,12/01/2026,1,Completed,100%,94.3,Yes,28/02/2026,28/02/2026
cyber-aware-2026q1,Cyber Awareness 2026,L00486,Technology,12/01/2026,1,Completed,100%,96.0,Yes,23/02/2026,28/02/2026
cyber-aware-2026q1,Cyber Awareness 2026,L00487,Operations,12/01/2026,0,Not Started,0%,,,,28/02/2026
cyber-aware-2026q1,Cyber Awareness 2026,L00488,Legal,12/01/2026,1,Completed,100%,86.0,Yes,27/02/2026,28/02/2026
cyber-aware-2026q1,Cyber Awareness 2026,L00489,Marketing,12/01/2026,1,Completed,100%,81.0,Yes,16/02/2026,28/02/2026
cyber-aware-2026q1,Cyber Awareness 2026,L00490,Legal,12/01/2026,1,Completed,100%,87.3,Yes,16/02/2026,28/02/2026
cyber-aware-2026q1,Cyber Awareness 2026,L00491,Operations,12/01/2026,0,Not Started,0%,,,,28/02/2026
cyber-aware-2026q1,Cyber Awareness 2026,L00492,Operations,12/01/2026,1,Completed,100%,86.0,Yes,03/02/2026,28/02/2026
cyber-aware-2026q1,Cyber Awareness 2026,L00493,Sales,12/01/2026,1,In Progress,40%,,,,28/02/2026
cyber-aware-2026q1,Cyber Awareness 2026,L00494,Operations,12/01/2026,0,Not Started,0%,,,,28/02/2026
cyber-aware-2026q1,Cyber Awareness 2026,L00495,Sales,12/01/2026,1,Completed,100%,80.1,Yes,27/02/2026,28/02/2026
cyber-aware-2026q1,Cyber Awareness 2026,L00496,Operations,12/01/2026,0,Not Started,0%,,,,28/02/2026
cyber-aware-2026q1,Cyber Awareness 2026,L00497,Marketing,12/01/2026,1,In Progress,10%,,,,28/02/2026
cyber-aware-2026q1,Cyber Awareness 2026,L00498,Sales,12/01/2026,1,In Progress,70%,,,,28/02/2026
cyber-aware-2026q1,Cyber Awareness 2026,L00499,Operations,12/01/2026,1,In Progress,25%,,,,28/02/2026
cyber-aware-2026q1,Cyber Awareness 2026,L00500,Manufacturing,12/01/2026,0,Not Started,0%,,,,28/02/2026
cyber-aware-2026q1,Cyber Awareness 2026,L00501,Manufacturing,12/01/2026,0,Not Started,0%,,,,28/02/2026
cyber-aware-2026q1,Cyber Awareness 2026,L00502,Technology,12/01/2026,1,Completed,100%,79.6,Yes,27/02/2026,28/02/2026
cyber-aware-2026q1,Cyber Awareness 2026,L00503,Manufacturing,12/01/2026,1,Completed,100%,87.4,Yes,27/02/2026,28/02/2026
cyber-aware-2026q1,Cyber Awareness 2026,L00504,Manufacturing,12/01/2026,0,Not Started,0%,,,,28/02/2026
cyber-aware-2026q1,Cyber Awareness 2026,L00505,Marketing,12/01/2026,1,Completed,100%,90.0,Yes,03/02/2026,28/02/2026
cyber-aware-2026q1,Cyber Awareness 2026,L00506,Manufacturing,12/01/2026,0,Not Started,0%,,,,28/02/2026
cyber-aware-2026q1,Cyber Awareness 2026,L00507,Marketing,12/01/2026,1,In Progress,85%,,,,28/02/2026
cyber-aware-2026q1,Cyber Awareness 2026,L00508,Finance,12/01/2026,1,Completed,100%,74.2,Yes,23/02/2026,28/02/2026
cyber-aware-2026q1,Cyber Awareness 2026,L00509,Finance,12/01/2026,0,Not Started,0%,,,,28/02/2026
cyber-aware-2026q1,Cyber Awareness 2026,L00510,Marketing,12/01/2026,1,Completed,100%,87.2,Yes,28/02/2026,28/02/2026
cyber-aware-2026q1,Cyber Awareness 2026,L00511,Legal,12/01/2026,0,Not Started,0%,,,,28/02/2026
cyber-aware-2026q1,Cyber Awareness 2026,L00512,Technology,12/01/2026,1,Completed,100%,86.3,Yes,28/02/2026,28/02/2026
cyber-aware-2026q1,Cyber Awareness 2026,L00513,Manufacturing,12/01/2026,1,In Progress,70%,,,,28/02/2026
cyber-aware-2026q1,Cyber Awareness 2026,L00514,Sales,12/01/2026,1,In Progress,70%,,,,28/02/2026
cyber-aware-2026q1,Cyber Awareness 2026,L00515,Finance,12/01/2026,1,In Progress,70%,,,,28/02/2026
cyber-aware-2026q1,Cyber Awareness 2026,L00516,Operations,12/01/2026,1,Completed,100%,77.5,Yes,26/02/2026,28/02/2026
cyber-aware-2026q1,Cyber Awareness 2026,L00517,Manufacturing,12/01/2026,0,Not Started,0%,,,,28/02/2026
cyber-aware-2026q1,Cyber Awareness 2026,L00518,Sales,12/01/2026,1,Completed,100%,76.2,Yes,23/02/2026,28/02/2026
cyber-aware-2026q1,Cyber Awareness 2026,L00519,Operations,12/01/2026,0,Not Started,0%,,,,28/02/2026
cyber-aware-2026q1,Cyber Awareness 2026,L00520,Operations,12/01/2026,1,In Progress,85%,,,,28/02/2026
cyber-aware-2026q1,Cyber Awareness 2026,L00521,Manufacturing,12/01/2026,0,Not Started,0%,,,,28/02/2026
cyber-aware-2026q1,Cyber Awareness 2026,L00522,Sales,12/01/2026,1,Completed,100%,75.1,Yes,27/02/2026,28/02/2026
cyber-aware-2026q1,Cyber Awareness 2026,L00523,Marketing,12/01/2026,1,Completed,100%,68.3,No,27/02/2026,28/02/2026
cyber-aware-2026q1,Cyber Awareness 2026,L00524,Operations,12/01/2026,1,In Progress,85%,,,,28/02/2026
cyber-aware-2026q1,Cyber Awareness 2026,L00525,Manufacturing,12/01/2026,0,Not Started,0%,,,,28/02/2026
cyber-aware-2026q1,Cyber Awareness 2026,L00526,Marketing,12/01/2026,1,Completed,100%,82.3,Yes,03/02/2026,28/02/2026
cyber-aware-2026q1,Cyber Awareness 2026,L00527,Manufacturing,12/01/2026,0,Not Started,0%,,,,28/02/2026
cyber-aware-2026q1,Cyber Awareness 2026,L00528,Manufacturing,12/01/2026,1,Completed,100%,88.9,Yes,23/02/2026,28/02/2026
cyber-aware-2026q1,Cyber Awareness 2026,L00529,Manufacturing,12/01/2026,0,Not Started,0%,,,,28/02/2026
cyber-aware-2026q1,Cyber Awareness 2026,L00530,Sales,12/01/2026,1,Completed,100%,89.8,Yes,27/02/2026,28/02/2026
cyber-aware-2026q1,Cyber Awareness 2026,L00531,Manufacturing,12/01/2026,0,Not Started,0%,,,,28/02/2026
cyber-aware-2026q1,Cyber Awareness 2026,L00532,Operations,12/01/2026,0,Not Started,0%,,,,28/02/2026
cyber-aware-2026q1,Cyber Awareness 2026,L00533,Manufacturing,12/01/2026,1,In Progress,40%,,,,28/02/2026
cyber-aware-2026q1,Cyber Awareness 2026,L00534,Sales,12/01/2026,1,Completed,100%,80.4,Yes,27/02/2026,28/02/2026
cyber-aware-2026q1,Cyber Awareness 2026,L00535,Technology,12/01/2026,1,Completed,100%,77.9,Yes,28/02/2026,28/02/2026
cyber-aware-2026q1,Cyber Awareness 2026,L00536,Manufacturing,12/01/2026,0,Not Started,0%,,,,28/02/2026
cyber-aware-2026q1,Cyber Awareness 2026,L00537,Technology,12/01/2026,1,Completed,100%,76.0,Yes,27/02/2026,28/02/2026
cyber-aware-2026q1,Cyber Awareness 2026,L00538,Marketing,12/01/2026,1,Completed,100%,74.5,Yes,28/02/2026,28/02/2026
cyber-aware-2026q1,Cyber Awareness 2026,L00539,Marketing,12/01/2026,0,Not Started,0%,,,,28/02/2026
cyber-aware-2026q1,Cyber Awareness 2026,L00540,Technology,12/01/2026,1,Completed,100%,83.3,Yes,27/02/2026,28/02/2026
cyber-aware-2026q1,Cyber Awareness 2026,L00541,Technology,12/01/2026,1,Completed,100%,75.0,Yes,27/02/2026,28/02/2026
cyber-aware-2026q1,Cyber Awareness 2026,L00542,Marketing,12/01/2026,1,Completed,100%,83.4,Yes,23/02/2026,28/02/2026
cyber-aware-2026q1,Cyber Awareness 2026,L00543,Manufacturing,12/01/2026,0,Not Started,0%,,,,28/02/2026
cyber-aware-2026q1,Cyber Awareness 2026,L00544,Operations,12/01/2026,0,Not Started,0%,,,,28/02/2026
cyber-aware-2026q1,Cyber Awareness 2026,L00545,Legal,12/01/2026,1,In Progress,55%,,,,28/02/2026
cyber-aware-2026q1,Cyber Awareness 2026,L00546,HR,12/01/2026,1,Completed,100%,70.3,Yes,16/02/2026,28/02/2026
cyber-aware-2026q1,Cyber Awareness 2026,L00547,Manufacturing,12/01/2026,1,Completed,100%,93.6,Yes,16/02/2026,28/02/2026
cyber-aware-2026q1,Cyber Awareness 2026,L00548,Manufacturing,12/01/2026,1,In Progress,40%,,,,28/02/2026
cyber-aware-2026q1,Cyber Awareness 2026,L00549,Manufacturing,12/01/2026,0,Not Started,0%,,,,28/02/2026
cyber-aware-2026q1,Cyber Awareness 2026,L00550,Technology,12/01/2026,1,Completed,100%,77.6,Yes,28/02/2026,28/02/2026
cyber-aware-2026q1,Cyber Awareness 2026,L00551,Marketing,12/01/2026,1,Completed,100%,86.9,Yes,03/02/2026,28/02/2026
cyber-aware-2026q1,Cyber Awareness 2026,L00552,Marketing,12/01/2026,1,In Progress,55%,,,,28/02/2026
cyber-aware-2026q1,Cyber Awareness 2026,L00553,Manufacturing,12/01/2026,0,Not Started,0%,,,,28/02/2026
cyber-aware-2026q1,Cyber Awareness 2026,L00554,Operations,12/01/2026,1,In Progress,85%,,,,28/02/2026
cyber-aware-2026q1,Cyber Awareness 2026,L00555,Sales,12/01/2026,0,Not Started,0%,,,,28/02/2026
cyber-aware-2026q1,Cyber Awareness 2026,L00556,Technology,12/01/2026,1,Completed,100%,100.0,Yes,16/02/2026,28/02/2026
cyber-aware-2026q1,Cyber Awareness 2026,L00557,Manufacturing,12/01/2026,0,Not Started,0%,,,,28/02/2026
cyber-aware-2026q1,Cyber Awareness 2026,L00558,Technology,12/01/2026,1,Completed,100%,83.1,Yes,16/02/2026,28/02/2026
cyber-aware-2026q1,Cyber Awareness 2026,L00559,Operations,12/01/2026,0,Not Started,0%,,,,28/02/2026
cyber-aware-2026q1,Cyber Awareness 2026,L00560,Operations,12/01/2026,1,In Progress,85%,,,,28/02/2026
cyber-aware-2026q1,Cyber Awareness 2026,L00561,Manufacturing,12/01/2026,0,Not Started,0%,,,,28/02/2026
cyber-aware-2026q1,Cyber Awareness 2026,L00562,Marketing,12/01/2026,0,Not Started,0%,,,,28/02/2026
cyber-aware-2026q1,Cyber Awareness 2026,L00563,Finance,12/01/2026,1,Completed,100%,64.1,No,16/02/2026,28/02/2026
cyber-aware-2026q1,Cyber Awareness 2026,L00564,Manufacturing,12/01/2026,0,Not Started,0%,,,,28/02/2026
cyber-aware-2026q1,Cyber Awareness 2026,L00565,Manufacturing,12/01/2026,0,Not Started,0%,,,,28/02/2026
cyber-aware-2026q1,Cyber Awareness 2026,L00566,Technology,12/01/2026,1,Completed,100%,62.3,No,03/02/2026,28/02/2026
cyber-aware-2026q1,Cyber Awareness 2026,L00567,Marketing,12/01/2026,1,Completed,100%,72.0,Yes,26/02/2026,28/02/2026
cyber-aware-2026q1,Cyber Awareness 2026,L00568,Marketing,12/01/2026,1,Completed,100%,76.4,Yes,23/02/2026,28/02/2026
cyber-aware-2026q1,Cyber Awareness 2026,L00569,Sales,12/01/2026,0,Not Started,0%,,,,28/02/2026
cyber-aware-2026q1,Cyber Awareness 2026,L00570,Manufacturing,12/01/2026,0,Not Started,0%,,,,28/02/2026
cyber-aware-2026q1,Cyber Awareness 2026,L00571,Sales,12/01/2026,1,Completed,100%,80.0,Yes,27/02/2026,28/02/2026
cyber-aware-2026q1,Cyber Awareness 2026,L00572,HR,12/01/2026,1,Completed,100%,87.8,Yes,26/02/2026,28/02/2026
cyber-aware-2026q1,Cyber Awareness 2026,L00573,Technology,12/01/2026,1,Completed,100%,76.7,Yes,28/02/2026,28/02/2026
cyber-aware-2026q1,Cyber Awareness 2026,L00574,Finance,12/01/2026,0,Not Started,0%,,,,28/02/2026
cyber-aware-2026q1,Cyber Awareness 2026,L00575,Manufacturing,12/01/2026,0,Not Started,0%,,,,28/02/2026
cyber-aware-2026q1,Cyber Awareness 2026,L00576,Technology,12/01/2026,0,Not Started,0%,,,,28/02/2026
cyber-aware-2026q1,Cyber Awareness 2026,L00577,Operations,12/01/2026,1,In Progress,10%,,,,28/02/2026
cyber-aware-2026q1,Cyber Awareness 2026,L00578,Marketing,12/01/2026,1,Completed,100%,82.6,Yes,16/02/2026,28/02/2026
cyber-aware-2026q1,Cyber Awareness 2026,L00579,Operations,12/01/2026,1,In Progress,40%,,,,28/02/2026
cyber-aware-2026q1,Cyber Awareness 2026,L00580,Operations,12/01/2026,1,Completed,100%,70.4,Yes,16/02/2026,28/02/2026
cyber-aware-2026q1,Cyber Awareness 2026,L00581,Marketing,12/01/2026,1,Completed,100%,86.8,Yes,28/02/2026,28/02/2026
cyber-aware-2026q1,Cyber Awareness 2026,L00582,Operations,12/01/2026,0,Not Started,0%,,,,28/02/2026
cyber-aware-2026q1,Cyber Awareness 2026,L00583,Operations,12/01/2026,0,Not Started,0%,,,,28/02/2026
cyber-aware-2026q1,Cyber Awareness 2026,L00584,Manufacturing,12/01/2026,0,Not Started,0%,,,,28/02/2026
cyber-aware-2026q1,Cyber Awareness 2026,L00585,Finance,12/01/2026,1,Completed,100%,79.1,Yes,28/02/2026,28/02/2026
cyber-aware-2026q1,Cyber Awareness 2026,L00586,Legal,12/01/2026,1,Completed,100%,82.2,Yes,28/02/2026,28/02/2026
cyber-aware-2026q1,Cyber Awareness 2026,L00587,Manufacturing,12/01/2026,0,Not Started,0%,,,,28/02/2026
cyber-aware-2026q1,Cyber Awareness 2026,L00588,Operations,12/01/2026,1,Completed,100%,76.9,Yes,27/02/2026,28/02/2026
cyber-aware-2026q1,Cyber Awareness 2026,L00589,Technology,12/01/2026,1,In Progress,40%,,,,28/02/2026
cyber-aware-2026q1,Cyber Awareness 2026,L00590,Finance,12/01/2026,1,Completed,100%,80.2,Yes,26/02/2026,28/02/2026
cyber-aware-2026q1,Cyber Awareness 2026,L00591,Operations,12/01/2026,0,Not Started,0%,,,,28/02/2026
cyber-aware-2026q1,Cyber Awareness 2026,L00592,Manufacturing,12/01/2026,1,Completed,100%,85.2,Yes,23/02/2026,28/02/2026
cyber-aware-2026q1,Cyber Awareness 2026,L00593,HR,12/01/2026,1,In Progress,10%,,,,28/02/2026
cyber-aware-2026q1,Cyber Awareness 2026,L00594,Marketing,12/01/2026,1,In Progress,25%,,,,28/02/2026
cyber-aware-2026q1,Cyber Awareness 2026,L00595,Marketing,12/01/2026,1,In Progress,70%,,,,28/02/2026
cyber-aware-2026q1,Cyber Awareness 2026,L00596,Operations,12/01/2026,1,In Progress,55%,,,,28/02/2026
cyber-aware-2026q1,Cyber Awareness 2026,L00597,Technology,12/01/2026,1,Completed,100%,96.9,Yes,03/02/2026,28/02/2026
cyber-aware-2026q1,Cyber Awareness 2026,L00598,Manufacturing,12/01/2026,1,In Progress,70%,,,,28/02/2026
cyber-aware-2026q1,Cyber Awareness 2026,L00599,Operations,12/01/2026,1,In Progress,10%,,,,28/02/2026
cyber-aware-2026q1,Cyber Awareness 2026,L00600,Technology,12/01/2026,1,Completed,100%,71.5,Yes,03/02/2026,28/02/2026
cyber-aware-2026q1,Cyber Awareness 2026,L00601,Manufacturing,12/01/2026,0,Not Started,0%,,,,28/02/2026
cyber-aware-2026q1,Cyber Awareness 2026,L00602,Marketing,12/01/2026,0,Not Started,0%,,,,28/02/2026
cyber-aware-2026q1,Cyber Awareness 2026,L00603,Manufacturing,12/01/2026,1,In Progress,55%,,,,28/02/2026
cyber-aware-2026q1,Cyber Awareness 2026,L00604,Operations,12/01/2026,0,Not Started,0%,,,,28/02/2026
cyber-aware-2026q1,Cyber Awareness 2026,L00605,Manufacturing,12/01/2026,0,Not Started,0%,,,,28/02/2026
cyber-aware-2026q1,Cyber Awareness 2026,L00606,Sales,12/01/2026,0,Not Started,0%,,,,28/02/2026
cyber-aware-2026q1,Cyber Awareness 2026,L00607,Marketing,12/01/2026,1,Completed,100%,81.6,Yes,03/02/2026,28/02/2026
cyber-aware-2026q1,Cyber Awareness 2026,L00608,Technology,12/01/2026,0,Not Started,0%,,,,28/02/2026
cyber-aware-2026q1,Cyber Awareness 2026,L00609,Operations,12/01/2026,1,Completed,100%,61.5,No,26/02/2026,28/02/2026
cyber-aware-2026q1,Cyber Awareness 2026,L00610,Manufacturing,12/01/2026,0,Not Started,0%,,,,28/02/2026
cyber-aware-2026q1,Cyber Awareness 2026,L00611,Sales,12/01/2026,0,Not Started,0%,,,,28/02/2026
cyber-aware-2026q1,Cyber Awareness 2026,L00612,Manufacturing,12/01/2026,0,Not Started,0%,,,,28/02/2026
cyber-aware-2026q1,Cyber Awareness 2026,L00613,Marketing,12/01/2026,1,In Progress,40%,,,,28/02/2026
cyber-aware-2026q1,Cyber Awareness 2026,L00614,Sales,12/01/2026,1,Completed,100%,92.7,Yes,03/02/2026,28/02/2026
cyber-aware-2026q1,Cyber Awareness 2026,L00615,HR,12/01/2026,1,Completed,100%,75.6,Yes,26/02/2026,28/02/2026
cyber-aware-2026q1,Cyber Awareness 2026,L00616,Manufacturing,12/01/2026,0,Not Started,0%,,,,28/02/2026
cyber-aware-2026q1,Cyber Awareness 2026,L00617,Marketing,12/01/2026,1,Completed,100%,72.6,Yes,27/02/2026,28/02/2026
cyber-aware-2026q1,Cyber Awareness 2026,L00618,Operations,12/01/2026,1,In Progress,10%,,,,28/02/2026
cyber-aware-2026q1,Cyber Awareness 2026,L00619,Manufacturing,12/01/2026,0,Not Started,0%,,,,28/02/2026
cyber-aware-2026q1,Cyber Awareness 2026,L00620,Legal,12/01/2026,0,Not Started,0%,,,,28/02/2026
cyber-aware-2026q1,Cyber Awareness 2026,L00621,Technology,12/01/2026,1,Completed,100%,92.3,Yes,03/02/2026,28/02/2026
cyber-aware-2026q1,Cyber Awareness 2026,L00622,Legal,12/01/2026,1,In Progress,85%,,,,28/02/2026
cyber-aware-2026q1,Cyber Awareness 2026,L00623,Manufacturing,12/01/2026,1,In Progress,25%,,,,28/02/2026
cyber-aware-2026q1,Cyber Awareness 2026,L00624,Manufacturing,12/01/2026,0,Not Started,0%,,,,28/02/2026
cyber-aware-2026q1,Cyber Awareness 2026,L00625,Operations,12/01/2026,0,Not Started,0%,,,,28/02/2026
cyber-aware-2026q1,Cyber Awareness 2026,L00626,Technology,12/01/2026,1,Completed,100%,85.1,Yes,23/02/2026,28/02/2026
cyber-aware-2026q1,Cyber Awareness 2026,L00627,Technology,12/01/2026,1,Completed,100%,94.5,Yes,28/02/2026,28/02/2026
cyber-aware-2026q1,Cyber Awareness 2026,L00628,Sales,12/01/2026,1,In Progress,55%,,,,28/02/2026
cyber-aware-2026q1,Cyber Awareness 2026,L00629,Sales,12/01/2026,1,Completed,100%,91.8,Yes,28/02/2026,28/02/2026
cyber-aware-2026q1,Cyber Awareness 2026,L00630,Manufacturing,12/01/2026,0,Not Started,0%,,,,28/02/2026
cyber-aware-2026q1,Cyber Awareness 2026,L00631,Manufacturing,12/01/2026,0,Not Started,0%,,,,28/02/2026
cyber-aware-2026q1,Cyber Awareness 2026,L00632,Technology,12/01/2026,1,Completed,100%,79.1,Yes,16/02/2026,28/02/2026
cyber-aware-2026q1,Cyber Awareness 2026,L00633,Marketing,12/01/2026,1,In Progress,70%,,,,28/02/2026
cyber-aware-2026q1,Cyber Awareness 2026,L00634,Sales,12/01/2026,1,Completed,100%,81.1,Yes,28/02/2026,28/02/2026
cyber-aware-2026q1,Cyber Awareness 2026,L00635,Operations,12/01/2026,1,In Progress,70%,,,,28/02/2026
cyber-aware-2026q1,Cyber Awareness 2026,L00636,Technology,12/01/2026,1,Completed,100%,84.1,Yes,28/02/2026,28/02/2026
cyber-aware-2026q1,Cyber Awareness 2026,L00637,Manufacturing,12/01/2026,1,In Progress,55%,,,,28/02/2026
cyber-aware-2026q1,Cyber Awareness 2026,L00638,Operations,12/01/2026,1,In Progress,55%,,,,28/02/2026
cyber-aware-2026q1,Cyber Awareness 2026,L00639,Manufacturing,12/01/2026,1,In Progress,25%,,,,28/02/2026
cyber-aware-2026q1,Cyber Awareness 2026,L00640,Manufacturing,12/01/2026,0,Not Started,0%,,,,28/02/2026
cyber-aware-2026q1,Cyber Awareness 2026,L00641,Operations,12/01/2026,1,Completed,100%,72.4,Yes,28/02/2026,28/02/2026
cyber-aware-2026q1,Cyber Awareness 2026,L00642,Manufacturing,12/01/2026,0,Not Started,0%,,,,28/02/2026
cyber-aware-2026q1,Cyber Awareness 2026,L00643,HR,12/01/2026,1,In Progress,40%,,,,28/02/2026
cyber-aware-2026q1,Cyber Awareness 2026,L00644,Technology,12/01/2026,1,Completed,100%,68.2,No,26/02/2026,28/02/2026
cyber-aware-2026q1,Cyber Awareness 2026,L00645,Sales,12/01/2026,1,Completed,100%,61.8,No,23/02/2026,28/02/2026
cyber-aware-2026q1,Cyber Awareness 2026,L00646,Finance,12/01/2026,1,Completed,100%,90.3,Yes,28/02/2026,28/02/2026
cyber-aware-2026q1,Cyber Awareness 2026,L00647,Manufacturing,12/01/2026,0,Not Started,0%,,,,28/02/2026
cyber-aware-2026q1,Cyber Awareness 2026,L00648,HR,12/01/2026,1,Completed,100%,96.9,Yes,23/02/2026,28/02/2026
cyber-aware-2026q1,Cyber Awareness 2026,L00649,Technology,12/01/2026,1,Completed,100%,88.8,Yes,03/02/2026,28/02/2026
cyber-aware-2026q1,Cyber Awareness 2026,L00650,Manufacturing,12/01/2026,1,In Progress,70%,,,,28/02/2026
cyber-aware-2026q1,Cyber Awareness 2026,L00651,Technology,12/01/2026,1,Completed,100%,77.3,Yes,28/02/2026,28/02/2026
cyber-aware-2026q1,Cyber Awareness 2026,L00652,Sales,12/01/2026,0,Not Started,0%,,,,28/02/2026
cyber-aware-2026q1,Cyber Awareness 2026,L00653,Technology,12/01/2026,1,Completed,100%,77.2,Yes,16/02/2026,28/02/2026
cyber-aware-2026q1,Cyber Awareness 2026,L00654,Marketing,12/01/2026,1,Completed,100%,63.2,No,16/02/2026,28/02/2026
cyber-aware-2026q1,Cyber Awareness 2026,L00655,Manufacturing,12/01/2026,0,Not Started,0%,,,,28/02/2026
cyber-aware-2026q1,Cyber Awareness 2026,L00656,Manufacturing,12/01/2026,0,Not Started,0%,,,,28/02/2026
cyber-aware-2026q1,Cyber Awareness 2026,L00657,Marketing,12/01/2026,1,Completed,100%,75.9,Yes,03/02/2026,28/02/2026
cyber-aware-2026q1,Cyber Awareness 2026,L00658,Sales,12/01/2026,1,Completed,100%,84.5,Yes,27/02/2026,28/02/2026
cyber-aware-2026q1,Cyber Awareness 2026,L00659,Manufacturing,12/01/2026,0,Not Started,0%,,,,28/02/2026
cyber-aware-2026q1,Cyber Awareness 2026,L00660,Operations,12/01/2026,0,Not Started,0%,,,,28/02/2026
cyber-aware-2026q1,Cyber Awareness 2026,L00661,Sales,12/01/2026,1,Completed,100%,84.4,Yes,03/02/2026,28/02/2026
cyber-aware-2026q1,Cyber Awareness 2026,L00662,Finance,12/01/2026,1,Completed,100%,81.9,Yes,28/02/2026,28/02/2026
cyber-aware-2026q1,Cyber Awareness 2026,L00663,Operations,12/01/2026,1,Completed,100%,82.3,Yes,16/02/2026,28/02/2026
cyber-aware-2026q1,Cyber Awareness 2026,L00664,Legal,12/01/2026,1,Completed,100%,66.9,No,27/02/2026,28/02/2026
cyber-aware-2026q1,Cyber Awareness 2026,L00665,Manufacturing,12/01/2026,0,Not Started,0%,,,,28/02/2026
cyber-aware-2026q1,Cyber Awareness 2026,L00666,Operations,12/01/2026,0,Not Started,0%,,,,28/02/2026
cyber-aware-2026q1,Cyber Awareness 2026,L00667,Sales,12/01/2026,0,Not Started,0%,,,,28/02/2026
cyber-aware-2026q1,Cyber Awareness 2026,L00668,Marketing,12/01/2026,1,Completed,100%,71.4,Yes,23/02/2026,28/02/2026
cyber-aware-2026q1,Cyber Awareness 2026,L00669,Technology,12/01/2026,1,Completed,100%,98.0,Yes,23/02/2026,28/02/2026
cyber-aware-2026q1,Cyber Awareness 2026,L00670,Operations,12/01/2026,1,Completed,100%,100.0,Yes,03/02/2026,28/02/2026
cyber-aware-2026q1,Cyber Awareness 2026,L00671,Manufacturing,12/01/2026,0,Not Started,0%,,,,28/02/2026
cyber-aware-2026q1,Cyber Awareness 2026,L00672,Manufacturing,12/01/2026,0,Not Started,0%,,,,28/02/2026
cyber-aware-2026q1,Cyber Awareness 2026,L00673,Manufacturing,12/01/2026,0,Not Started,0%,,,,28/02/2026
cyber-aware-2026q1,Cyber Awareness 2026,L00674,Finance,12/01/2026,1,Completed,100%,87.7,Yes,23/02/2026,28/02/2026
cyber-aware-2026q1,Cyber Awareness 2026,L00675,HR,12/01/2026,1,Completed,100%,71.7,Yes,28/02/2026,28/02/2026
cyber-aware-2026q1,Cyber Awareness 2026,L00676,Manufacturing,12/01/2026,0,Not Started,0%,,,,28/02/2026
cyber-aware-2026q1,Cyber Awareness 2026,L00677,Manufacturing,12/01/2026,1,Completed,100%,74.3,Yes,26/02/2026,28/02/2026
cyber-aware-2026q1,Cyber Awareness 2026,L00678,Technology,12/01/2026,1,Completed,100%,90.1,Yes,27/02/2026,28/02/2026
cyber-aware-2026q1,Cyber Awareness 2026,L00679,Operations,12/01/2026,1,In Progress,70%,,,,28/02/2026
cyber-aware-2026q1,Cyber Awareness 2026,L00680,Technology,12/01/2026,1,Completed,100%,74.5,Yes,23/02/2026,28/02/2026
cyber-aware-2026q1,Cyber Awareness 2026,L00681,Manufacturing,12/01/2026,1,Completed,100%,76.0,Yes,26/02/2026,28/02/2026
cyber-aware-2026q1,Cyber Awareness 2026,L00682,Marketing,12/01/2026,0,Not Started,0%,,,,28/02/2026
cyber-aware-2026q1,Cyber Awareness 2026,L00683,Manufacturing,12/01/2026,0,Not Started,0%,,,,28/02/2026
cyber-aware-2026q1,Cyber Awareness 2026,L00684,Manufacturing,12/01/2026,1,Completed,100%,88.3,Yes,16/02/2026,28/02/2026
cyber-aware-2026q1,Cyber Awareness 2026,L00685,Manufacturing,12/01/2026,0,Not Started,0%,,,,28/02/2026
cyber-aware-2026q1,Cyber Awareness 2026,L00686,Legal,12/01/2026,1,Completed,100%,67.0,No,26/02/2026,28/02/2026
cyber-aware-2026q1,Cyber Awareness 2026,L00687,HR,12/01/2026,1,Completed,100%,95.2,Yes,23/02/2026,28/02/2026
cyber-aware-2026q1,Cyber Awareness 2026,L00688,Technology,12/01/2026,1,In Progress,40%,,,,28/02/2026
cyber-aware-2026q1,Cyber Awareness 2026,L00689,Marketing,12/01/2026,1,Completed,100%,79.6,Yes,03/02/2026,28/02/2026
cyber-aware-2026q1,Cyber Awareness 2026,L00690,Operations,12/01/2026,1,In Progress,25%,,,,28/02/2026
cyber-aware-2026q1,Cyber Awareness 2026,L00691,Manufacturing,12/01/2026,0,Not Started,0%,,,,28/02/2026
cyber-aware-2026q1,Cyber Awareness 2026,L00692,Manufacturing,12/01/2026,0,Not Started,0%,,,,28/02/2026
cyber-aware-2026q1,Cyber Awareness 2026,L00693,Sales,12/01/2026,1,Completed,100%,85.7,Yes,23/02/2026,28/02/2026
cyber-aware-2026q1,Cyber Awareness 2026,L00694,Technology,12/01/2026,1,Completed,100%,89.8,Yes,16/02/2026,28/02/2026
cyber-aware-2026q1,Cyber Awareness 2026,L00695,Technology,12/01/2026,1,Completed,100%,81.7,Yes,26/02/2026,28/02/2026
cyber-aware-2026q1,Cyber Awareness 2026,L00696,Manufacturing,12/01/2026,1,In Progress,40%,,,,28/02/2026
cyber-aware-2026q1,Cyber Awareness 2026,L00697,Manufacturing,12/01/2026,1,Completed,100%,77.4,Yes,26/02/2026,28/02/2026
cyber-aware-2026q1,Cyber Awareness 2026,L00698,Technology,12/01/2026,1,Completed,100%,76.4,Yes,26/02/2026,28/02/2026
cyber-aware-2026q1,Cyber Awareness 2026,L00699,Technology,12/01/2026,1,Completed,100%,85.6,Yes,16/02/2026,28/02/2026
cyber-aware-2026q1,Cyber Awareness 2026,L00700,HR,12/01/2026,1,Completed,100%,68.3,No,16/02/2026,28/02/2026
cyber-aware-2026q1,Cyber Awareness 2026,L00701,Operations,12/01/2026,1,Completed,100%,74.7,Yes,23/02/2026,28/02/2026
cyber-aware-2026q1,Cyber Awareness 2026,L00702,Marketing,12/01/2026,1,Completed,100%,75.0,Yes,23/02/2026,28/02/2026
cyber-aware-2026q1,Cyber Awareness 2026,L00703,Marketing,12/01/2026,0,Not Started,0%,,,,28/02/2026
cyber-aware-2026q1,Cyber Awareness 2026,L00704,Operations,12/01/2026,1,Completed,100%,83.7,Yes,28/02/2026,28/02/2026
cyber-aware-2026q1,Cyber Awareness 2026,L00705,Manufacturing,12/01/2026,0,Not Started,0%,,,,28/02/2026
cyber-aware-2026q1,Cyber Awareness 2026,L00706,Operations,12/01/2026,1,Completed,100%,83.9,Yes,23/02/2026,28/02/2026
cyber-aware-2026q1,Cyber Awareness 2026,L00707,Sales,12/01/2026,1,Completed,100%,88.9,Yes,27/02/2026,28/02/2026
cyber-aware-2026q1,Cyber Awareness 2026,L00708,Technology,12/01/2026,1,Completed,100%,63.6,No,27/02/2026,28/02/2026
cyber-aware-2026q1,Cyber Awareness 2026,L00709,Manufacturing,12/01/2026,1,In Progress,55%,,,,28/02/2026
cyber-aware-2026q1,Cyber Awareness 2026,L00710,Technology,12/01/2026,1,Completed,100%,82.1,Yes,23/02/2026,28/02/2026
cyber-aware-2026q1,Cyber Awareness 2026,L00711,Finance,12/01/2026,1,Completed,100%,79.6,Yes,16/02/2026,28/02/2026
cyber-aware-2026q1,Cyber Awareness 2026,L00712,Marketing,12/01/2026,1,Completed,100%,94.0,Yes,27/02/2026,28/02/2026
cyber-aware-2026q1,Cyber Awareness 2026,L00713,Manufacturing,12/01/2026,1,In Progress,85%,,,,28/02/2026
cyber-aware-2026q1,Cyber Awareness 2026,L00714,Finance,12/01/2026,0,Not Started,0%,,,,28/02/2026
cyber-aware-2026q1,Cyber Awareness 2026,L00715,Operations,12/01/2026,1,In Progress,40%,,,,28/02/2026
cyber-aware-2026q1,Cyber Awareness 2026,L00716,Manufacturing,12/01/2026,1,In Progress,25%,,,,28/02/2026
cyber-aware-2026q1,Cyber Awareness 2026,L00717,Operations,12/01/2026,0,Not Started,0%,,,,28/02/2026
cyber-aware-2026q1,Cyber Awareness 2026,L00718,Manufacturing,12/01/2026,1,In Progress,10%,,,,28/02/2026
cyber-aware-2026q1,Cyber Awareness 2026,L00719,Sales,12/01/2026,1,Completed,100%,82.3,Yes,16/02/2026,28/02/2026
cyber-aware-2026q1,Cyber Awareness 2026,L00720,HR,12/01/2026,1,In Progress,10%,,,,28/02/2026
cyber-aware-2026q1,Cyber Awareness 2026,L00721,Operations,12/01/2026,1,In Progress,25%,,,,28/02/2026
cyber-aware-2026q1,Cyber Awareness 2026,L00722,HR,12/01/2026,1,Completed,100%,82.9,Yes,23/02/2026,28/02/2026
cyber-aware-2026q1,Cyber Awareness 2026,L00723,Operations,12/01/2026,1,Completed,100%,93.0,Yes,23/02/2026,28/02/2026
cyber-aware-2026q1,Cyber Awareness 2026,L00724,Sales,12/01/2026,1,Completed,100%,72.9,Yes,26/02/2026,28/02/2026
cyber-aware-2026q1,Cyber Awareness 2026,L00725,Manufacturing,12/01/2026,0,Not Started,0%,,,,28/02/2026
cyber-aware-2026q1,Cyber Awareness 2026,L00726,Marketing,12/01/2026,1,Completed,100%,81.3,Yes,23/02/2026,28/02/2026
cyber-aware-2026q1,Cyber Awareness 2026,L00727,Operations,12/01/2026,1,In Progress,40%,,,,28/02/2026
cyber-aware-2026q1,Cyber Awareness 2026,L00728,Manufacturing,12/01/2026,1,In Progress,10%,,,,28/02/2026
cyber-aware-2026q1,Cyber Awareness 2026,L00729,Finance,12/01/2026,1,Completed,100%,82.0,Yes,23/02/2026,28/02/2026
cyber-aware-2026q1,Cyber Awareness 2026,L00730,Manufacturing,12/01/2026,0,Not Started,0%,,,,28/02/2026
cyber-aware-2026q1,Cyber Awareness 2026,L00731,Operations,12/01/2026,0,Not Started,0%,,,,28/02/2026
cyber-aware-2026q1,Cyber Awareness 2026,L00732,Sales,12/01/2026,0,Not Started,0%,,,,28/02/2026
cyber-aware-2026q1,Cyber Awareness 2026,L00733,Manufacturing,12/01/2026,1,In Progress,25%,,,,28/02/2026
cyber-aware-2026q1,Cyber Awareness 2026,L00734,Legal,12/01/2026,1,Completed,100%,79.1,Yes,03/02/2026,28/02/2026
cyber-aware-2026q1,Cyber Awareness 2026,L00735,Operations,12/01/2026,1,Completed,100%,74.8,Yes,23/02/2026,28/02/2026
cyber-aware-2026q1,Cyber Awareness 2026,L00736,Operations,12/01/2026,1,In Progress,40%,,,,28/02/2026
cyber-aware-2026q1,Cyber Awareness 2026,L00737,Marketing,12/01/2026,1,Completed,100%,73.3,Yes,28/02/2026,28/02/2026
cyber-aware-2026q1,Cyber Awareness 2026,L00738,Finance,12/01/2026,1,Completed,100%,96.0,Yes,23/02/2026,28/02/2026
cyber-aware-2026q1,Cyber Awareness 2026,L00739,Operations,12/01/2026,1,Completed,100%,80.3,Yes,23/02/2026,28/02/2026
cyber-aware-2026q1,Cyber Awareness 2026,L00740,Sales,12/01/2026,1,Completed,100%,91.4,Yes,16/02/2026,28/02/2026
cyber-aware-2026q1,Cyber Awareness 2026,L00741,Marketing,12/01/2026,1,Completed,100%,92.1,Yes,28/02/2026,28/02/2026
cyber-aware-2026q1,Cyber Awareness 2026,L00742,HR,12/01/2026,1,Completed,100%,71.2,Yes,16/02/2026,28/02/2026
cyber-aware-2026q1,Cyber Awareness 2026,L00743,Technology,12/01/2026,1,Completed,100%,73.2,Yes,16/02/2026,28/02/2026
cyber-aware-2026q1,Cyber Awareness 2026,L00744,Manufacturing,12/01/2026,0,Not Started,0%,,,,28/02/2026
cyber-aware-2026q1,Cyber Awareness 2026,L00745,Manufacturing,12/01/2026,0,Not Started,0%,,,,28/02/2026
cyber-aware-2026q1,Cyber Awareness 2026,L00746,Sales,12/01/2026,1,In Progress,55%,,,,28/02/2026
cyber-aware-2026q1,Cyber Awareness 2026,L00747,Sales,12/01/2026,1,Completed,100%,77.1,Yes,27/02/2026,28/02/2026
cyber-aware-2026q1,Cyber Awareness 2026,L00748,Operations,12/01/2026,0,Not Started,0%,,,,28/02/2026
cyber-aware-2026q1,Cyber Awareness 2026,L00749,Manufacturing,12/01/2026,1,In Progress,85%,,,,28/02/2026
cyber-aware-2026q1,Cyber Awareness 2026,L00750,Manufacturing,12/01/2026,0,Not Started,0%,,,,28/02/2026
cyber-aware-2026q1,Cyber Awareness 2026,L00751,Technology,12/01/2026,1,Completed,100%,88.4,Yes,23/02/2026,28/02/2026
cyber-aware-2026q1,Cyber Awareness 2026,L00752,Manufacturing,12/01/2026,0,Not Started,0%,,,,28/02/2026
cyber-aware-2026q1,Cyber Awareness 2026,L00753,Marketing,12/01/2026,0,Not Started,0%,,,,28/02/2026
cyber-aware-2026q1,Cyber Awareness 2026,L00754,Manufacturing,12/01/2026,1,In Progress,85%,,,,28/02/2026
cyber-aware-2026q1,Cyber Awareness 2026,L00755,Manufacturing,12/01/2026,0,Not Started,0%,,,,28/02/2026
cyber-aware-2026q1,Cyber Awareness 2026,L00756,Legal,12/01/2026,1,Completed,100%,96.7,Yes,03/02/2026,28/02/2026
cyber-aware-2026q1,Cyber Awareness 2026,L00757,Finance,12/01/2026,1,Completed,100%,78.3,Yes,23/02/2026,28/02/2026
cyber-aware-2026q1,Cyber Awareness 2026,L00758,Marketing,12/01/2026,1,Completed,100%,82.5,Yes,26/02/2026,28/02/2026
cyber-aware-2026q1,Cyber Awareness 2026,L00759,HR,12/01/2026,1,Completed,100%,85.8,Yes,28/02/2026,28/02/2026
cyber-aware-2026q1,Cyber Awareness 2026,L00760,Sales,12/01/2026,1,Completed,100%,85.5,Yes,03/02/2026,28/02/2026
cyber-aware-2026q1,Cyber Awareness 2026,L00761,Operations,12/01/2026,1,Completed,100%,80.3,Yes,26/02/2026,28/02/2026
cyber-aware-2026q1,Cyber Awareness 2026,L00762,Finance,12/01/2026,1,Completed,100%,95.9,Yes,26/02/2026,28/02/2026
cyber-aware-2026q1,Cyber Awareness 2026,L00763,Technology,12/01/2026,1,Completed,100%,61.4,No,28/02/2026,28/02/2026
cyber-aware-2026q1,Cyber Awareness 2026,L00764,Sales,12/01/2026,0,Not Started,0%,,,,28/02/2026
cyber-aware-2026q1,Cyber Awareness 2026,L00765,Technology,12/01/2026,1,Completed,100%,84.6,Yes,23/02/2026,28/02/2026
cyber-aware-2026q1,Cyber Awareness 2026,L00766,Manufacturing,12/01/2026,0,Not Started,0%,,,,28/02/2026
cyber-aware-2026q1,Cyber Awareness 2026,L00767,Technology,12/01/2026,1,Completed,100%,80.1,Yes,28/02/2026,28/02/2026
cyber-aware-2026q1,Cyber Awareness 2026,L00768,Manufacturing,12/01/2026,0,Not Started,0%,,,,28/02/2026
cyber-aware-2026q1,Cyber Awareness 2026,L00769,Manufacturing,12/01/2026,1,In Progress,55%,,,,28/02/2026
cyber-aware-2026q1,Cyber Awareness 2026,L00770,Marketing,12/01/2026,1,Completed,100%,89.6,Yes,28/02/2026,28/02/2026
cyber-aware-2026q1,Cyber Awareness 2026,L00771,Manufacturing,12/01/2026,1,In Progress,10%,,,,28/02/2026
cyber-aware-2026q1,Cyber Awareness 2026,L00772,Technology,12/01/2026,1,Completed,100%,90.5,Yes,23/02/2026,28/02/2026
cyber-aware-2026q1,Cyber Awareness 2026,L00773,Operations,12/01/2026,0,Not Started,0%,,,,28/02/2026
cyber-aware-2026q1,Cyber Awareness 2026,L00774,Technology,12/01/2026,1,Completed,100%,89.0,Yes,28/02/2026,28/02/2026
cyber-aware-2026q1,Cyber Awareness 2026,L00775,Technology,12/01/2026,1,Completed,100%,88.8,Yes,16/02/2026,28/02/2026
cyber-aware-2026q1,Cyber Awareness 2026,L00776,HR,12/01/2026,1,Completed,100%,78.9,Yes,28/02/2026,28/02/2026
cyber-aware-2026q1,Cyber Awareness 2026,L00777,Sales,12/01/2026,1,Completed,100%,89.4,Yes,03/02/2026,28/02/2026
cyber-aware-2026q1,Cyber Awareness 2026,L00778,Manufacturing,12/01/2026,1,Completed,100%,86.8,Yes,28/02/2026,28/02/2026
cyber-aware-2026q1,Cyber Awareness 2026,L00779,Manufacturing,12/01/2026,0,Not Started,0%,,,,28/02/2026
cyber-aware-2026q1,Cyber Awareness 2026,L00780,Sales,12/01/2026,0,Not Started,0%,,,,28/02/2026
cyber-aware-2026q1,Cyber Awareness 2026,L00781,Manufacturing,12/01/2026,1,Completed,100%,73.3,Yes,28/02/2026,28/02/2026
cyber-aware-2026q1,Cyber Awareness 2026,L00782,Manufacturing,12/01/2026,0,Not Started,0%,,,,28/02/2026
cyber-aware-2026q1,Cyber Awareness 2026,L00783,Marketing,12/01/2026,1,Completed,100%,82.3,Yes,16/02/2026,28/02/2026
cyber-aware-2026q1,Cyber Awareness 2026,L00784,Technology,12/01/2026,1,Completed,100%,61.2,No,28/02/2026,28/02/2026
cyber-aware-2026q1,Cyber Awareness 2026,L00785,Operations,12/01/2026,0,Not Started,0%,,,,28/02/2026
cyber-aware-2026q1,Cyber Awareness 2026,L00786,Technology,12/01/2026,1,Completed,100%,77.4,Yes,26/02/2026,28/02/2026
cyber-aware-2026q1,Cyber Awareness 2026,L00787,HR,12/01/2026,1,Completed,100%,79.2,Yes,26/02/2026,28/02/2026
cyber-aware-2026q1,Cyber Awareness 2026,L00788,Technology,12/01/2026,1,Completed,100%,77.5,Yes,26/02/2026,28/02/2026
cyber-aware-2026q1,Cyber Awareness 2026,L00789,HR,12/01/2026,1,Completed,100%,71.2,Yes,03/02/2026,28/02/2026
cyber-aware-2026q1,Cyber Awareness 2026,L00790,HR,12/01/2026,1,In Progress,25%,,,,28/02/2026
cyber-aware-2026q1,Cyber Awareness 2026,L00791,Marketing,12/01/2026,0,Not Started,0%,,,,28/02/2026
cyber-aware-2026q1,Cyber Awareness 2026,L00792,Marketing,12/01/2026,1,Completed,100%,81.8,Yes,23/02/2026,28/02/2026
cyber-aware-2026q1,Cyber Awareness 2026,L00793,Finance,12/01/2026,1,Completed,100%,94.0,Yes,16/02/2026,28/02/2026
cyber-aware-2026q1,Cyber Awareness 2026,L00794,Legal,12/01/2026,1,Completed,100%,82.6,Yes,28/02/2026,28/02/2026
cyber-aware-2026q1,Cyber Awareness 2026,L00795,HR,12/01/2026,1,Completed,100%,88.9,Yes,28/02/2026,28/02/2026
cyber-aware-2026q1,Cyber Awareness 2026,L00796,Operations,12/01/2026,1,Completed,100%,75.5,Yes,23/02/2026,28/02/2026
cyber-aware-2026q1,Cyber Awareness 2026,L00797,Marketing,12/01/2026,1,In Progress,70%,,,,28/02/2026
cyber-aware-2026q1,Cyber Awareness 2026,L00798,Manufacturing,12/01/2026,1,Completed,100%,78.3,Yes,23/02/2026,28/02/2026
cyber-aware-2026q1,Cyber Awareness 2026,L00799,Legal,12/01/2026,1,Completed,100%,96.0,Yes,23/02/2026,28/02/2026
cyber-aware-2026q1,Cyber Awareness 2026,L00800,Manufacturing,12/01/2026,0,Not Started,0%,,,,28/02/2026
cyber-aware-2026q1,Cyber Awareness 2026,L00801,Technology,12/01/2026,1,Completed,100%,86.7,Yes,03/02/2026,28/02/2026
cyber-aware-2026q1,Cyber Awareness 2026,L00802,Sales,12/01/2026,1,Completed,100%,73.2,Yes,26/02/2026,28/02/2026
cyber-aware-2026q1,Cyber Awareness 2026,L00803,Sales,12/01/2026,1,Completed,100%,83.3,Yes,28/02/2026,28/02/2026
cyber-aware-2026q1,Cyber Awareness 2026,L00804,Technology,12/01/2026,1,Completed,100%,75.6,Yes,28/02/2026,28/02/2026
cyber-aware-2026q1,Cyber Awareness 2026,L00805,Sales,12/01/2026,1,Completed,100%,80.7,Yes,28/02/2026,28/02/2026
cyber-aware-2026q1,Cyber Awareness 2026,L00806,Sales,12/01/2026,1,In Progress,55%,,,,28/02/2026
cyber-aware-2026q1,Cyber Awareness 2026,L00807,Manufacturing,12/01/2026,0,Not Started,0%,,,,28/02/2026
cyber-aware-2026q1,Cyber Awareness 2026,L00808,Sales,12/01/2026,1,Completed,100%,78.9,Yes,28/02/2026,28/02/2026
cyber-aware-2026q1,Cyber Awareness 2026,L00809,Operations,12/01/2026,0,Not Started,0%,,,,28/02/2026
cyber-aware-2026q1,Cyber Awareness 2026,L00810,Manufacturing,12/01/2026,1,In Progress,25%,,,,28/02/2026
cyber-aware-2026q1,Cyber Awareness 2026,L00811,Operations,12/01/2026,1,Completed,100%,88.8,Yes,27/02/2026,28/02/2026
cyber-aware-2026q1,Cyber Awareness 2026,L00812,Manufacturing,12/01/2026,1,In Progress,40%,,,,28/02/2026
cyber-aware-2026q1,Cyber Awareness 2026,L00813,Technology,12/01/2026,1,Completed,100%,80.0,Yes,28/02/2026,28/02/2026
cyber-aware-2026q1,Cyber Awareness 2026,L00814,Manufacturing,12/01/2026,0,Not Started,0%,,,,28/02/2026
cyber-aware-2026q1,Cyber Awareness 2026,L00815,Manufacturing,12/01/2026,0,Not Started,0%,,,,28/02/2026
cyber-aware-2026q1,Cyber Awareness 2026,L00816,Manufacturing,12/01/2026,1,Completed,100%,94.6,Yes,16/02/2026,28/02/2026
cyber-aware-2026q1,Cyber Awareness 2026,L00817,Manufacturing,12/01/2026,1,In Progress,10%,,,,28/02/2026
cyber-aware-2026q1,Cyber Awareness 2026,L00818,Manufacturing,12/01/2026,0,Not Started,0%,,,,28/02/2026
cyber-aware-2026q1,Cyber Awareness 2026,L00819,Manufacturing,12/01/2026,0,Not Started,0%,,,,28/02/2026
cyber-aware-2026q1,Cyber Awareness 2026,L00820,Sales,12/01/2026,1,Completed,100%,89.2,Yes,16/02/2026,28/02/2026
cyber-aware-2026q1,Cyber Awareness 2026,L00821,Marketing,12/01/2026,1,Completed,100%,72.3,Yes,23/02/2026,28/02/2026
cyber-aware-2026q1,Cyber Awareness 2026,L00822,Operations,12/01/2026,1,Completed,100%,82.4,Yes,16/02/2026,28/02/2026
cyber-aware-2026q1,Cyber Awareness 2026,L00823,Sales,12/01/2026,0,Not Started,0%,,,,28/02/2026
cyber-aware-2026q1,Cyber Awareness 2026,L00824,Manufacturing,12/01/2026,1,In Progress,70%,,,,28/02/2026
cyber-aware-2026q1,Cyber Awareness 2026,L00825,Manufacturing,12/01/2026,1,In Progress,85%,,,,28/02/2026
cyber-aware-2026q1,Cyber Awareness 2026,L00826,Manufacturing,12/01/2026,0,Not Started,0%,,,,28/02/2026
cyber-aware-2026q1,Cyber Awareness 2026,L00827,Marketing,12/01/2026,0,Not Started,0%,,,,28/02/2026
cyber-aware-2026q1,Cyber Awareness 2026,L00828,HR,12/01/2026,1,Completed,100%,84.3,Yes,27/02/2026,28/02/2026
cyber-aware-2026q1,Cyber Awareness 2026,L00829,Marketing,12/01/2026,1,Completed,100%,69.9,No,28/02/2026,28/02/2026
cyber-aware-2026q1,Cyber Awareness 2026,L00830,Operations,12/01/2026,1,Completed,100%,82.0,Yes,16/02/2026,28/02/2026
cyber-aware-2026q1,Cyber Awareness 2026,L00831,Manufacturing,12/01/2026,0,Not Started,0%,,,,28/02/2026
cyber-aware-2026q1,Cyber Awareness 2026,L00832,Manufacturing,12/01/2026,1,Completed,100%,81.0,Yes,23/02/2026,28/02/2026
cyber-aware-2026q1,Cyber Awareness 2026,L00833,Marketing,12/01/2026,0,Not Started,0%,,,,28/02/2026
cyber-aware-2026q1,Cyber Awareness 2026,L00834,Finance,12/01/2026,1,Completed,100%,88.3,Yes,28/02/2026,28/02/2026
cyber-aware-2026q1,Cyber Awareness 2026,L00835,Operations,12/01/2026,1,Completed,100%,86.7,Yes,16/02/2026,28/02/2026
cyber-aware-2026q1,Cyber Awareness 2026,L00836,Manufacturing,12/01/2026,0,Not Started,0%,,,,28/02/2026
cyber-aware-2026q1,Cyber Awareness 2026,L00837,Manufacturing,12/01/2026,1,Completed,100%,90.0,Yes,26/02/2026,28/02/2026
cyber-aware-2026q1,Cyber Awareness 2026,L00838,Sales,12/01/2026,1,Completed,100%,81.2,Yes,03/02/2026,28/02/2026
cyber-aware-2026q1,Cyber Awareness 2026,L00839,Marketing,12/01/2026,1,Completed,100%,68.7,No,27/02/2026,28/02/2026
cyber-aware-2026q1,Cyber Awareness 2026,L00840,Manufacturing,12/01/2026,1,In Progress,25%,,,,28/02/2026
cyber-aware-2026q1,Cyber Awareness 2026,L00841,Manufacturing,12/01/2026,0,Not Started,0%,,,,28/02/2026
cyber-aware-2026q1,Cyber Awareness 2026,L00842,HR,12/01/2026,1,Completed,100%,84.3,Yes,28/02/2026,28/02/2026
cyber-aware-2026q1,Cyber Awareness 2026,L00843,Operations,12/01/2026,0,Not Started,0%,,,,28/02/2026
cyber-aware-2026q1,Cyber Awareness 2026,L00844,Sales,12/01/2026,1,Completed,100%,83.1,Yes,23/02/2026,28/02/2026
cyber-aware-2026q1,Cyber Awareness 2026,L00845,Sales,12/01/2026,1,Completed,100%,89.1,Yes,23/02/2026,28/02/2026
cyber-aware-2026q1,Cyber Awareness 2026,L00846,Marketing,12/01/2026,1,Completed,100%,97.7,Yes,16/02/2026,28/02/2026
cyber-aware-2026q1,Cyber Awareness 2026,L00847,Manufacturing,12/01/2026,0,Not Started,0%,,,,28/02/2026
cyber-aware-2026q1,Cyber Awareness 2026,L00848,Finance,12/01/2026,1,Completed,100%,88.9,Yes,27/02/2026,28/02/2026
cyber-aware-2026q1,Cyber Awareness 2026,L00849,Technology,12/01/2026,0,Not Started,0%,,,,28/02/2026
cyber-aware-2026q1,Cyber Awareness 2026,L00850,Operations,12/01/2026,1,Completed,100%,66.7,No,27/02/2026,28/02/2026
cyber-aware-2026q1,Cyber Awareness 2026,L00851,Manufacturing,12/01/2026,0,Not Started,0%,,,,28/02/2026
cyber-aware-2026q1,Cyber Awareness 2026,L00852,Manufacturing,12/01/2026,1,Completed,100%,74.7,Yes,16/02/2026,28/02/2026
cyber-aware-2026q1,Cyber Awareness 2026,L00853,Legal,12/01/2026,1,Completed,100%,74.1,Yes,03/02/2026,28/02/2026
cyber-aware-2026q1,Cyber Awareness 2026,L00854,Finance,12/01/2026,1,Completed,100%,95.1,Yes,16/02/2026,28/02/2026
cyber-aware-2026q1,Cyber Awareness 2026,L00855,Manufacturing,12/01/2026,1,In Progress,25%,,,,28/02/2026
cyber-aware-2026q1,Cyber Awareness 2026,L00856,Manufacturing,12/01/2026,0,Not Started,0%,,,,28/02/2026
cyber-aware-2026q1,Cyber Awareness 2026,L00857,Manufacturing,12/01/2026,0,Not Started,0%,,,,28/02/2026
cyber-aware-2026q1,Cyber Awareness 2026,L00858,Manufacturing,12/01/2026,1,In Progress,55%,,,,28/02/2026
cyber-aware-2026q1,Cyber Awareness 2026,L00859,Marketing,12/01/2026,1,Completed,100%,86.4,Yes,28/02/2026,28/02/2026
cyber-aware-2026q1,Cyber Awareness 2026,L00860,Marketing,12/01/2026,1,Completed,100%,79.3,Yes,27/02/2026,28/02/2026
cyber-aware-2026q1,Cyber Awareness 2026,L00861,Legal,12/01/2026,1,Completed,100%,69.3,No,03/02/2026,28/02/2026
cyber-aware-2026q1,Cyber Awareness 2026,L00862,Finance,12/01/2026,1,Completed,100%,80.3,Yes,23/02/2026,28/02/2026
cyber-aware-2026q1,Cyber Awareness 2026,L00863,Sales,12/01/2026,1,Completed,100%,80.9,Yes,27/02/2026,28/02/2026
cyber-aware-2026q1,Cyber Awareness 2026,L00864,HR,12/01/2026,1,Completed,100%,85.7,Yes,23/02/2026,28/02/2026
cyber-aware-2026q1,Cyber Awareness 2026,L00865,Legal,12/01/2026,1,Completed,100%,80.7,Yes,03/02/2026,28/02/2026
cyber-aware-2026q1,Cyber Awareness 2026,L00866,Sales,12/01/2026,0,Not Started,0%,,,,28/02/2026
cyber-aware-2026q1,Cyber Awareness 2026,L00867,Manufacturing,12/01/2026,0,Not Started,0%,,,,28/02/2026
cyber-aware-2026q1,Cyber Awareness 2026,L00868,Marketing,12/01/2026,1,Completed,100%,80.4,Yes,16/02/2026,28/02/2026
cyber-aware-2026q1,Cyber Awareness 2026,L00869,Finance,12/01/2026,1,Completed,100%,77.7,Yes,28/02/2026,28/02/2026
cyber-aware-2026q1,Cyber Awareness 2026,L00870,Operations,12/01/2026,0,Not Started,0%,,,,28/02/2026
cyber-aware-2026q1,Cyber Awareness 2026,L00871,Finance,12/01/2026,1,Completed,100%,77.0,Yes,16/02/2026,28/02/2026
cyber-aware-2026q1,Cyber Awareness 2026,L00872,Operations,12/01/2026,0,Not Started,0%,,,,28/02/2026
cyber-aware-2026q1,Cyber Awareness 2026,L00873,Sales,12/01/2026,1,In Progress,10%,,,,28/02/2026
cyber-aware-2026q1,Cyber Awareness 2026,L00874,Finance,12/01/2026,1,Completed,100%,100.0,Yes,26/02/2026,28/02/2026
cyber-aware-2026q1,Cyber Awareness 2026,L00875,Operations,12/01/2026,0,Not Started,0%,,,,28/02/2026
cyber-aware-2026q1,Cyber Awareness 2026,L00876,Operations,12/01/2026,0,Not Started,0%,,,,28/02/2026
cyber-aware-2026q1,Cyber Awareness 2026,L00877,HR,12/01/2026,1,Completed,100%,70.0,Yes,28/02/2026,28/02/2026
cyber-aware-2026q1,Cyber Awareness 2026,L00878,Technology,12/01/2026,1,Completed,100%,90.7,Yes,23/02/2026,28/02/2026
cyber-aware-2026q1,Cyber Awareness 2026,L00879,Marketing,12/01/2026,1,Completed,100%,91.9,Yes,23/02/2026,28/02/2026
cyber-aware-2026q1,Cyber Awareness 2026,L00880,Manufacturing,12/01/2026,0,Not Started,0%,,,,28/02/2026
cyber-aware-2026q1,Cyber Awareness 2026,L00881,Manufacturing,12/01/2026,1,Completed,100%,78.0,Yes,03/02/2026,28/02/2026
cyber-aware-2026q1,Cyber Awareness 2026,L00882,Manufacturing,12/01/2026,0,Not Started,0%,,,,28/02/2026
cyber-aware-2026q1,Cyber Awareness 2026,L00883,Manufacturing,12/01/2026,1,In Progress,10%,,,,28/02/2026
cyber-aware-2026q1,Cyber Awareness 2026,L00884,Operations,12/01/2026,1,Completed,100%,82.2,Yes,26/02/2026,28/02/2026
cyber-aware-2026q1,Cyber Awareness 2026,L00885,Manufacturing,12/01/2026,0,Not Started,0%,,,,28/02/2026
cyber-aware-2026q1,Cyber Awareness 2026,L00886,Legal,12/01/2026,1,Completed,100%,83.8,Yes,23/02/2026,28/02/2026
cyber-aware-2026q1,Cyber Awareness 2026,L00887,Technology,12/01/2026,1,Completed,100%,88.2,Yes,23/02/2026,28/02/2026
cyber-aware-2026q1,Cyber Awareness 2026,L00888,Marketing,12/01/2026,1,Completed,100%,86.6,Yes,16/02/2026,28/02/2026
cyber-aware-2026q1,Cyber Awareness 2026,L00889,Manufacturing,12/01/2026,1,In Progress,40%,,,,28/02/2026
cyber-aware-2026q1,Cyber Awareness 2026,L00890,Marketing,12/01/2026,1,Completed,100%,91.5,Yes,23/02/2026,28/02/2026
cyber-aware-2026q1,Cyber Awareness 2026,L00891,Technology,12/01/2026,1,Completed,100%,81.6,Yes,28/02/2026,28/02/2026
cyber-aware-2026q1,Cyber Awareness 2026,L00892,Technology,12/01/2026,1,Completed,100%,82.2,Yes,03/02/2026,28/02/2026
cyber-aware-2026q1,Cyber Awareness 2026,L00893,Operations,12/01/2026,1,Completed,100%,70.7,Yes,27/02/2026,28/02/2026
cyber-aware-2026q1,Cyber Awareness 2026,L00894,Marketing,12/01/2026,1,Completed,100%,84.0,Yes,26/02/2026,28/02/2026
cyber-aware-2026q1,Cyber Awareness 2026,L00895,Operations,12/01/2026,0,Not Started,0%,,,,28/02/2026
cyber-aware-2026q1,Cyber Awareness 2026,L00896,Operations,12/01/2026,1,Completed,100%,99.4,Yes,23/02/2026,28/02/2026
cyber-aware-2026q1,Cyber Awareness 2026,L00897,Sales,12/01/2026,1,Completed,100%,70.4,Yes,28/02/2026,28/02/2026
cyber-aware-2026q1,Cyber Awareness 2026,L00898,Sales,12/01/2026,1,Completed,100%,80.8,Yes,28/02/2026,28/02/2026
cyber-aware-2026q1,Cyber Awareness 2026,L00899,Technology,12/01/2026,1,Completed,100%,85.7,Yes,26/02/2026,28/02/2026
cyber-aware-2026q1,Cyber Awareness 2026,L00900,Finance,12/01/2026,1,Completed,100%,91.8,Yes,27/02/2026,28/02/2026
cyber-aware-2026q1,Cyber Awareness 2026,L00901,HR,12/01/2026,1,Completed,100%,82.7,Yes,27/02/2026,28/02/2026
cyber-aware-2026q1,Cyber Awareness 2026,L00902,Operations,12/01/2026,0,Not Started,0%,,,,28/02/2026
cyber-aware-2026q1,Cyber Awareness 2026,L00903,Manufacturing,12/01/2026,1,Completed,100%,78.7,Yes,28/02/2026,28/02/2026
cyber-aware-2026q1,Cyber Awareness 2026,L00904,Operations,12/01/2026,1,Completed,100%,92.6,Yes,27/02/2026,28/02/2026
cyber-aware-2026q1,Cyber Awareness 2026,L00905,Finance,12/01/2026,1,Completed,100%,85.9,Yes,23/02/2026,28/02/2026
cyber-aware-2026q1,Cyber Awareness 2026,L00906,Finance,12/01/2026,1,Completed,100%,77.2,Yes,27/02/2026,28/02/2026
cyber-aware-2026q1,Cyber Awareness 2026,L00907,Manufacturing,12/01/2026,1,Completed,100%,86.1,Yes,23/02/2026,28/02/2026
cyber-aware-2026q1,Cyber Awareness 2026,L00908,Operations,12/01/2026,1,Completed,100%,81.7,Yes,26/02/2026,28/02/2026
cyber-aware-2026q1,Cyber Awareness 2026,L00909,HR,12/01/2026,1,Completed,100%,74.0,Yes,23/02/2026,28/02/2026
cyber-aware-2026q1,Cyber Awareness 2026,L00910,HR,12/01/2026,1,Completed,100%,91.8,Yes,23/02/2026,28/02/2026
cyber-aware-2026q1,Cyber Awareness 2026,L00911,Sales,12/01/2026,1,Completed,100%,73.7,Yes,16/02/2026,28/02/2026
cyber-aware-2026q1,Cyber Awareness 2026,L00912,Operations,12/01/2026,0,Not Started,0%,,,,28/02/2026
cyber-aware-2026q1,Cyber Awareness 2026,L00913,Operations,12/01/2026,0,Not Started,0%,,,,28/02/2026
cyber-aware-2026q1,Cyber Awareness 2026,L00914,Manufacturing,12/01/2026,1,Completed,100%,77.6,Yes,26/02/2026,28/02/2026
cyber-aware-2026q1,Cyber Awareness 2026,L00915,Technology,12/01/2026,1,Completed,100%,79.7,Yes,03/02/2026,28/02/2026
cyber-aware-2026q1,Cyber Awareness 2026,L00916,Marketing,12/01/2026,1,Completed,100%,79.1,Yes,03/02/2026,28/02/2026
cyber-aware-2026q1,Cyber Awareness 2026,L00917,Technology,12/01/2026,1,Completed,100%,83.1,Yes,27/02/2026,28/02/2026
cyber-aware-2026q1,Cyber Awareness 2026,L00918,Technology,12/01/2026,0,Not Started,0%,,,,28/02/2026
cyber-aware-2026q1,Cyber Awareness 2026,L00919,Technology,12/01/2026,1,In Progress,85%,,,,28/02/2026
cyber-aware-2026q1,Cyber Awareness 2026,L00920,Operations,12/01/2026,0,Not Started,0%,,,,28/02/2026
cyber-aware-2026q1,Cyber Awareness 2026,L00921,Marketing,12/01/2026,1,Completed,100%,87.1,Yes,27/02/2026,28/02/2026
cyber-aware-2026q1,Cyber Awareness 2026,L00922,Technology,12/01/2026,1,Completed,100%,81.0,Yes,16/02/2026,28/02/2026
cyber-aware-2026q1,Cyber Awareness 2026,L00923,Sales,12/01/2026,1,Completed,100%,74.2,Yes,23/02/2026,28/02/2026
cyber-aware-2026q1,Cyber Awareness 2026,L00924,Manufacturing,12/01/2026,0,Not Started,0%,,,,28/02/2026
cyber-aware-2026q1,Cyber Awareness 2026,L00925,Operations,12/01/2026,1,Completed,100%,69.6,No,27/02/2026,28/02/2026
cyber-aware-2026q1,Cyber Awareness 2026,L00926,Manufacturing,12/01/2026,0,Not Started,0%,,,,28/02/2026
cyber-aware-2026q1,Cyber Awareness 2026,L00927,Finance,12/01/2026,1,Completed,100%,73.3,Yes,16/02/2026,28/02/2026
cyber-aware-2026q1,Cyber Awareness 2026,L00928,Finance,12/01/2026,1,Completed,100%,80.7,Yes,16/02/2026,28/02/2026
cyber-aware-2026q1,Cyber Awareness 2026,L00929,Manufacturing,12/01/2026,1,In Progress,55%,,,,28/02/2026
cyber-aware-2026q1,Cyber Awareness 2026,L00930,Manufacturing,12/01/2026,0,Not Started,0%,,,,28/02/2026
cyber-aware-2026q1,Cyber Awareness 2026,L00931,HR,12/01/2026,1,Completed,100%,78.2,Yes,26/02/2026,28/02/2026
cyber-aware-2026q1,Cyber Awareness 2026,L00932,Legal,12/01/2026,1,Completed,100%,82.8,Yes,26/02/2026,28/02/2026
cyber-aware-2026q1,Cyber Awareness 2026,L00933,Manufacturing,12/01/2026,1,In Progress,55%,,,,28/02/2026
cyber-aware-2026q1,Cyber Awareness 2026,L00934,Technology,12/01/2026,1,Completed,100%,83.3,Yes,03/02/2026,28/02/2026
cyber-aware-2026q1,Cyber Awareness 2026,L00935,HR,12/01/2026,1,Completed,100%,81.5,Yes,23/02/2026,28/02/2026
cyber-aware-2026q1,Cyber Awareness 2026,L00936,Manufacturing,12/01/2026,0,Not Started,0%,,,,28/02/2026
cyber-aware-2026q1,Cyber Awareness 2026,L00937,Technology,12/01/2026,1,In Progress,85%,,,,28/02/2026
cyber-aware-2026q1,Cyber Awareness 2026,L00938,Manufacturing,12/01/2026,0,Not Started,0%,,,,28/02/2026
cyber-aware-2026q1,Cyber Awareness 2026,L00939,Manufacturing,12/01/2026,0,Not Started,0%,,,,28/02/2026
cyber-aware-2026q1,Cyber Awareness 2026,L00940,Technology,12/01/2026,1,Completed,100%,76.8,Yes,28/02/2026,28/02/2026
cyber-aware-2026q1,Cyber Awareness 2026,L00941,Finance,12/01/2026,1,Completed,100%,80.8,Yes,28/02/2026,28/02/2026
cyber-aware-2026q1,Cyber Awareness 2026,L00942,Manufacturing,12/01/2026,1,In Progress,10%,,,,28/02/2026
cyber-aware-2026q1,Cyber Awareness 2026,L00943,Operations,12/01/2026,1,Completed,100%,78.2,Yes,26/02/2026,28/02/2026
cyber-aware-2026q1,Cyber Awareness 2026,L00944,HR,12/01/2026,1,Completed,100%,93.5,Yes,28/02/2026,28/02/2026
cyber-aware-2026q1,Cyber Awareness 2026,L00945,Operations,12/01/2026,1,Completed,100%,87.2,Yes,28/02/2026,28/02/2026
cyber-aware-2026q1,Cyber Awareness 2026,L00946,Operations,12/01/2026,0,Not Started,0%,,,,28/02/2026
cyber-aware-2026q1,Cyber Awareness 2026,L00947,Manufacturing,12/01/2026,0,Not Started,0%,,,,28/02/2026
cyber-aware-2026q1,Cyber Awareness 2026,L00948,Manufacturing,12/01/2026,1,In Progress,55%,,,,28/02/2026
cyber-aware-2026q1,Cyber Awareness 2026,L00949,Operations,12/01/2026,0,Not Started,0%,,,,28/02/2026
cyber-aware-2026q1,Cyber Awareness 2026,L00950,Manufacturing,12/01/2026,0,Not Started,0%,,,,28/02/2026
cyber-aware-2026q1,Cyber Awareness 2026,L00951,Operations,12/01/2026,1,Completed,100%,94.2,Yes,28/02/2026,28/02/2026
cyber-aware-2026q1,Cyber Awareness 2026,L00952,Manufacturing,12/01/2026,0,Not Started,0%,,,,28/02/2026
cyber-aware-2026q1,Cyber Awareness 2026,L00953,Sales,12/01/2026,0,Not Started,0%,,,,28/02/2026
cyber-aware-2026q1,Cyber Awareness 2026,L00954,Manufacturing,12/01/2026,1,In Progress,85%,,,,28/02/2026
cyber-aware-2026q1,Cyber Awareness 2026,L00955,Manufacturing,12/01/2026,0,Not Started,0%,,,,28/02/2026
cyber-aware-2026q1,Cyber Awareness 2026,L00956,Manufacturing,12/01/2026,1,Completed,100%,77.8,Yes,16/02/2026,28/02/2026
cyber-aware-2026q1,Cyber Awareness 2026,L00957,Legal,12/01/2026,1,Completed,100%,79.3,Yes,16/02/2026,28/02/2026
cyber-aware-2026q1,Cyber Awareness 2026,L00958,Marketing,12/01/2026,0,Not Started,0%,,,,28/02/2026
cyber-aware-2026q1,Cyber Awareness 2026,L00959,Sales,12/01/2026,1,Completed,100%,89.1,Yes,28/02/2026,28/02/2026
cyber-aware-2026q1,Cyber Awareness 2026,L00960,Technology,12/01/2026,1,Completed,100%,93.0,Yes,03/02/2026,28/02/2026
cyber-aware-2026q1,Cyber Awareness 2026,L00961,Manufacturing,12/01/2026,1,Completed,100%,89.4,Yes,23/02/2026,28/02/2026
cyber-aware-2026q1,Cyber Awareness 2026,L00962,Sales,12/01/2026,1,Completed,100%,86.2,Yes,26/02/2026,28/02/2026
cyber-aware-2026q1,Cyber Awareness 2026,L00963,Sales,12/01/2026,1,In Progress,25%,,,,28/02/2026
cyber-aware-2026q1,Cyber Awareness 2026,L00964,Sales,12/01/2026,0,Not Started,0%,,,,28/02/2026
cyber-aware-2026q1,Cyber Awareness 2026,L00965,Operations,12/01/2026,1,Completed,100%,78.8,Yes,16/02/2026,28/02/2026
cyber-aware-2026q1,Cyber Awareness 2026,L00966,Manufacturing,12/01/2026,1,In Progress,25%,,,,28/02/2026
cyber-aware-2026q1,Cyber Awareness 2026,L00967,Sales,12/01/2026,1,Completed,100%,82.7,Yes,16/02/2026,28/02/2026
cyber-aware-2026q1,Cyber Awareness 2026,L00968,Finance,12/01/2026,1,Completed,100%,90.7,Yes,23/02/2026,28/02/2026
cyber-aware-2026q1,Cyber Awareness 2026,L00969,Marketing,12/01/2026,1,Completed,100%,94.8,Yes,16/02/2026,28/02/2026
cyber-aware-2026q1,Cyber Awareness 2026,L00970,Finance,12/01/2026,1,Completed,100%,80.4,Yes,28/02/2026,28/02/2026
cyber-aware-2026q1,Cyber Awareness 2026,L00971,Finance,12/01/2026,1,Completed,100%,91.1,Yes,23/02/2026,28/02/2026
cyber-aware-2026q1,Cyber Awareness 2026,L00972,HR,12/01/2026,1,Completed,100%,70.3,Yes,23/02/2026,28/02/2026
cyber-aware-2026q1,Cyber Awareness 2026,L00973,Legal,12/01/2026,0,Not Started,0%,,,,28/02/2026
cyber-aware-2026q1,Cyber Awareness 2026,L00974,Finance,12/01/2026,1,Completed,100%,93.7,Yes,03/02/2026,28/02/2026
cyber-aware-2026q1,Cyber Awareness 2026,L00975,Manufacturing,12/01/2026,1,In Progress,70%,,,,28/02/2026
cyber-aware-2026q1,Cyber Awareness 2026,L00976,Finance,12/01/2026,1,Completed,100%,82.3,Yes,27/02/2026,28/02/2026
cyber-aware-2026q1,Cyber Awareness 2026,L00977,Technology,12/01/2026,1,Completed,100%,91.4,Yes,16/02/2026,28/02/2026
cyber-aware-2026q1,Cyber Awareness 2026,L00978,Manufacturing,12/01/2026,0,Not Started,0%,,,,28/02/2026
cyber-aware-2026q1,Cyber Awareness 2026,L00979,Operations,12/01/2026,1,In Progress,70%,,,,28/02/2026
cyber-aware-2026q1,Cyber Awareness 2026,L00980,Manufacturing,12/01/2026,0,Not Started,0%,,,,28/02/2026
cyber-aware-2026q1,Cyber Awareness 2026,L00981,Sales,12/01/2026,1,Completed,100%,76.7,Yes,28/02/2026,28/02/2026
cyber-aware-2026q1,Cyber Awareness 2026,L00982,Finance,12/01/2026,1,Completed,100%,91.9,Yes,27/02/2026,28/02/2026
cyber-aware-2026q1,Cyber Awareness 2026,L00983,Sales,12/01/2026,1,Completed,100%,80.6,Yes,16/02/2026,28/02/2026
cyber-aware-2026q1,Cyber Awareness 2026,L00984,Manufacturing,12/01/2026,0,Not Started,0%,,,,28/02/2026
cyber-aware-2026q1,Cyber Awareness 2026,L00985,Sales,12/01/2026,1,Completed,100%,93.4,Yes,16/02/2026,28/02/2026
cyber-aware-2026q1,Cyber Awareness 2026,L00986,Sales,12/01/2026,0,Not Started,0%,,,,28/02/2026
cyber-aware-2026q1,Cyber Awareness 2026,L00987,Technology,12/01/2026,1,Completed,100%,78.2,Yes,27/02/2026,28/02/2026
cyber-aware-2026q1,Cyber Awareness 2026,L00988,Sales,12/01/2026,1,Completed,100%,86.8,Yes,26/02/2026,28/02/2026
cyber-aware-2026q1,Cyber Awareness 2026,L00989,Technology,12/01/2026,1,Completed,100%,100.0,Yes,23/02/2026,28/02/2026
cyber-aware-2026q1,Cyber Awareness 2026,L00990,Manufacturing,12/01/2026,0,Not Started,0%,,,,28/02/2026
cyber-aware-2026q1,Cyber Awareness 2026,L00991,Sales,12/01/2026,0,Not Started,0%,,,,28/02/2026
cyber-aware-2026q1,Cyber Awareness 2026,L00992,Operations,12/01/2026,1,In Progress,40%,,,,28/02/2026
cyber-aware-2026q1,Cyber Awareness 2026,L00993,Technology,12/01/2026,1,Completed,100%,75.9,Yes,27/02/2026,28/02/2026
cyber-aware-2026q1,Cyber Awareness 2026,L00994,Manufacturing,12/01/2026,0,Not Started,0%,,,,28/02/2026
cyber-aware-2026q1,Cyber Awareness 2026,L00995,Technology,12/01/2026,1,Completed,100%,73.3,Yes,28/02/2026,28/02/2026
cyber-aware-2026q1,Cyber Awareness 2026,L00996,Sales,12/01/2026,1,Completed,100%,80.4,Yes,27/02/2026,28/02/2026
cyber-aware-2026q1,Cyber Awareness 2026,L00997,Manufacturing,12/01/2026,1,In Progress,25%,,,,28/02/2026
cyber-aware-2026q1,Cyber Awareness 2026,L00998,Operations,12/01/2026,0,Not Started,0%,,,,28/02/2026
cyber-aware-2026q1,Cyber Awareness 2026,L00999,Marketing,12/01/2026,1,Completed,100%,85.0,Yes,27/02/2026,28/02/2026
cyber-aware-2026q1,Cyber Awareness 2026,L01000,Technology,12/01/2026,1,Completed,100%,92.3,Yes,16/02/2026,28/02/2026
cyber-aware-2026q1,Cyber Awareness 2026,L01001,Marketing,12/01/2026,1,Completed,100%,92.9,Yes,26/02/2026,28/02/2026
cyber-aware-2026q1,Cyber Awareness 2026,L01002,Manufacturing,12/01/2026,0,Not Started,0%,,,,28/02/2026
cyber-aware-2026q1,Cyber Awareness 2026,L01003,Legal,12/01/2026,1,In Progress,10%,,,,28/02/2026
cyber-aware-2026q1,Cyber Awareness 2026,L01004,Sales,12/01/2026,1,Completed,100%,97.7,Yes,16/02/2026,28/02/2026
cyber-aware-2026q1,Cyber Awareness 2026,L01005,Manufacturing,12/01/2026,0,Not Started,0%,,,,28/02/2026
cyber-aware-2026q1,Cyber Awareness 2026,L01006,Legal,12/01/2026,1,Completed,100%,76.1,Yes,16/02/2026,28/02/2026
cyber-aware-2026q1,Cyber Awareness 2026,L01007,Technology,12/01/2026,1,Completed,100%,70.8,Yes,27/02/2026,28/02/2026
cyber-aware-2026q1,Cyber Awareness 2026,L01008,Finance,12/01/2026,1,Completed,100%,87.4,Yes,26/02/2026,28/02/2026
cyber-aware-2026q1,Cyber Awareness 2026,L01009,Operations,12/01/2026,1,In Progress,55%,,,,28/02/2026
cyber-aware-2026q1,Cyber Awareness 2026,L01010,Manufacturing,12/01/2026,0,Not Started,0%,,,,28/02/2026
cyber-aware-2026q1,Cyber Awareness 2026,L01011,Operations,12/01/2026,0,Not Started,0%,,,,28/02/2026
cyber-aware-2026q1,Cyber Awareness 2026,L01012,Sales,12/01/2026,1,Completed,100%,93.9,Yes,28/02/2026,28/02/2026
cyber-aware-2026q1,Cyber Awareness 2026,L01013,HR,12/01/2026,1,Completed,100%,83.6,Yes,16/02/2026,28/02/2026
cyber-aware-2026q1,Cyber Awareness 2026,L01014,Manufacturing,12/01/2026,1,Completed,100%,90.2,Yes,03/02/2026,28/02/2026
cyber-aware-2026q1,Cyber Awareness 2026,L01015,Finance,12/01/2026,1,Completed,100%,86.2,Yes,26/02/2026,28/02/2026
cyber-aware-2026q1,Cyber Awareness 2026,L01016,Marketing,12/01/2026,1,Completed,100%,83.6,Yes,28/02/2026,28/02/2026
cyber-aware-2026q1,Cyber Awareness 2026,L01017,Operations,12/01/2026,1,In Progress,85%,,,,28/02/2026
cyber-aware-2026q1,Cyber Awareness 2026,L01018,Technology,12/01/2026,1,Completed,100%,91.7,Yes,16/02/2026,28/02/2026
cyber-aware-2026q1,Cyber Awareness 2026,L01019,Finance,12/01/2026,0,Not Started,0%,,,,28/02/2026
cyber-aware-2026q1,Cyber Awareness 2026,L01020,Manufacturing,12/01/2026,1,In Progress,40%,,,,28/02/2026
cyber-aware-2026q1,Cyber Awareness 2026,L01021,Manufacturing,12/01/2026,0,Not Started,0%,,,,28/02/2026
cyber-aware-2026q1,Cyber Awareness 2026,L01022,Operations,12/01/2026,1,Completed,100%,70.9,Yes,28/02/2026,28/02/2026
cyber-aware-2026q1,Cyber Awareness 2026,L01023,Manufacturing,12/01/2026,1,Completed,100%,76.8,Yes,27/02/2026,28/02/2026
cyber-aware-2026q1,Cyber Awareness 2026,L01024,Operations,12/01/2026,1,In Progress,40%,,,,28/02/2026
cyber-aware-2026q1,Cyber Awareness 2026,L01025,Manufacturing,12/01/2026,1,In Progress,85%,,,,28/02/2026
cyber-aware-2026q1,Cyber Awareness 2026,L01026,Finance,12/01/2026,0,Not Started,0%,,,,28/02/2026
cyber-aware-2026q1,Cyber Awareness 2026,L01027,Sales,12/01/2026,0,Not Started,0%,,,,28/02/2026
cyber-aware-2026q1,Cyber Awareness 2026,L01028,Marketing,12/01/2026,1,In Progress,85%,,,,28/02/2026
cyber-aware-2026q1,Cyber Awareness 2026,L01029,Manufacturing,12/01/2026,1,In Progress,85%,,,,28/02/2026
cyber-aware-2026q1,Cyber Awareness 2026,L01030,Operations,12/01/2026,0,Not Started,0%,,,,28/02/2026
cyber-aware-2026q1,Cyber Awareness 2026,L01031,Manufacturing,12/01/2026,1,In Progress,70%,,,,28/02/2026
cyber-aware-2026q1,Cyber Awareness 2026,L01032,Manufacturing,12/01/2026,1,In Progress,25%,,,,28/02/2026
cyber-aware-2026q1,Cyber Awareness 2026,L01033,Marketing,12/01/2026,1,Completed,100%,71.2,Yes,23/02/2026,28/02/2026
cyber-aware-2026q1,Cyber Awareness 2026,L01034,Finance,12/01/2026,0,Not Started,0%,,,,28/02/2026
cyber-aware-2026q1,Cyber Awareness 2026,L01035,Operations,12/01/2026,1,In Progress,55%,,,,28/02/2026
cyber-aware-2026q1,Cyber Awareness 2026,L01036,Manufacturing,12/01/2026,0,Not Started,0%,,,,28/02/2026
cyber-aware-2026q1,Cyber Awareness 2026,L01037,Finance,12/01/2026,1,Completed,100%,77.8,Yes,27/02/2026,28/02/2026
cyber-aware-2026q1,Cyber Awareness 2026,L01038,Manufacturing,12/01/2026,1,Completed,100%,85.7,Yes,27/02/2026,28/02/2026
cyber-aware-2026q1,Cyber Awareness 2026,L01039,Manufacturing,12/01/2026,1,In Progress,55%,,,,28/02/2026
cyber-aware-2026q1,Cyber Awareness 2026,L01040,Technology,12/01/2026,1,Completed,100%,92.6,Yes,26/02/2026,28/02/2026
cyber-aware-2026q1,Cyber Awareness 2026,L01041,Marketing,12/01/2026,1,Completed,100%,86.1,Yes,23/02/2026,28/02/2026
cyber-aware-2026q1,Cyber Awareness 2026,L01042,Operations,12/01/2026,1,In Progress,25%,,,,28/02/2026
cyber-aware-2026q1,Cyber Awareness 2026,L01043,Marketing,12/01/2026,1,Completed,100%,89.4,Yes,23/02/2026,28/02/2026
cyber-aware-2026q1,Cyber Awareness 2026,L01044,Operations,12/01/2026,1,Completed,100%,77.4,Yes,26/02/2026,28/02/2026
cyber-aware-2026q1,Cyber Awareness 2026,L01045,Sales,12/01/2026,1,Completed,100%,90.7,Yes,23/02/2026,28/02/2026
cyber-aware-2026q1,Cyber Awareness 2026,L01046,Marketing,12/01/2026,1,In Progress,85%,,,,28/02/2026
cyber-aware-2026q1,Cyber Awareness 2026,L01047,Manufacturing,12/01/2026,1,In Progress,70%,,,,28/02/2026
cyber-aware-2026q1,Cyber Awareness 2026,L01048,Manufacturing,12/01/2026,0,Not Started,0%,,,,28/02/2026
cyber-aware-2026q1,Cyber Awareness 2026,L01049,Operations,12/01/2026,1,Completed,100%,79.8,Yes,26/02/2026,28/02/2026
cyber-aware-2026q1,Cyber Awareness 2026,L01050,Sales,12/01/2026,1,Completed,100%,93.9,Yes,16/02/2026,28/02/2026
cyber-aware-2026q1,Cyber Awareness 2026,L01051,Sales,12/01/2026,1,Completed,100%,100.0,Yes,28/02/2026,28/02/2026
cyber-aware-2026q1,Cyber Awareness 2026,L01052,HR,12/01/2026,1,Completed,100%,83.3,Yes,23/02/2026,28/02/2026
cyber-aware-2026q1,Cyber Awareness 2026,L01053,Manufacturing,12/01/2026,0,Not Started,0%,,,,28/02/2026
cyber-aware-2026q1,Cyber Awareness 2026,L01054,Manufacturing,12/01/2026,0,Not Started,0%,,,,28/02/2026
cyber-aware-2026q1,Cyber Awareness 2026,L01055,Sales,12/01/2026,1,Completed,100%,81.0,Yes,28/02/2026,28/02/2026
cyber-aware-2026q1,Cyber Awareness 2026,L01056,Manufacturing,12/01/2026,1,Completed,100%,62.4,No,26/02/2026,28/02/2026
cyber-aware-2026q1,Cyber Awareness 2026,L01057,Manufacturing,12/01/2026,0,Not Started,0%,,,,28/02/2026
cyber-aware-2026q1,Cyber Awareness 2026,L01058,Sales,12/01/2026,1,Completed,100%,87.6,Yes,28/02/2026,28/02/2026
cyber-aware-2026q1,Cyber Awareness 2026,L01059,HR,12/01/2026,1,Completed,100%,80.8,Yes,26/02/2026,28/02/2026
cyber-aware-2026q1,Cyber Awareness 2026,L01060,Finance,12/01/2026,1,Completed,100%,80.6,Yes,23/02/2026,28/02/2026
cyber-aware-2026q1,Cyber Awareness 2026,L01061,Marketing,12/01/2026,1,In Progress,70%,,,,28/02/2026
cyber-aware-2026q1,Cyber Awareness 2026,L01062,Sales,12/01/2026,0,Not Started,0%,,,,28/02/2026
cyber-aware-2026q1,Cyber Awareness 2026,L01063,Marketing,12/01/2026,1,Completed,100%,78.2,Yes,16/02/2026,28/02/2026
cyber-aware-2026q1,Cyber Awareness 2026,L01064,Manufacturing,12/01/2026,0,Not Started,0%,,,,28/02/2026
cyber-aware-2026q1,Cyber Awareness 2026,L01065,Technology,12/01/2026,1,Completed,100%,80.8,Yes,27/02/2026,28/02/2026
cyber-aware-2026q1,Cyber Awareness 2026,L01066,Sales,12/01/2026,1,Completed,100%,81.0,Yes,27/02/2026,28/02/2026
cyber-aware-2026q1,Cyber Awareness 2026,L01067,Manufacturing,12/01/2026,0,Not Started,0%,,,,28/02/2026
cyber-aware-2026q1,Cyber Awareness 2026,L01068,Finance,12/01/2026,1,Completed,100%,75.1,Yes,28/02/2026,28/02/2026
cyber-aware-2026q1,Cyber Awareness 2026,L01069,Manufacturing,12/01/2026,1,Completed,100%,78.5,Yes,23/02/2026,28/02/2026
cyber-aware-2026q1,Cyber Awareness 2026,L01070,Marketing,12/01/2026,1,Completed,100%,78.8,Yes,03/02/2026,28/02/2026
cyber-aware-2026q1,Cyber Awareness 2026,L01071,Marketing,12/01/2026,1,In Progress,70%,,,,28/02/2026
cyber-aware-2026q1,Cyber Awareness 2026,L01072,Manufacturing,12/01/2026,0,Not Started,0%,,,,28/02/2026
cyber-aware-2026q1,Cyber Awareness 2026,L01073,Sales,12/01/2026,1,Completed,100%,80.6,Yes,28/02/2026,28/02/2026
cyber-aware-2026q1,Cyber Awareness 2026,L01074,Technology,12/01/2026,1,Completed,100%,80.8,Yes,23/02/2026,28/02/2026
cyber-aware-2026q1,Cyber Awareness 2026,L01075,Technology,12/01/2026,1,Completed,100%,73.9,Yes,16/02/2026,28/02/2026
cyber-aware-2026q1,Cyber Awareness 2026,L01076,Marketing,12/01/2026,1,Completed,100%,85.3,Yes,23/02/2026,28/02/2026
cyber-aware-2026q1,Cyber Awareness 2026,L01077,Manufacturing,12/01/2026,1,In Progress,10%,,,,28/02/2026
cyber-aware-2026q1,Cyber Awareness 2026,L01078,Manufacturing,12/01/2026,0,Not Started,0%,,,,28/02/2026
cyber-aware-2026q1,Cyber Awareness 2026,L01079,Marketing,12/01/2026,1,Completed,100%,92.9,Yes,28/02/2026,28/02/2026
cyber-aware-2026q1,Cyber Awareness 2026,L01080,Manufacturing,12/01/2026,0,Not Started,0%,,,,28/02/2026
cyber-aware-2026q1,Cyber Awareness 2026,L01081,Marketing,12/01/2026,1,Completed,100%,92.4,Yes,28/02/2026,28/02/2026
cyber-aware-2026q1,Cyber Awareness 2026,L01082,Manufacturing,12/01/2026,1,Completed,100%,71.1,Yes,03/02/2026,28/02/2026
cyber-aware-2026q1,Cyber Awareness 2026,L01083,Manufacturing,12/01/2026,1,Completed,100%,96.2,Yes,23/02/2026,28/02/2026
cyber-aware-2026q1,Cyber Awareness 2026,L01084,Manufacturing,12/01/2026,1,In Progress,25%,,,,28/02/2026
cyber-aware-2026q1,Cyber Awareness 2026,L01085,Technology,12/01/2026,1,Completed,100%,80.4,Yes,28/02/2026,28/02/2026
cyber-aware-2026q1,Cyber Awareness 2026,L01086,Operations,12/01/2026,1,In Progress,55%,,,,28/02/2026
cyber-aware-2026q1,Cyber Awareness 2026,L01087,Sales,12/01/2026,1,Completed,100%,89.5,Yes,27/02/2026,28/02/2026
cyber-aware-2026q1,Cyber Awareness 2026,L01088,Manufacturing,12/01/2026,0,Not Started,0%,,,,28/02/2026
cyber-aware-2026q1,Cyber Awareness 2026,L01089,Technology,12/01/2026,1,Completed,100%,72.4,Yes,26/02/2026,28/02/2026
cyber-aware-2026q1,Cyber Awareness 2026,L01090,Operations,12/01/2026,0,Not Started,0%,,,,28/02/2026
cyber-aware-2026q1,Cyber Awareness 2026,L01091,Sales,12/01/2026,1,Completed,100%,79.5,Yes,27/02/2026,28/02/2026
cyber-aware-2026q1,Cyber Awareness 2026,L01092,Sales,12/01/2026,1,Completed,100%,83.0,Yes,23/02/2026,28/02/2026
cyber-aware-2026q1,Cyber Awareness 2026,L01093,Marketing,12/01/2026,1,Completed,100%,76.7,Yes,27/02/2026,28/02/2026
cyber-aware-2026q1,Cyber Awareness 2026,L01094,Manufacturing,12/01/2026,1,Completed,100%,70.8,Yes,23/02/2026,28/02/2026
cyber-aware-2026q1,Cyber Awareness 2026,L01095,Manufacturing,12/01/2026,0,Not Started,0%,,,,28/02/2026
cyber-aware-2026q1,Cyber Awareness 2026,L01096,Marketing,12/01/2026,1,Completed,100%,91.3,Yes,28/02/2026,28/02/2026
cyber-aware-2026q1,Cyber Awareness 2026,L01097,Finance,12/01/2026,1,Completed,100%,80.9,Yes,03/02/2026,28/02/2026
cyber-aware-2026q1,Cyber Awareness 2026,L01098,Technology,12/01/2026,1,Completed,100%,69.4,No,16/02/2026,28/02/2026
cyber-aware-2026q1,Cyber Awareness 2026,L01099,Technology,12/01/2026,1,Completed,100%,63.7,No,23/02/2026,28/02/2026
cyber-aware-2026q1,Cyber Awareness 2026,L01100,Sales,12/01/2026,1,Completed,100%,84.7,Yes,28/02/2026,28/02/2026
cyber-aware-2026q1,Cyber Awareness 2026,L01101,Technology,12/01/2026,1,In Progress,70%,,,,28/02/2026
cyber-aware-2026q1,Cyber Awareness 2026,L01102,Manufacturing,12/01/2026,0,Not Started,0%,,,,28/02/2026
cyber-aware-2026q1,Cyber Awareness 2026,L01103,Marketing,12/01/2026,0,Not Started,0%,,,,28/02/2026
cyber-aware-2026q1,Cyber Awareness 2026,L01104,Marketing,12/01/2026,1,Completed,100%,71.4,Yes,23/02/2026,28/02/2026
cyber-aware-2026q1,Cyber Awareness 2026,L01105,Legal,12/01/2026,1,Completed,100%,76.0,Yes,16/02/2026,28/02/2026
cyber-aware-2026q1,Cyber Awareness 2026,L01106,Sales,12/01/2026,1,Completed,100%,61.2,No,27/02/2026,28/02/2026
cyber-aware-2026q1,Cyber Awareness 2026,L01107,Manufacturing,12/01/2026,0,Not Started,0%,,,,28/02/2026
cyber-aware-2026q1,Cyber Awareness 2026,L01108,HR,12/01/2026,1,Completed,100%,81.9,Yes,23/02/2026,28/02/2026
cyber-aware-2026q1,Cyber Awareness 2026,L01109,Operations,12/01/2026,1,Completed,100%,95.6,Yes,16/02/2026,28/02/2026
cyber-aware-2026q1,Cyber Awareness 2026,L01110,Technology,12/01/2026,1,Completed,100%,68.2,No,23/02/2026,28/02/2026
cyber-aware-2026q1,Cyber Awareness 2026,L01111,Manufacturing,12/01/2026,0,Not Started,0%,,,,28/02/2026
cyber-aware-2026q1,Cyber Awareness 2026,L01112,Technology,12/01/2026,1,Completed,100%,70.6,Yes,28/02/2026,28/02/2026
cyber-aware-2026q1,Cyber Awareness 2026,L01113,Manufacturing,12/01/2026,0,Not Started,0%,,,,28/02/2026
cyber-aware-2026q1,Cyber Awareness 2026,L01114,Technology,12/01/2026,1,Completed,100%,87.0,Yes,16/02/2026,28/02/2026
cyber-aware-2026q1,Cyber Awareness 2026,L01115,Operations,12/01/2026,1,Completed,100%,87.7,Yes,16/02/2026,28/02/2026
cyber-aware-2026q1,Cyber Awareness 2026,L01116,Sales,12/01/2026,0,Not Started,0%,,,,28/02/2026
cyber-aware-2026q1,Cyber Awareness 2026,L01117,Sales,12/01/2026,1,Completed,100%,97.7,Yes,16/02/2026,28/02/2026
cyber-aware-2026q1,Cyber Awareness 2026,L01118,Technology,12/01/2026,1,Completed,100%,68.2,No,23/02/2026,28/02/2026
cyber-aware-2026q1,Cyber Awareness 2026,L01119,Sales,12/01/2026,1,Completed,100%,75.1,Yes,03/02/2026,28/02/2026
cyber-aware-2026q1,Cyber Awareness 2026,L01120,Operations,12/01/2026,1,Completed,100%,80.6,Yes,16/02/2026,28/02/2026
cyber-aware-2026q1,Cyber Awareness 2026,L01121,Finance,12/01/2026,1,Completed,100%,86.1,Yes,28/02/2026,28/02/2026
cyber-aware-2026q1,Cyber Awareness 2026,L01122,Manufacturing,12/01/2026,1,Completed,100%,92.4,Yes,28/02/2026,28/02/2026
cyber-aware-2026q1,Cyber Awareness 2026,L01123,Manufacturing,12/01/2026,0,Not Started,0%,,,,28/02/2026
cyber-aware-2026q1,Cyber Awareness 2026,L01124,Manufacturing,12/01/2026,0,Not Started,0%,,,,28/02/2026
cyber-aware-2026q1,Cyber Awareness 2026,L01125,Manufacturing,12/01/2026,0,Not Started,0%,,,,28/02/2026
cyber-aware-2026q1,Cyber Awareness 2026,L01126,Marketing,12/01/2026,1,Completed,100%,81.0,Yes,27/02/2026,28/02/2026
cyber-aware-2026q1,Cyber Awareness 2026,L01127,Manufacturing,12/01/2026,1,Completed,100%,74.0,Yes,03/02/2026,28/02/2026
cyber-aware-2026q1,Cyber Awareness 2026,L01128,Manufacturing,12/01/2026,0,Not Started,0%,,,,28/02/2026
cyber-aware-2026q1,Cyber Awareness 2026,L01129,HR,12/01/2026,1,Completed,100%,86.3,Yes,23/02/2026,28/02/2026
cyber-aware-2026q1,Cyber Awareness 2026,L01130,Technology,12/01/2026,1,Completed,100%,81.7,Yes,27/02/2026,28/02/2026
cyber-aware-2026q1,Cyber Awareness 2026,L01131,Legal,12/01/2026,0,Not Started,0%,,,,28/02/2026
cyber-aware-2026q1,Cyber Awareness 2026,L01132,Sales,12/01/2026,1,In Progress,10%,,,,28/02/2026
cyber-aware-2026q1,Cyber Awareness 2026,L01133,Finance,12/01/2026,0,Not Started,0%,,,,28/02/2026
cyber-aware-2026q1,Cyber Awareness 2026,L01134,Operations,12/01/2026,1,In Progress,55%,,,,28/02/2026
cyber-aware-2026q1,Cyber Awareness 2026,L01135,Operations,12/01/2026,0,Not Started,0%,,,,28/02/2026
cyber-aware-2026q1,Cyber Awareness 2026,L01136,HR,12/01/2026,1,Completed,100%,80.0,Yes,16/02/2026,28/02/2026
cyber-aware-2026q1,Cyber Awareness 2026,L01137,Legal,12/01/2026,1,Completed,100%,94.3,Yes,23/02/2026,28/02/2026
cyber-aware-2026q1,Cyber Awareness 2026,L01138,Finance,12/01/2026,1,Completed,100%,96.5,Yes,26/02/2026,28/02/2026
cyber-aware-2026q1,Cyber Awareness 2026,L01139,Manufacturing,12/01/2026,0,Not Started,0%,,,,28/02/2026
cyber-aware-2026q1,Cyber Awareness 2026,L01140,Marketing,12/01/2026,1,Completed,100%,79.0,Yes,03/02/2026,28/02/2026
cyber-aware-2026q1,Cyber Awareness 2026,L01141,HR,12/01/2026,1,Completed,100%,90.3,Yes,27/02/2026,28/02/2026
cyber-aware-2026q1,Cyber Awareness 2026,L01142,Technology,12/01/2026,0,Not Started,0%,,,,28/02/2026
cyber-aware-2026q1,Cyber Awareness 2026,L01143,HR,12/01/2026,1,Completed,100%,79.4,Yes,28/02/2026,28/02/2026
cyber-aware-2026q1,Cyber Awareness 2026,L01144,Manufacturing,12/01/2026,0,Not Started,0%,,,,28/02/2026
cyber-aware-2026q1,Cyber Awareness 2026,L01145,Sales,12/01/2026,0,Not Started,0%,,,,28/02/2026
cyber-aware-2026q1,Cyber Awareness 2026,L01146,Manufacturing,12/01/2026,0,Not Started,0%,,,,28/02/2026
cyber-aware-2026q1,Cyber Awareness 2026,L01147,Operations,12/01/2026,0,Not Started,0%,,,,28/02/2026
cyber-aware-2026q1,Cyber Awareness 2026,L01148,Manufacturing,12/01/2026,0,Not Started,0%,,,,28/02/2026
cyber-aware-2026q1,Cyber Awareness 2026,L01149,Operations,12/01/2026,1,Completed,100%,86.8,Yes,23/02/2026,28/02/2026
cyber-aware-2026q1,Cyber Awareness 2026,L01150,Manufacturing,12/01/2026,1,In Progress,25%,,,,28/02/2026
cyber-aware-2026q1,Cyber Awareness 2026,L01151,Legal,12/01/2026,1,In Progress,85%,,,,28/02/2026
cyber-aware-2026q1,Cyber Awareness 2026,L01152,Sales,12/01/2026,1,Completed,100%,73.3,Yes,23/02/2026,28/02/2026
cyber-aware-2026q1,Cyber Awareness 2026,L01153,HR,12/01/2026,1,Completed,100%,83.8,Yes,28/02/2026,28/02/2026
cyber-aware-2026q1,Cyber Awareness 2026,L01154,Technology,12/01/2026,1,Completed,100%,86.6,Yes,23/02/2026,28/02/2026
cyber-aware-2026q1,Cyber Awareness 2026,L01155,Operations,12/01/2026,1,Completed,100%,83.1,Yes,28/02/2026,28/02/2026
cyber-aware-2026q1,Cyber Awareness 2026,L01156,Manufacturing,12/01/2026,1,In Progress,25%,,,,28/02/2026
cyber-aware-2026q1,Cyber Awareness 2026,L01157,Technology,12/01/2026,1,Completed,100%,83.8,Yes,26/02/2026,28/02/2026
cyber-aware-2026q1,Cyber Awareness 2026,L01158,Technology,12/01/2026,1,Completed,100%,66.7,No,16/02/2026,28/02/2026
cyber-aware-2026q1,Cyber Awareness 2026,L01159,Operations,12/01/2026,1,Completed,100%,80.8,Yes,26/02/2026,28/02/2026
cyber-aware-2026q1,Cyber Awareness 2026,L01160,Legal,12/01/2026,1,Completed,100%,92.5,Yes,03/02/2026,28/02/2026
cyber-aware-2026q1,Cyber Awareness 2026,L01161,Operations,12/01/2026,1,Completed,100%,75.9,Yes,16/02/2026,28/02/2026
cyber-aware-2026q1,Cyber Awareness 2026,L01162,Manufacturing,12/01/2026,0,Not Started,0%,,,,28/02/2026
cyber-aware-2026q1,Cyber Awareness 2026,L01163,Marketing,12/01/2026,1,Completed,100%,94.3,Yes,23/02/2026,28/02/2026
cyber-aware-2026q1,Cyber Awareness 2026,L01164,Operations,12/01/2026,1,Completed,100%,92.0,Yes,27/02/2026,28/02/2026
cyber-aware-2026q1,Cyber Awareness 2026,L01165,Manufacturing,12/01/2026,0,Not Started,0%,,,,28/02/2026
cyber-aware-2026q1,Cyber Awareness 2026,L01166,Technology,12/01/2026,1,Completed,100%,68.4,No,27/02/2026,28/02/2026
cyber-aware-2026q1,Cyber Awareness 2026,L01167,Manufacturing,12/01/2026,1,In Progress,55%,,,,28/02/2026
cyber-aware-2026q1,Cyber Awareness 2026,L01168,Finance,12/01/2026,1,Completed,100%,77.7,Yes,28/02/2026,28/02/2026
cyber-aware-2026q1,Cyber Awareness 2026,L01169,Manufacturing,12/01/2026,1,In Progress,70%,,,,28/02/2026
cyber-aware-2026q1,Cyber Awareness 2026,L01170,Manufacturing,12/01/2026,1,In Progress,10%,,,,28/02/2026
cyber-aware-2026q1,Cyber Awareness 2026,L01171,Manufacturing,12/01/2026,0,Not Started,0%,,,,28/02/2026
cyber-aware-2026q1,Cyber Awareness 2026,L01172,Sales,12/01/2026,0,Not Started,0%,,,,28/02/2026
cyber-aware-2026q1,Cyber Awareness 2026,L01173,HR,12/01/2026,1,Completed,100%,98.9,Yes,26/02/2026,28/02/2026
cyber-aware-2026q1,Cyber Awareness 2026,L01174,Operations,12/01/2026,1,In Progress,55%,,,,28/02/2026
cyber-aware-2026q1,Cyber Awareness 2026,L01175,Manufacturing,12/01/2026,1,Completed,100%,73.6,Yes,23/02/2026,28/02/2026
cyber-aware-2026q1,Cyber Awareness 2026,L01176,Sales,12/01/2026,1,Completed,100%,77.5,Yes,23/02/2026,28/02/2026
cyber-aware-2026q1,Cyber Awareness 2026,L01177,Operations,12/01/2026,0,Not Started,0%,,,,28/02/2026
cyber-aware-2026q1,Cyber Awareness 2026,L01178,Manufacturing,12/01/2026,0,Not Started,0%,,,,28/02/2026
cyber-aware-2026q1,Cyber Awareness 2026,L01179,Manufacturing,12/01/2026,0,Not Started,0%,,,,28/02/2026
cyber-aware-2026q1,Cyber Awareness 2026,L01180,Operations,12/01/2026,1,Completed,100%,85.4,Yes,03/02/2026,28/02/2026
cyber-aware-2026q1,Cyber Awareness 2026,L01181,Operations,12/01/2026,1,Completed,100%,91.7,Yes,16/02/2026,28/02/2026
cyber-aware-2026q1,Cyber Awareness 2026,L01182,Manufacturing,12/01/2026,0,Not Started,0%,,,,28/02/2026
cyber-aware-2026q1,Cyber Awareness 2026,L01183,Legal,12/01/2026,1,Completed,100%,76.5,Yes,26/02/2026,28/02/2026
cyber-aware-2026q1,Cyber Awareness 2026,L01184,Legal,12/01/2026,1,Completed,100%,72.2,Yes,03/02/2026,28/02/2026
cyber-aware-2026q1,Cyber Awareness 2026,L01185,Operations,12/01/2026,0,Not Started,0%,,,,28/02/2026
cyber-aware-2026q1,Cyber Awareness 2026,L01186,Finance,12/01/2026,1,Completed,100%,85.4,Yes,23/02/2026,28/02/2026
cyber-aware-2026q1,Cyber Awareness 2026,L01187,Finance,12/01/2026,1,Completed,100%,92.0,Yes,27/02/2026,28/02/2026
cyber-aware-2026q1,Cyber Awareness 2026,L01188,Sales,12/01/2026,1,Completed,100%,88.4,Yes,28/02/2026,28/02/2026
cyber-aware-2026q1,Cyber Awareness 2026,L01189,Legal,12/01/2026,1,Completed,100%,79.6,Yes,28/02/2026,28/02/2026
cyber-aware-2026q1,Cyber Awareness 2026,L01190,HR,12/01/2026,1,Completed,100%,72.1,Yes,28/02/2026,28/02/2026
cyber-aware-2026q1,Cyber Awareness 2026,L01191,Manufacturing,12/01/2026,0,Not Started,0%,,,,28/02/2026
cyber-aware-2026q1,Cyber Awareness 2026,L01192,Sales,12/01/2026,1,Completed,100%,68.5,No,23/02/2026,28/02/2026
cyber-aware-2026q1,Cyber Awareness 2026,L01193,Operations,12/01/2026,1,Completed,100%,72.1,Yes,28/02/2026,28/02/2026
cyber-aware-2026q1,Cyber Awareness 2026,L01194,HR,12/01/2026,1,In Progress,25%,,,,28/02/2026
cyber-aware-2026q1,Cyber Awareness 2026,L01195,Marketing,12/01/2026,1,Completed,100%,76.0,Yes,23/02/2026,28/02/2026
cyber-aware-2026q1,Cyber Awareness 2026,L01196,Operations,12/01/2026,1,In Progress,85%,,,,28/02/2026
cyber-aware-2026q1,Cyber Awareness 2026,L01197,Sales,12/01/2026,1,Completed,100%,63.0,No,28/02/2026,28/02/2026
cyber-aware-2026q1,Cyber Awareness 2026,L01198,HR,12/01/2026,1,Completed,100%,97.1,Yes,03/02/2026,28/02/2026
cyber-aware-2026q1,Cyber Awareness 2026,L01199,Manufacturing,12/01/2026,1,In Progress,70%,,,,28/02/2026
cyber-aware-2026q1,Cyber Awareness 2026,L01200,Technology,12/01/2026,1,Completed,100%,88.2,Yes,16/02/2026,28/02/2026
code-of-conduct-2026,Code of Conduct Refresh,L00001,Manufacturing,02/02/2026,1,In Progress,70%,,,,31/03/2026
code-of-conduct-2026,Code of Conduct Refresh,L00002,Marketing,02/02/2026,1,Completed,100%,94.7,Yes,29/03/2026,31/03/2026
code-of-conduct-2026,Code of Conduct Refresh,L00003,Operations,02/02/2026,0,Not Started,0%,,,,31/03/2026
code-of-conduct-2026,Code of Conduct Refresh,L00004,HR,02/02/2026,1,Completed,100%,89.4,Yes,06/03/2026,31/03/2026
code-of-conduct-2026,Code of Conduct Refresh,L00005,Finance,02/02/2026,1,In Progress,10%,,,,31/03/2026
code-of-conduct-2026,Code of Conduct Refresh,L00006,Operations,02/02/2026,0,Not Started,0%,,,,31/03/2026
code-of-conduct-2026,Code of Conduct Refresh,L00007,Manufacturing,02/02/2026,0,Not Started,0%,,,,31/03/2026
code-of-conduct-2026,Code of Conduct Refresh,L00008,HR,02/02/2026,1,Completed,100%,99.3,Yes,31/03/2026,31/03/2026
code-of-conduct-2026,Code of Conduct Refresh,L00009,Marketing,02/02/2026,1,Completed,100%,87.3,Yes,29/03/2026,31/03/2026
code-of-conduct-2026,Code of Conduct Refresh,L00010,Manufacturing,02/02/2026,1,In Progress,70%,,,,31/03/2026
code-of-conduct-2026,Code of Conduct Refresh,L00011,HR,02/02/2026,1,Completed,100%,64.3,No,29/03/2026,31/03/2026
code-of-conduct-2026,Code of Conduct Refresh,L00012,Finance,02/02/2026,1,Completed,100%,84.4,Yes,26/03/2026,31/03/2026
code-of-conduct-2026,Code of Conduct Refresh,L00013,Operations,02/02/2026,0,Not Started,0%,,,,31/03/2026
code-of-conduct-2026,Code of Conduct Refresh,L00014,Technology,02/02/2026,1,Completed,100%,73.9,Yes,26/03/2026,31/03/2026
code-of-conduct-2026,Code of Conduct Refresh,L00015,Finance,02/02/2026,1,Completed,100%,71.4,Yes,29/03/2026,31/03/2026
code-of-conduct-2026,Code of Conduct Refresh,L00016,Technology,02/02/2026,1,Completed,100%,88.6,Yes,26/03/2026,31/03/2026
code-of-conduct-2026,Code of Conduct Refresh,L00017,Manufacturing,02/02/2026,0,Not Started,0%,,,,31/03/2026
code-of-conduct-2026,Code of Conduct Refresh,L00018,Marketing,02/02/2026,1,Completed,100%,89.4,Yes,26/03/2026,31/03/2026
code-of-conduct-2026,Code of Conduct Refresh,L00019,Finance,02/02/2026,1,Completed,100%,83.8,Yes,29/03/2026,31/03/2026
code-of-conduct-2026,Code of Conduct Refresh,L00020,Technology,02/02/2026,1,Completed,100%,77.6,Yes,06/03/2026,31/03/2026
code-of-conduct-2026,Code of Conduct Refresh,L00021,Operations,02/02/2026,1,In Progress,25%,,,,31/03/2026
code-of-conduct-2026,Code of Conduct Refresh,L00022,Sales,02/02/2026,0,Not Started,0%,,,,31/03/2026
code-of-conduct-2026,Code of Conduct Refresh,L00023,Manufacturing,02/02/2026,1,In Progress,10%,,,,31/03/2026
code-of-conduct-2026,Code of Conduct Refresh,L00024,Manufacturing,02/02/2026,1,In Progress,55%,,,,31/03/2026
code-of-conduct-2026,Code of Conduct Refresh,L00025,Marketing,02/02/2026,1,Completed,100%,84.2,Yes,06/03/2026,31/03/2026
code-of-conduct-2026,Code of Conduct Refresh,L00026,Manufacturing,02/02/2026,0,Not Started,0%,,,,31/03/2026
code-of-conduct-2026,Code of Conduct Refresh,L00027,Marketing,02/02/2026,1,Completed,100%,73.7,Yes,30/03/2026,31/03/2026
code-of-conduct-2026,Code of Conduct Refresh,L00028,Technology,02/02/2026,1,Completed,100%,92.8,Yes,06/03/2026,31/03/2026
code-of-conduct-2026,Code of Conduct Refresh,L00029,Sales,02/02/2026,1,Completed,100%,86.1,Yes,06/03/2026,31/03/2026
code-of-conduct-2026,Code of Conduct Refresh,L00030,Marketing,02/02/2026,1,Completed,100%,87.4,Yes,26/03/2026,31/03/2026
code-of-conduct-2026,Code of Conduct Refresh,L00031,Legal,02/02/2026,1,In Progress,70%,,,,31/03/2026
code-of-conduct-2026,Code of Conduct Refresh,L00032,Manufacturing,02/02/2026,0,Not Started,0%,,,,31/03/2026
code-of-conduct-2026,Code of Conduct Refresh,L00033,Sales,02/02/2026,1,Completed,100%,84.5,Yes,29/03/2026,31/03/2026
code-of-conduct-2026,Code of Conduct Refresh,L00034,Finance,02/02/2026,1,Completed,100%,79.2,Yes,26/03/2026,31/03/2026
code-of-conduct-2026,Code of Conduct Refresh,L00035,Technology,02/02/2026,1,Completed,100%,73.2,Yes,26/03/2026,31/03/2026
code-of-conduct-2026,Code of Conduct Refresh,L00036,Marketing,02/02/2026,1,In Progress,85%,,,,31/03/2026
code-of-conduct-2026,Code of Conduct Refresh,L00037,Operations,02/02/2026,0,Not Started,0%,,,,31/03/2026
code-of-conduct-2026,Code of Conduct Refresh,L00038,Manufacturing,02/02/2026,0,Not Started,0%,,,,31/03/2026
code-of-conduct-2026,Code of Conduct Refresh,L00039,Manufacturing,02/02/2026,1,In Progress,70%,,,,31/03/2026
code-of-conduct-2026,Code of Conduct Refresh,L00040,Marketing,02/02/2026,0,Not Started,0%,,,,31/03/2026
code-of-conduct-2026,Code of Conduct Refresh,L00041,Manufacturing,02/02/2026,0,Not Started,0%,,,,31/03/2026
code-of-conduct-2026,Code of Conduct Refresh,L00042,Marketing,02/02/2026,1,Completed,100%,70.7,Yes,31/03/2026,31/03/2026
code-of-conduct-2026,Code of Conduct Refresh,L00043,Finance,02/02/2026,1,Completed,100%,70.0,Yes,31/03/2026,31/03/2026
code-of-conduct-2026,Code of Conduct Refresh,L00044,Sales,02/02/2026,1,Completed,100%,62.9,No,29/03/2026,31/03/2026
code-of-conduct-2026,Code of Conduct Refresh,L00045,Operations,02/02/2026,0,Not Started,0%,,,,31/03/2026
code-of-conduct-2026,Code of Conduct Refresh,L00046,HR,02/02/2026,1,Completed,100%,63.9,No,31/03/2026,31/03/2026
code-of-conduct-2026,Code of Conduct Refresh,L00047,Technology,02/02/2026,1,Completed,100%,87.6,Yes,26/03/2026,31/03/2026
code-of-conduct-2026,Code of Conduct Refresh,L00048,Technology,02/02/2026,1,Completed,100%,70.7,Yes,26/03/2026,31/03/2026
code-of-conduct-2026,Code of Conduct Refresh,L00049,Manufacturing,02/02/2026,0,Not Started,0%,,,,31/03/2026
code-of-conduct-2026,Code of Conduct Refresh,L00050,Technology,02/02/2026,1,Completed,100%,76.0,Yes,19/03/2026,31/03/2026
code-of-conduct-2026,Code of Conduct Refresh,L00051,Manufacturing,02/02/2026,1,Completed,100%,87.7,Yes,26/03/2026,31/03/2026
code-of-conduct-2026,Code of Conduct Refresh,L00052,Operations,02/02/2026,0,Not Started,0%,,,,31/03/2026
code-of-conduct-2026,Code of Conduct Refresh,L00053,Technology,02/02/2026,1,Completed,100%,77.7,Yes,26/03/2026,31/03/2026
code-of-conduct-2026,Code of Conduct Refresh,L00054,Manufacturing,02/02/2026,0,Not Started,0%,,,,31/03/2026
code-of-conduct-2026,Code of Conduct Refresh,L00055,Marketing,02/02/2026,1,Completed,100%,79.2,Yes,19/03/2026,31/03/2026
code-of-conduct-2026,Code of Conduct Refresh,L00056,Manufacturing,02/02/2026,1,Completed,100%,94.8,Yes,29/03/2026,31/03/2026
code-of-conduct-2026,Code of Conduct Refresh,L00057,Operations,02/02/2026,0,Not Started,0%,,,,31/03/2026
code-of-conduct-2026,Code of Conduct Refresh,L00058,Manufacturing,02/02/2026,1,Completed,100%,90.5,Yes,19/03/2026,31/03/2026
code-of-conduct-2026,Code of Conduct Refresh,L00059,Sales,02/02/2026,1,Completed,100%,87.8,Yes,30/03/2026,31/03/2026
code-of-conduct-2026,Code of Conduct Refresh,L00060,Marketing,02/02/2026,1,Completed,100%,84.5,Yes,26/03/2026,31/03/2026
code-of-conduct-2026,Code of Conduct Refresh,L00061,Marketing,02/02/2026,1,Completed,100%,68.9,No,26/03/2026,31/03/2026
code-of-conduct-2026,Code of Conduct Refresh,L00062,Operations,02/02/2026,1,Completed,100%,82.9,Yes,19/03/2026,31/03/2026
code-of-conduct-2026,Code of Conduct Refresh,L00063,Legal,02/02/2026,0,Not Started,0%,,,,31/03/2026
code-of-conduct-2026,Code of Conduct Refresh,L00064,Operations,02/02/2026,0,Not Started,0%,,,,31/03/2026
code-of-conduct-2026,Code of Conduct Refresh,L00065,Technology,02/02/2026,1,Completed,100%,90.0,Yes,30/03/2026,31/03/2026
code-of-conduct-2026,Code of Conduct Refresh,L00066,Manufacturing,02/02/2026,1,Completed,100%,68.2,No,29/03/2026,31/03/2026
code-of-conduct-2026,Code of Conduct Refresh,L00067,Operations,02/02/2026,0,Not Started,0%,,,,31/03/2026
code-of-conduct-2026,Code of Conduct Refresh,L00068,Technology,02/02/2026,1,Completed,100%,80.9,Yes,19/03/2026,31/03/2026
code-of-conduct-2026,Code of Conduct Refresh,L00069,Technology,02/02/2026,1,Completed,100%,86.5,Yes,30/03/2026,31/03/2026
code-of-conduct-2026,Code of Conduct Refresh,L00070,Sales,02/02/2026,1,Completed,100%,77.5,Yes,26/03/2026,31/03/2026
code-of-conduct-2026,Code of Conduct Refresh,L00071,Sales,02/02/2026,0,Not Started,0%,,,,31/03/2026
code-of-conduct-2026,Code of Conduct Refresh,L00072,Marketing,02/02/2026,1,Completed,100%,77.3,Yes,30/03/2026,31/03/2026
code-of-conduct-2026,Code of Conduct Refresh,L00073,Manufacturing,02/02/2026,0,Not Started,0%,,,,31/03/2026
code-of-conduct-2026,Code of Conduct Refresh,L00074,Manufacturing,02/02/2026,0,Not Started,0%,,,,31/03/2026
code-of-conduct-2026,Code of Conduct Refresh,L00075,Marketing,02/02/2026,1,In Progress,10%,,,,31/03/2026
code-of-conduct-2026,Code of Conduct Refresh,L00076,Sales,02/02/2026,1,Completed,100%,74.3,Yes,19/03/2026,31/03/2026
code-of-conduct-2026,Code of Conduct Refresh,L00077,Manufacturing,02/02/2026,0,Not Started,0%,,,,31/03/2026
code-of-conduct-2026,Code of Conduct Refresh,L00078,Operations,02/02/2026,1,Completed,100%,72.2,Yes,31/03/2026,31/03/2026
code-of-conduct-2026,Code of Conduct Refresh,L00079,Marketing,02/02/2026,1,Completed,100%,83.8,Yes,26/03/2026,31/03/2026
code-of-conduct-2026,Code of Conduct Refresh,L00080,Technology,02/02/2026,1,Completed,100%,96.9,Yes,29/03/2026,31/03/2026
code-of-conduct-2026,Code of Conduct Refresh,L00081,Sales,02/02/2026,1,In Progress,70%,,,,31/03/2026
code-of-conduct-2026,Code of Conduct Refresh,L00082,Technology,02/02/2026,1,Completed,100%,86.6,Yes,19/03/2026,31/03/2026
code-of-conduct-2026,Code of Conduct Refresh,L00083,Marketing,02/02/2026,1,Completed,100%,64.7,No,30/03/2026,31/03/2026
code-of-conduct-2026,Code of Conduct Refresh,L00084,Technology,02/02/2026,0,Not Started,0%,,,,31/03/2026
code-of-conduct-2026,Code of Conduct Refresh,L00085,Operations,02/02/2026,0,Not Started,0%,,,,31/03/2026
code-of-conduct-2026,Code of Conduct Refresh,L00086,Technology,02/02/2026,1,Completed,100%,89.3,Yes,30/03/2026,31/03/2026
code-of-conduct-2026,Code of Conduct Refresh,L00087,Operations,02/02/2026,1,Completed,100%,83.0,Yes,26/03/2026,31/03/2026
code-of-conduct-2026,Code of Conduct Refresh,L00088,Marketing,02/02/2026,1,Completed,100%,91.7,Yes,31/03/2026,31/03/2026
code-of-conduct-2026,Code of Conduct Refresh,L00089,HR,02/02/2026,1,Completed,100%,99.7,Yes,30/03/2026,31/03/2026
code-of-conduct-2026,Code of Conduct Refresh,L00090,Operations,02/02/2026,0,Not Started,0%,,,,31/03/2026
code-of-conduct-2026,Code of Conduct Refresh,L00091,Manufacturing,02/02/2026,1,In Progress,10%,,,,31/03/2026
code-of-conduct-2026,Code of Conduct Refresh,L00092,Manufacturing,02/02/2026,0,Not Started,0%,,,,31/03/2026
code-of-conduct-2026,Code of Conduct Refresh,L00093,Manufacturing,02/02/2026,0,Not Started,0%,,,,31/03/2026
code-of-conduct-2026,Code of Conduct Refresh,L00094,Technology,02/02/2026,1,Completed,100%,87.4,Yes,26/03/2026,31/03/2026
code-of-conduct-2026,Code of Conduct Refresh,L00095,Manufacturing,02/02/2026,0,Not Started,0%,,,,31/03/2026
code-of-conduct-2026,Code of Conduct Refresh,L00096,Technology,02/02/2026,1,Completed,100%,79.9,Yes,26/03/2026,31/03/2026
code-of-conduct-2026,Code of Conduct Refresh,L00097,Operations,02/02/2026,1,In Progress,25%,,,,31/03/2026
code-of-conduct-2026,Code of Conduct Refresh,L00098,Manufacturing,02/02/2026,0,Not Started,0%,,,,31/03/2026
code-of-conduct-2026,Code of Conduct Refresh,L00099,HR,02/02/2026,1,Completed,100%,72.3,Yes,26/03/2026,31/03/2026
code-of-conduct-2026,Code of Conduct Refresh,L00100,Manufacturing,02/02/2026,1,Completed,100%,79.2,Yes,30/03/2026,31/03/2026
code-of-conduct-2026,Code of Conduct Refresh,L00101,Manufacturing,02/02/2026,0,Not Started,0%,,,,31/03/2026
code-of-conduct-2026,Code of Conduct Refresh,L00102,HR,02/02/2026,1,Completed,100%,74.6,Yes,31/03/2026,31/03/2026
code-of-conduct-2026,Code of Conduct Refresh,L00103,Manufacturing,02/02/2026,0,Not Started,0%,,,,31/03/2026
code-of-conduct-2026,Code of Conduct Refresh,L00104,Technology,02/02/2026,1,Completed,100%,69.1,No,19/03/2026,31/03/2026
code-of-conduct-2026,Code of Conduct Refresh,L00105,Operations,02/02/2026,1,Completed,100%,93.8,Yes,26/03/2026,31/03/2026
code-of-conduct-2026,Code of Conduct Refresh,L00106,Operations,02/02/2026,0,Not Started,0%,,,,31/03/2026
code-of-conduct-2026,Code of Conduct Refresh,L00107,Marketing,02/02/2026,1,Completed,100%,89.2,Yes,31/03/2026,31/03/2026
code-of-conduct-2026,Code of Conduct Refresh,L00108,Finance,02/02/2026,1,Completed,100%,73.1,Yes,26/03/2026,31/03/2026
code-of-conduct-2026,Code of Conduct Refresh,L00109,Technology,02/02/2026,1,In Progress,25%,,,,31/03/2026
code-of-conduct-2026,Code of Conduct Refresh,L00110,Manufacturing,02/02/2026,0,Not Started,0%,,,,31/03/2026
code-of-conduct-2026,Code of Conduct Refresh,L00111,Manufacturing,02/02/2026,1,In Progress,70%,,,,31/03/2026
code-of-conduct-2026,Code of Conduct Refresh,L00112,Finance,02/02/2026,1,Completed,100%,79.3,Yes,26/03/2026,31/03/2026
code-of-conduct-2026,Code of Conduct Refresh,L00113,Operations,02/02/2026,0,Not Started,0%,,,,31/03/2026
code-of-conduct-2026,Code of Conduct Refresh,L00114,Manufacturing,02/02/2026,0,Not Started,0%,,,,31/03/2026
code-of-conduct-2026,Code of Conduct Refresh,L00115,Manufacturing,02/02/2026,0,Not Started,0%,,,,31/03/2026
code-of-conduct-2026,Code of Conduct Refresh,L00116,Legal,02/02/2026,1,Completed,100%,75.3,Yes,19/03/2026,31/03/2026
code-of-conduct-2026,Code of Conduct Refresh,L00117,Manufacturing,02/02/2026,1,In Progress,55%,,,,31/03/2026
code-of-conduct-2026,Code of Conduct Refresh,L00118,Manufacturing,02/02/2026,1,In Progress,40%,,,,31/03/2026
code-of-conduct-2026,Code of Conduct Refresh,L00119,Manufacturing,02/02/2026,0,Not Started,0%,,,,31/03/2026
code-of-conduct-2026,Code of Conduct Refresh,L00120,Finance,02/02/2026,1,Completed,100%,88.4,Yes,26/03/2026,31/03/2026
code-of-conduct-2026,Code of Conduct Refresh,L00121,Operations,02/02/2026,0,Not Started,0%,,,,31/03/2026
code-of-conduct-2026,Code of Conduct Refresh,L00122,Technology,02/02/2026,1,Completed,100%,93.2,Yes,30/03/2026,31/03/2026
code-of-conduct-2026,Code of Conduct Refresh,L00123,Manufacturing,02/02/2026,0,Not Started,0%,,,,31/03/2026
code-of-conduct-2026,Code of Conduct Refresh,L00124,Operations,02/02/2026,0,Not Started,0%,,,,31/03/2026
code-of-conduct-2026,Code of Conduct Refresh,L00125,HR,02/02/2026,1,Completed,100%,83.6,Yes,06/03/2026,31/03/2026
code-of-conduct-2026,Code of Conduct Refresh,L00126,Finance,02/02/2026,1,Completed,100%,84.7,Yes,26/03/2026,31/03/2026
code-of-conduct-2026,Code of Conduct Refresh,L00127,Finance,02/02/2026,1,Completed,100%,74.0,Yes,29/03/2026,31/03/2026
code-of-conduct-2026,Code of Conduct Refresh,L00128,Operations,02/02/2026,1,Completed,100%,68.9,No,26/03/2026,31/03/2026
code-of-conduct-2026,Code of Conduct Refresh,L00129,Technology,02/02/2026,1,Completed,100%,73.3,Yes,19/03/2026,31/03/2026
code-of-conduct-2026,Code of Conduct Refresh,L00130,Operations,02/02/2026,1,In Progress,40%,,,,31/03/2026
code-of-conduct-2026,Code of Conduct Refresh,L00131,Manufacturing,02/02/2026,0,Not Started,0%,,,,31/03/2026
code-of-conduct-2026,Code of Conduct Refresh,L00132,Marketing,02/02/2026,1,Completed,100%,79.9,Yes,19/03/2026,31/03/2026
code-of-conduct-2026,Code of Conduct Refresh,L00133,Manufacturing,02/02/2026,1,In Progress,40%,,,,31/03/2026
code-of-conduct-2026,Code of Conduct Refresh,L00134,Manufacturing,02/02/2026,0,Not Started,0%,,,,31/03/2026
code-of-conduct-2026,Code of Conduct Refresh,L00135,HR,02/02/2026,1,Completed,100%,79.1,Yes,29/03/2026,31/03/2026
code-of-conduct-2026,Code of Conduct Refresh,L00136,Finance,02/02/2026,1,In Progress,70%,,,,31/03/2026
code-of-conduct-2026,Code of Conduct Refresh,L00137,Manufacturing,02/02/2026,0,Not Started,0%,,,,31/03/2026
code-of-conduct-2026,Code of Conduct Refresh,L00138,Sales,02/02/2026,1,Completed,100%,93.8,Yes,31/03/2026,31/03/2026
code-of-conduct-2026,Code of Conduct Refresh,L00139,Operations,02/02/2026,0,Not Started,0%,,,,31/03/2026
code-of-conduct-2026,Code of Conduct Refresh,L00140,Operations,02/02/2026,0,Not Started,0%,,,,31/03/2026
code-of-conduct-2026,Code of Conduct Refresh,L00141,HR,02/02/2026,1,Completed,100%,91.6,Yes,06/03/2026,31/03/2026
code-of-conduct-2026,Code of Conduct Refresh,L00142,Operations,02/02/2026,1,Completed,100%,69.1,No,30/03/2026,31/03/2026
code-of-conduct-2026,Code of Conduct Refresh,L00143,Manufacturing,02/02/2026,1,In Progress,10%,,,,31/03/2026
code-of-conduct-2026,Code of Conduct Refresh,L00144,Manufacturing,02/02/2026,1,Completed,100%,94.7,Yes,06/03/2026,31/03/2026
code-of-conduct-2026,Code of Conduct Refresh,L00145,Technology,02/02/2026,1,Completed,100%,96.2,Yes,30/03/2026,31/03/2026
code-of-conduct-2026,Code of Conduct Refresh,L00146,Manufacturing,02/02/2026,1,In Progress,70%,,,,31/03/2026
code-of-conduct-2026,Code of Conduct Refresh,L00147,Technology,02/02/2026,1,Completed,100%,81.0,Yes,30/03/2026,31/03/2026
code-of-conduct-2026,Code of Conduct Refresh,L00148,Marketing,02/02/2026,1,Completed,100%,75.8,Yes,06/03/2026,31/03/2026
code-of-conduct-2026,Code of Conduct Refresh,L00149,Technology,02/02/2026,1,Completed,100%,82.0,Yes,30/03/2026,31/03/2026
code-of-conduct-2026,Code of Conduct Refresh,L00150,Manufacturing,02/02/2026,0,Not Started,0%,,,,31/03/2026
code-of-conduct-2026,Code of Conduct Refresh,L00151,Technology,02/02/2026,1,Completed,100%,77.4,Yes,19/03/2026,31/03/2026
code-of-conduct-2026,Code of Conduct Refresh,L00152,Technology,02/02/2026,1,Completed,100%,84.5,Yes,06/03/2026,31/03/2026
code-of-conduct-2026,Code of Conduct Refresh,L00153,Operations,02/02/2026,1,Completed,100%,75.2,Yes,26/03/2026,31/03/2026
code-of-conduct-2026,Code of Conduct Refresh,L00154,Operations,02/02/2026,0,Not Started,0%,,,,31/03/2026
code-of-conduct-2026,Code of Conduct Refresh,L00155,Marketing,02/02/2026,1,Completed,100%,87.9,Yes,19/03/2026,31/03/2026
code-of-conduct-2026,Code of Conduct Refresh,L00156,Manufacturing,02/02/2026,1,In Progress,10%,,,,31/03/2026
code-of-conduct-2026,Code of Conduct Refresh,L00157,Operations,02/02/2026,0,Not Started,0%,,,,31/03/2026
code-of-conduct-2026,Code of Conduct Refresh,L00158,Manufacturing,02/02/2026,1,In Progress,25%,,,,31/03/2026
code-of-conduct-2026,Code of Conduct Refresh,L00159,Sales,02/02/2026,1,Completed,100%,61.8,No,30/03/2026,31/03/2026
code-of-conduct-2026,Code of Conduct Refresh,L00160,Operations,02/02/2026,1,Completed,100%,75.6,Yes,31/03/2026,31/03/2026
code-of-conduct-2026,Code of Conduct Refresh,L00161,Operations,02/02/2026,1,Completed,100%,83.4,Yes,31/03/2026,31/03/2026
code-of-conduct-2026,Code of Conduct Refresh,L00162,Sales,02/02/2026,1,Completed,100%,68.6,No,30/03/2026,31/03/2026
code-of-conduct-2026,Code of Conduct Refresh,L00163,Marketing,02/02/2026,1,Completed,100%,81.7,Yes,06/03/2026,31/03/2026
code-of-conduct-2026,Code of Conduct Refresh,L00164,Marketing,02/02/2026,1,In Progress,40%,,,,31/03/2026
code-of-conduct-2026,Code of Conduct Refresh,L00165,Operations,02/02/2026,0,Not Started,0%,,,,31/03/2026
code-of-conduct-2026,Code of Conduct Refresh,L00166,Manufacturing,02/02/2026,0,Not Started,0%,,,,31/03/2026
code-of-conduct-2026,Code of Conduct Refresh,L00167,Legal,02/02/2026,1,Completed,100%,82.8,Yes,06/03/2026,31/03/2026
code-of-conduct-2026,Code of Conduct Refresh,L00168,Legal,02/02/2026,1,Completed,100%,69.3,No,31/03/2026,31/03/2026
code-of-conduct-2026,Code of Conduct Refresh,L00169,Operations,02/02/2026,1,Completed,100%,82.8,Yes,06/03/2026,31/03/2026
code-of-conduct-2026,Code of Conduct Refresh,L00170,Manufacturing,02/02/2026,0,Not Started,0%,,,,31/03/2026
code-of-conduct-2026,Code of Conduct Refresh,L00171,HR,02/02/2026,1,Completed,100%,90.2,Yes,31/03/2026,31/03/2026
code-of-conduct-2026,Code of Conduct Refresh,L00172,Sales,02/02/2026,1,Completed,100%,70.3,Yes,06/03/2026,31/03/2026
code-of-conduct-2026,Code of Conduct Refresh,L00173,Manufacturing,02/02/2026,0,Not Started,0%,,,,31/03/2026
code-of-conduct-2026,Code of Conduct Refresh,L00174,Technology,02/02/2026,1,Completed,100%,78.1,Yes,26/03/2026,31/03/2026
code-of-conduct-2026,Code of Conduct Refresh,L00175,HR,02/02/2026,1,Completed,100%,98.8,Yes,31/03/2026,31/03/2026
code-of-conduct-2026,Code of Conduct Refresh,L00176,Technology,02/02/2026,1,In Progress,55%,,,,31/03/2026
code-of-conduct-2026,Code of Conduct Refresh,L00177,Technology,02/02/2026,0,Not Started,0%,,,,31/03/2026
code-of-conduct-2026,Code of Conduct Refresh,L00178,Sales,02/02/2026,1,In Progress,25%,,,,31/03/2026
code-of-conduct-2026,Code of Conduct Refresh,L00179,Marketing,02/02/2026,0,Not Started,0%,,,,31/03/2026
code-of-conduct-2026,Code of Conduct Refresh,L00180,Legal,02/02/2026,1,In Progress,70%,,,,31/03/2026
code-of-conduct-2026,Code of Conduct Refresh,L00181,Operations,02/02/2026,1,In Progress,40%,,,,31/03/2026
code-of-conduct-2026,Code of Conduct Refresh,L00182,Sales,02/02/2026,1,Completed,100%,85.8,Yes,31/03/2026,31/03/2026
code-of-conduct-2026,Code of Conduct Refresh,L00183,Operations,02/02/2026,0,Not Started,0%,,,,31/03/2026
code-of-conduct-2026,Code of Conduct Refresh,L00184,Manufacturing,02/02/2026,1,Completed,100%,86.5,Yes,06/03/2026,31/03/2026
code-of-conduct-2026,Code of Conduct Refresh,L00185,Manufacturing,02/02/2026,0,Not Started,0%,,,,31/03/2026
code-of-conduct-2026,Code of Conduct Refresh,L00186,Manufacturing,02/02/2026,1,Completed,100%,85.9,Yes,26/03/2026,31/03/2026
code-of-conduct-2026,Code of Conduct Refresh,L00187,Marketing,02/02/2026,1,Completed,100%,93.0,Yes,31/03/2026,31/03/2026
code-of-conduct-2026,Code of Conduct Refresh,L00188,Technology,02/02/2026,1,Completed,100%,79.5,Yes,26/03/2026,31/03/2026
code-of-conduct-2026,Code of Conduct Refresh,L00189,Legal,02/02/2026,1,Completed,100%,97.5,Yes,19/03/2026,31/03/2026
code-of-conduct-2026,Code of Conduct Refresh,L00190,Marketing,02/02/2026,1,Completed,100%,82.8,Yes,30/03/2026,31/03/2026
code-of-conduct-2026,Code of Conduct Refresh,L00191,Finance,02/02/2026,1,Completed,100%,78.3,Yes,19/03/2026,31/03/2026
code-of-conduct-2026,Code of Conduct Refresh,L00192,Manufacturing,02/02/2026,1,In Progress,85%,,,,31/03/2026
code-of-conduct-2026,Code of Conduct Refresh,L00193,Operations,02/02/2026,0,Not Started,0%,,,,31/03/2026
code-of-conduct-2026,Code of Conduct Refresh,L00194,Technology,02/02/2026,1,Completed,100%,95.4,Yes,31/03/2026,31/03/2026
code-of-conduct-2026,Code of Conduct Refresh,L00195,Finance,02/02/2026,1,Completed,100%,82.5,Yes,26/03/2026,31/03/2026
code-of-conduct-2026,Code of Conduct Refresh,L00196,Manufacturing,02/02/2026,0,Not Started,0%,,,,31/03/2026
code-of-conduct-2026,Code of Conduct Refresh,L00197,Technology,02/02/2026,1,Completed,100%,78.7,Yes,26/03/2026,31/03/2026
code-of-conduct-2026,Code of Conduct Refresh,L00198,Manufacturing,02/02/2026,0,Not Started,0%,,,,31/03/2026
code-of-conduct-2026,Code of Conduct Refresh,L00199,Manufacturing,02/02/2026,1,Completed,100%,70.2,Yes,31/03/2026,31/03/2026
code-of-conduct-2026,Code of Conduct Refresh,L00200,Manufacturing,02/02/2026,0,Not Started,0%,,,,31/03/2026
code-of-conduct-2026,Code of Conduct Refresh,L00201,Technology,02/02/2026,1,Completed,100%,74.2,Yes,26/03/2026,31/03/2026
code-of-conduct-2026,Code of Conduct Refresh,L00202,Technology,02/02/2026,1,Completed,100%,98.2,Yes,06/03/2026,31/03/2026
code-of-conduct-2026,Code of Conduct Refresh,L00203,Manufacturing,02/02/2026,1,Completed,100%,94.9,Yes,26/03/2026,31/03/2026
code-of-conduct-2026,Code of Conduct Refresh,L00204,Manufacturing,02/02/2026,0,Not Started,0%,,,,31/03/2026
code-of-conduct-2026,Code of Conduct Refresh,L00205,Sales,02/02/2026,0,Not Started,0%,,,,31/03/2026
code-of-conduct-2026,Code of Conduct Refresh,L00206,Technology,02/02/2026,1,Completed,100%,61.6,No,06/03/2026,31/03/2026
code-of-conduct-2026,Code of Conduct Refresh,L00207,Manufacturing,02/02/2026,1,Completed,100%,78.2,Yes,26/03/2026,31/03/2026
code-of-conduct-2026,Code of Conduct Refresh,L00208,Sales,02/02/2026,1,Completed,100%,78.7,Yes,31/03/2026,31/03/2026
code-of-conduct-2026,Code of Conduct Refresh,L00209,Technology,02/02/2026,1,Completed,100%,73.8,Yes,30/03/2026,31/03/2026
code-of-conduct-2026,Code of Conduct Refresh,L00210,Operations,02/02/2026,0,Not Started,0%,,,,31/03/2026
code-of-conduct-2026,Code of Conduct Refresh,L00211,Manufacturing,02/02/2026,1,In Progress,55%,,,,31/03/2026
code-of-conduct-2026,Code of Conduct Refresh,L00212,Marketing,02/02/2026,0,Not Started,0%,,,,31/03/2026
code-of-conduct-2026,Code of Conduct Refresh,L00213,Sales,02/02/2026,0,Not Started,0%,,,,31/03/2026
code-of-conduct-2026,Code of Conduct Refresh,L00214,Manufacturing,02/02/2026,0,Not Started,0%,,,,31/03/2026
code-of-conduct-2026,Code of Conduct Refresh,L00215,Sales,02/02/2026,1,Completed,100%,78.3,Yes,29/03/2026,31/03/2026
code-of-conduct-2026,Code of Conduct Refresh,L00216,HR,02/02/2026,1,Completed,100%,80.9,Yes,30/03/2026,31/03/2026
code-of-conduct-2026,Code of Conduct Refresh,L00217,Technology,02/02/2026,1,Completed,100%,77.0,Yes,30/03/2026,31/03/2026
code-of-conduct-2026,Code of Conduct Refresh,L00218,Sales,02/02/2026,1,In Progress,85%,,,,31/03/2026
code-of-conduct-2026,Code of Conduct Refresh,L00219,Manufacturing,02/02/2026,0,Not Started,0%,,,,31/03/2026
code-of-conduct-2026,Code of Conduct Refresh,L00220,Finance,02/02/2026,1,Completed,100%,76.1,Yes,29/03/2026,31/03/2026
code-of-conduct-2026,Code of Conduct Refresh,L00221,Operations,02/02/2026,1,In Progress,55%,,,,31/03/2026
code-of-conduct-2026,Code of Conduct Refresh,L00222,Manufacturing,02/02/2026,0,Not Started,0%,,,,31/03/2026
code-of-conduct-2026,Code of Conduct Refresh,L00223,Marketing,02/02/2026,1,In Progress,85%,,,,31/03/2026
code-of-conduct-2026,Code of Conduct Refresh,L00224,Sales,02/02/2026,1,Completed,100%,79.8,Yes,26/03/2026,31/03/2026
code-of-conduct-2026,Code of Conduct Refresh,L00225,Manufacturing,02/02/2026,0,Not Started,0%,,,,31/03/2026
code-of-conduct-2026,Code of Conduct Refresh,L00226,Marketing,02/02/2026,1,Completed,100%,80.6,Yes,26/03/2026,31/03/2026
code-of-conduct-2026,Code of Conduct Refresh,L00227,Finance,02/02/2026,1,In Progress,40%,,,,31/03/2026
code-of-conduct-2026,Code of Conduct Refresh,L00228,Manufacturing,02/02/2026,0,Not Started,0%,,,,31/03/2026
code-of-conduct-2026,Code of Conduct Refresh,L00229,Manufacturing,02/02/2026,0,Not Started,0%,,,,31/03/2026
code-of-conduct-2026,Code of Conduct Refresh,L00230,Marketing,02/02/2026,1,Completed,100%,80.7,Yes,06/03/2026,31/03/2026
code-of-conduct-2026,Code of Conduct Refresh,L00231,Finance,02/02/2026,1,Completed,100%,69.2,No,19/03/2026,31/03/2026
code-of-conduct-2026,Code of Conduct Refresh,L00232,HR,02/02/2026,1,Completed,100%,100.0,Yes,26/03/2026,31/03/2026
code-of-conduct-2026,Code of Conduct Refresh,L00233,Operations,02/02/2026,0,Not Started,0%,,,,31/03/2026
code-of-conduct-2026,Code of Conduct Refresh,L00234,Finance,02/02/2026,1,Completed,100%,82.8,Yes,19/03/2026,31/03/2026
code-of-conduct-2026,Code of Conduct Refresh,L00235,Technology,02/02/2026,1,Completed,100%,73.5,Yes,19/03/2026,31/03/2026
code-of-conduct-2026,Code of Conduct Refresh,L00236,Manufacturing,02/02/2026,0,Not Started,0%,,,,31/03/2026
code-of-conduct-2026,Code of Conduct Refresh,L00237,Technology,02/02/2026,1,Completed,100%,82.8,Yes,29/03/2026,31/03/2026
code-of-conduct-2026,Code of Conduct Refresh,L00238,Manufacturing,02/02/2026,1,In Progress,10%,,,,31/03/2026
code-of-conduct-2026,Code of Conduct Refresh,L00239,Sales,02/02/2026,1,In Progress,70%,,,,31/03/2026
code-of-conduct-2026,Code of Conduct Refresh,L00240,Manufacturing,02/02/2026,0,Not Started,0%,,,,31/03/2026
code-of-conduct-2026,Code of Conduct Refresh,L00241,Sales,02/02/2026,0,Not Started,0%,,,,31/03/2026
code-of-conduct-2026,Code of Conduct Refresh,L00242,Finance,02/02/2026,1,Completed,100%,100.0,Yes,26/03/2026,31/03/2026
code-of-conduct-2026,Code of Conduct Refresh,L00243,Finance,02/02/2026,1,Completed,100%,86.3,Yes,26/03/2026,31/03/2026
code-of-conduct-2026,Code of Conduct Refresh,L00244,HR,02/02/2026,1,Completed,100%,89.4,Yes,29/03/2026,31/03/2026
code-of-conduct-2026,Code of Conduct Refresh,L00245,Marketing,02/02/2026,1,Completed,100%,87.3,Yes,31/03/2026,31/03/2026
code-of-conduct-2026,Code of Conduct Refresh,L00246,Technology,02/02/2026,1,In Progress,85%,,,,31/03/2026
code-of-conduct-2026,Code of Conduct Refresh,L00247,Manufacturing,02/02/2026,1,Completed,100%,75.7,Yes,26/03/2026,31/03/2026
code-of-conduct-2026,Code of Conduct Refresh,L00248,Manufacturing,02/02/2026,0,Not Started,0%,,,,31/03/2026
code-of-conduct-2026,Code of Conduct Refresh,L00249,Operations,02/02/2026,1,Completed,100%,73.3,Yes,26/03/2026,31/03/2026
code-of-conduct-2026,Code of Conduct Refresh,L00250,Marketing,02/02/2026,1,Completed,100%,72.2,Yes,26/03/2026,31/03/2026
code-of-conduct-2026,Code of Conduct Refresh,L00251,Manufacturing,02/02/2026,1,Completed,100%,86.5,Yes,29/03/2026,31/03/2026
code-of-conduct-2026,Code of Conduct Refresh,L00252,Sales,02/02/2026,0,Not Started,0%,,,,31/03/2026
code-of-conduct-2026,Code of Conduct Refresh,L00253,Operations,02/02/2026,0,Not Started,0%,,,,31/03/2026
code-of-conduct-2026,Code of Conduct Refresh,L00254,Manufacturing,02/02/2026,0,Not Started,0%,,,,31/03/2026
code-of-conduct-2026,Code of Conduct Refresh,L00255,Finance,02/02/2026,1,Completed,100%,91.4,Yes,30/03/2026,31/03/2026
code-of-conduct-2026,Code of Conduct Refresh,L00256,Manufacturing,02/02/2026,1,In Progress,85%,,,,31/03/2026
code-of-conduct-2026,Code of Conduct Refresh,L00257,Manufacturing,02/02/2026,1,In Progress,85%,,,,31/03/2026
code-of-conduct-2026,Code of Conduct Refresh,L00258,Manufacturing,02/02/2026,0,Not Started,0%,,,,31/03/2026
code-of-conduct-2026,Code of Conduct Refresh,L00259,Manufacturing,02/02/2026,0,Not Started,0%,,,,31/03/2026
code-of-conduct-2026,Code of Conduct Refresh,L00260,Marketing,02/02/2026,1,Completed,100%,98.3,Yes,19/03/2026,31/03/2026
code-of-conduct-2026,Code of Conduct Refresh,L00261,Sales,02/02/2026,1,Completed,100%,80.5,Yes,26/03/2026,31/03/2026
code-of-conduct-2026,Code of Conduct Refresh,L00262,Marketing,02/02/2026,0,Not Started,0%,,,,31/03/2026
code-of-conduct-2026,Code of Conduct Refresh,L00263,HR,02/02/2026,1,Completed,100%,68.0,No,30/03/2026,31/03/2026
code-of-conduct-2026,Code of Conduct Refresh,L00264,Marketing,02/02/2026,0,Not Started,0%,,,,31/03/2026
code-of-conduct-2026,Code of Conduct Refresh,L00265,Technology,02/02/2026,1,Completed,100%,85.6,Yes,29/03/2026,31/03/2026
code-of-conduct-2026,Code of Conduct Refresh,L00266,Manufacturing,02/02/2026,1,Completed,100%,90.6,Yes,19/03/2026,31/03/2026
code-of-conduct-2026,Code of Conduct Refresh,L00267,Sales,02/02/2026,0,Not Started,0%,,,,31/03/2026
code-of-conduct-2026,Code of Conduct Refresh,L00268,Manufacturing,02/02/2026,0,Not Started,0%,,,,31/03/2026
code-of-conduct-2026,Code of Conduct Refresh,L00269,HR,02/02/2026,1,Completed,100%,79.7,Yes,26/03/2026,31/03/2026
code-of-conduct-2026,Code of Conduct Refresh,L00270,Technology,02/02/2026,1,Completed,100%,77.9,Yes,31/03/2026,31/03/2026
code-of-conduct-2026,Code of Conduct Refresh,L00271,Technology,02/02/2026,1,Completed,100%,88.3,Yes,26/03/2026,31/03/2026
code-of-conduct-2026,Code of Conduct Refresh,L00272,Finance,02/02/2026,1,Completed,100%,81.7,Yes,30/03/2026,31/03/2026
code-of-conduct-2026,Code of Conduct Refresh,L00273,Technology,02/02/2026,1,Completed,100%,95.2,Yes,30/03/2026,31/03/2026
code-of-conduct-2026,Code of Conduct Refresh,L00274,Sales,02/02/2026,0,Not Started,0%,,,,31/03/2026
code-of-conduct-2026,Code of Conduct Refresh,L00275,Technology,02/02/2026,1,Completed,100%,70.3,Yes,31/03/2026,31/03/2026
code-of-conduct-2026,Code of Conduct Refresh,L00276,Manufacturing,02/02/2026,1,In Progress,70%,,,,31/03/2026
code-of-conduct-2026,Code of Conduct Refresh,L00277,Legal,02/02/2026,1,Completed,100%,81.9,Yes,29/03/2026,31/03/2026
code-of-conduct-2026,Code of Conduct Refresh,L00278,Marketing,02/02/2026,0,Not Started,0%,,,,31/03/2026
code-of-conduct-2026,Code of Conduct Refresh,L00279,Finance,02/02/2026,1,Completed,100%,81.0,Yes,31/03/2026,31/03/2026
code-of-conduct-2026,Code of Conduct Refresh,L00280,Marketing,02/02/2026,1,Completed,100%,74.0,Yes,31/03/2026,31/03/2026
code-of-conduct-2026,Code of Conduct Refresh,L00281,Legal,02/02/2026,1,Completed,100%,86.7,Yes,26/03/2026,31/03/2026
code-of-conduct-2026,Code of Conduct Refresh,L00282,HR,02/02/2026,1,Completed,100%,91.5,Yes,19/03/2026,31/03/2026
code-of-conduct-2026,Code of Conduct Refresh,L00283,Technology,02/02/2026,1,Completed,100%,94.4,Yes,30/03/2026,31/03/2026
code-of-conduct-2026,Code of Conduct Refresh,L00284,Manufacturing,02/02/2026,0,Not Started,0%,,,,31/03/2026
code-of-conduct-2026,Code of Conduct Refresh,L00285,Manufacturing,02/02/2026,1,In Progress,25%,,,,31/03/2026
code-of-conduct-2026,Code of Conduct Refresh,L00286,HR,02/02/2026,1,Completed,100%,95.8,Yes,26/03/2026,31/03/2026
code-of-conduct-2026,Code of Conduct Refresh,L00287,Operations,02/02/2026,0,Not Started,0%,,,,31/03/2026
code-of-conduct-2026,Code of Conduct Refresh,L00288,Sales,02/02/2026,1,In Progress,70%,,,,31/03/2026
code-of-conduct-2026,Code of Conduct Refresh,L00289,Operations,02/02/2026,1,Completed,100%,81.3,Yes,31/03/2026,31/03/2026
code-of-conduct-2026,Code of Conduct Refresh,L00290,Manufacturing,02/02/2026,1,Completed,100%,90.1,Yes,30/03/2026,31/03/2026
code-of-conduct-2026,Code of Conduct Refresh,L00291,Manufacturing,02/02/2026,0,Not Started,0%,,,,31/03/2026
code-of-conduct-2026,Code of Conduct Refresh,L00292,Technology,02/02/2026,1,Completed,100%,78.8,Yes,29/03/2026,31/03/2026
code-of-conduct-2026,Code of Conduct Refresh,L00293,Operations,02/02/2026,0,Not Started,0%,,,,31/03/2026
code-of-conduct-2026,Code of Conduct Refresh,L00294,Manufacturing,02/02/2026,0,Not Started,0%,,,,31/03/2026
code-of-conduct-2026,Code of Conduct Refresh,L00295,Manufacturing,02/02/2026,0,Not Started,0%,,,,31/03/2026
code-of-conduct-2026,Code of Conduct Refresh,L00296,Manufacturing,02/02/2026,1,Completed,100%,88.4,Yes,31/03/2026,31/03/2026
code-of-conduct-2026,Code of Conduct Refresh,L00297,Manufacturing,02/02/2026,0,Not Started,0%,,,,31/03/2026
code-of-conduct-2026,Code of Conduct Refresh,L00298,Manufacturing,02/02/2026,1,In Progress,70%,,,,31/03/2026
code-of-conduct-2026,Code of Conduct Refresh,L00299,Marketing,02/02/2026,1,Completed,100%,82.2,Yes,31/03/2026,31/03/2026
code-of-conduct-2026,Code of Conduct Refresh,L00300,Operations,02/02/2026,0,Not Started,0%,,,,31/03/2026
code-of-conduct-2026,Code of Conduct Refresh,L00301,Manufacturing,02/02/2026,0,Not Started,0%,,,,31/03/2026
code-of-conduct-2026,Code of Conduct Refresh,L00302,Finance,02/02/2026,1,Completed,100%,99.7,Yes,31/03/2026,31/03/2026
code-of-conduct-2026,Code of Conduct Refresh,L00303,Manufacturing,02/02/2026,0,Not Started,0%,,,,31/03/2026
code-of-conduct-2026,Code of Conduct Refresh,L00304,Finance,02/02/2026,1,Completed,100%,77.9,Yes,06/03/2026,31/03/2026
code-of-conduct-2026,Code of Conduct Refresh,L00305,HR,02/02/2026,1,Completed,100%,92.4,Yes,19/03/2026,31/03/2026
code-of-conduct-2026,Code of Conduct Refresh,L00306,Finance,02/02/2026,1,Completed,100%,84.9,Yes,30/03/2026,31/03/2026
code-of-conduct-2026,Code of Conduct Refresh,L00307,Manufacturing,02/02/2026,0,Not Started,0%,,,,31/03/2026
code-of-conduct-2026,Code of Conduct Refresh,L00308,HR,02/02/2026,1,Completed,100%,71.3,Yes,26/03/2026,31/03/2026
code-of-conduct-2026,Code of Conduct Refresh,L00309,Manufacturing,02/02/2026,1,In Progress,55%,,,,31/03/2026
code-of-conduct-2026,Code of Conduct Refresh,L00310,Finance,02/02/2026,1,Completed,100%,83.0,Yes,31/03/2026,31/03/2026
code-of-conduct-2026,Code of Conduct Refresh,L00311,Technology,02/02/2026,1,Completed,100%,76.6,Yes,19/03/2026,31/03/2026
code-of-conduct-2026,Code of Conduct Refresh,L00312,Finance,02/02/2026,1,Completed,100%,93.0,Yes,31/03/2026,31/03/2026
code-of-conduct-2026,Code of Conduct Refresh,L00313,Manufacturing,02/02/2026,0,Not Started,0%,,,,31/03/2026
code-of-conduct-2026,Code of Conduct Refresh,L00314,Technology,02/02/2026,1,Completed,100%,85.0,Yes,29/03/2026,31/03/2026
code-of-conduct-2026,Code of Conduct Refresh,L00315,Legal,02/02/2026,1,Completed,100%,87.8,Yes,19/03/2026,31/03/2026
code-of-conduct-2026,Code of Conduct Refresh,L00316,Sales,02/02/2026,0,Not Started,0%,,,,31/03/2026
code-of-conduct-2026,Code of Conduct Refresh,L00317,Manufacturing,02/02/2026,0,Not Started,0%,,,,31/03/2026
code-of-conduct-2026,Code of Conduct Refresh,L00318,Finance,02/02/2026,1,Completed,100%,76.3,Yes,31/03/2026,31/03/2026
code-of-conduct-2026,Code of Conduct Refresh,L00319,Finance,02/02/2026,1,In Progress,70%,,,,31/03/2026
code-of-conduct-2026,Code of Conduct Refresh,L00320,Manufacturing,02/02/2026,0,Not Started,0%,,,,31/03/2026
code-of-conduct-2026,Code of Conduct Refresh,L00321,Marketing,02/02/2026,1,In Progress,40%,,,,31/03/2026
code-of-conduct-2026,Code of Conduct Refresh,L00322,Marketing,02/02/2026,1,Completed,100%,86.1,Yes,26/03/2026,31/03/2026
code-of-conduct-2026,Code of Conduct Refresh,L00323,Operations,02/02/2026,0,Not Started,0%,,,,31/03/2026
code-of-conduct-2026,Code of Conduct Refresh,L00324,Finance,02/02/2026,1,Completed,100%,69.6,No,30/03/2026,31/03/2026
code-of-conduct-2026,Code of Conduct Refresh,L00325,HR,02/02/2026,1,Completed,100%,59.6,No,26/03/2026,31/03/2026
code-of-conduct-2026,Code of Conduct Refresh,L00326,Technology,02/02/2026,1,Completed,100%,62.3,No,26/03/2026,31/03/2026
code-of-conduct-2026,Code of Conduct Refresh,L00327,Technology,02/02/2026,1,Completed,100%,65.0,No,26/03/2026,31/03/2026
code-of-conduct-2026,Code of Conduct Refresh,L00328,Technology,02/02/2026,1,Completed,100%,83.5,Yes,26/03/2026,31/03/2026
code-of-conduct-2026,Code of Conduct Refresh,L00329,Legal,02/02/2026,1,Completed,100%,67.4,No,19/03/2026,31/03/2026
code-of-conduct-2026,Code of Conduct Refresh,L00330,Manufacturing,02/02/2026,1,In Progress,85%,,,,31/03/2026
code-of-conduct-2026,Code of Conduct Refresh,L00331,Technology,02/02/2026,1,Completed,100%,100.0,Yes,19/03/2026,31/03/2026
code-of-conduct-2026,Code of Conduct Refresh,L00332,Finance,02/02/2026,1,In Progress,85%,,,,31/03/2026
code-of-conduct-2026,Code of Conduct Refresh,L00333,Marketing,02/02/2026,0,Not Started,0%,,,,31/03/2026
code-of-conduct-2026,Code of Conduct Refresh,L00334,Finance,02/02/2026,1,Completed,100%,71.3,Yes,30/03/2026,31/03/2026
code-of-conduct-2026,Code of Conduct Refresh,L00335,Manufacturing,02/02/2026,0,Not Started,0%,,,,31/03/2026
code-of-conduct-2026,Code of Conduct Refresh,L00336,Manufacturing,02/02/2026,0,Not Started,0%,,,,31/03/2026
code-of-conduct-2026,Code of Conduct Refresh,L00337,Finance,02/02/2026,0,Not Started,0%,,,,31/03/2026
code-of-conduct-2026,Code of Conduct Refresh,L00338,Sales,02/02/2026,1,Completed,100%,91.3,Yes,31/03/2026,31/03/2026
code-of-conduct-2026,Code of Conduct Refresh,L00339,Operations,02/02/2026,1,Completed,100%,81.2,Yes,19/03/2026,31/03/2026
code-of-conduct-2026,Code of Conduct Refresh,L00340,Finance,02/02/2026,1,Completed,100%,90.1,Yes,30/03/2026,31/03/2026
code-of-conduct-2026,Code of Conduct Refresh,L00341,Sales,02/02/2026,1,In Progress,85%,,,,31/03/2026
code-of-conduct-2026,Code of Conduct Refresh,L00342,Sales,02/02/2026,0,Not Started,0%,,,,31/03/2026
code-of-conduct-2026,Code of Conduct Refresh,L00343,Manufacturing,02/02/2026,1,In Progress,70%,,,,31/03/2026
code-of-conduct-2026,Code of Conduct Refresh,L00344,Marketing,02/02/2026,0,Not Started,0%,,,,31/03/2026
code-of-conduct-2026,Code of Conduct Refresh,L00345,Manufacturing,02/02/2026,0,Not Started,0%,,,,31/03/2026
code-of-conduct-2026,Code of Conduct Refresh,L00346,Operations,02/02/2026,1,Completed,100%,83.2,Yes,06/03/2026,31/03/2026
code-of-conduct-2026,Code of Conduct Refresh,L00347,Marketing,02/02/2026,1,Completed,100%,70.8,Yes,31/03/2026,31/03/2026
code-of-conduct-2026,Code of Conduct Refresh,L00348,Operations,02/02/2026,0,Not Started,0%,,,,31/03/2026
code-of-conduct-2026,Code of Conduct Refresh,L00349,Sales,02/02/2026,1,Completed,100%,86.9,Yes,26/03/2026,31/03/2026
code-of-conduct-2026,Code of Conduct Refresh,L00350,Marketing,02/02/2026,1,Completed,100%,86.0,Yes,06/03/2026,31/03/2026
code-of-conduct-2026,Code of Conduct Refresh,L00351,Operations,02/02/2026,0,Not Started,0%,,,,31/03/2026
code-of-conduct-2026,Code of Conduct Refresh,L00352,Operations,02/02/2026,1,Completed,100%,89.3,Yes,29/03/2026,31/03/2026
code-of-conduct-2026,Code of Conduct Refresh,L00353,Manufacturing,02/02/2026,0,Not Started,0%,,,,31/03/2026
code-of-conduct-2026,Code of Conduct Refresh,L00354,Marketing,02/02/2026,0,Not Started,0%,,,,31/03/2026
code-of-conduct-2026,Code of Conduct Refresh,L00355,Legal,02/02/2026,1,Completed,100%,84.0,Yes,31/03/2026,31/03/2026
code-of-conduct-2026,Code of Conduct Refresh,L00356,Manufacturing,02/02/2026,0,Not Started,0%,,,,31/03/2026
code-of-conduct-2026,Code of Conduct Refresh,L00357,Technology,02/02/2026,1,Completed,100%,90.9,Yes,29/03/2026,31/03/2026
code-of-conduct-2026,Code of Conduct Refresh,L00358,Finance,02/02/2026,1,Completed,100%,89.3,Yes,30/03/2026,31/03/2026
code-of-conduct-2026,Code of Conduct Refresh,L00359,Finance,02/02/2026,1,Completed,100%,85.1,Yes,06/03/2026,31/03/2026
code-of-conduct-2026,Code of Conduct Refresh,L00360,Operations,02/02/2026,1,In Progress,85%,,,,31/03/2026
code-of-conduct-2026,Code of Conduct Refresh,L00361,Manufacturing,02/02/2026,0,Not Started,0%,,,,31/03/2026
code-of-conduct-2026,Code of Conduct Refresh,L00362,Technology,02/02/2026,1,Completed,100%,89.5,Yes,06/03/2026,31/03/2026
code-of-conduct-2026,Code of Conduct Refresh,L00363,Manufacturing,02/02/2026,1,In Progress,40%,,,,31/03/2026
code-of-conduct-2026,Code of Conduct Refresh,L00364,Technology,02/02/2026,1,Completed,100%,100.0,Yes,19/03/2026,31/03/2026
code-of-conduct-2026,Code of Conduct Refresh,L00365,Manufacturing,02/02/2026,0,Not Started,0%,,,,31/03/2026
code-of-conduct-2026,Code of Conduct Refresh,L00366,Sales,02/02/2026,1,Completed,100%,81.2,Yes,31/03/2026,31/03/2026
code-of-conduct-2026,Code of Conduct Refresh,L00367,Manufacturing,02/02/2026,0,Not Started,0%,,,,31/03/2026
code-of-conduct-2026,Code of Conduct Refresh,L00368,Marketing,02/02/2026,1,In Progress,40%,,,,31/03/2026
code-of-conduct-2026,Code of Conduct Refresh,L00369,Operations,02/02/2026,1,Completed,100%,78.9,Yes,19/03/2026,31/03/2026
code-of-conduct-2026,Code of Conduct Refresh,L00370,Manufacturing,02/02/2026,0,Not Started,0%,,,,31/03/2026
code-of-conduct-2026,Code of Conduct Refresh,L00371,HR,02/02/2026,1,Completed,100%,84.0,Yes,19/03/2026,31/03/2026
code-of-conduct-2026,Code of Conduct Refresh,L00372,Operations,02/02/2026,1,In Progress,85%,,,,31/03/2026
code-of-conduct-2026,Code of Conduct Refresh,L00373,Manufacturing,02/02/2026,0,Not Started,0%,,,,31/03/2026
code-of-conduct-2026,Code of Conduct Refresh,L00374,Manufacturing,02/02/2026,0,Not Started,0%,,,,31/03/2026
code-of-conduct-2026,Code of Conduct Refresh,L00375,Operations,02/02/2026,0,Not Started,0%,,,,31/03/2026
code-of-conduct-2026,Code of Conduct Refresh,L00376,Sales,02/02/2026,1,In Progress,70%,,,,31/03/2026
code-of-conduct-2026,Code of Conduct Refresh,L00377,Manufacturing,02/02/2026,1,Completed,100%,86.8,Yes,31/03/2026,31/03/2026
code-of-conduct-2026,Code of Conduct Refresh,L00378,Operations,02/02/2026,1,In Progress,70%,,,,31/03/2026
code-of-conduct-2026,Code of Conduct Refresh,L00379,Operations,02/02/2026,1,Completed,100%,77.8,Yes,31/03/2026,31/03/2026
code-of-conduct-2026,Code of Conduct Refresh,L00380,Manufacturing,02/02/2026,0,Not Started,0%,,,,31/03/2026
code-of-conduct-2026,Code of Conduct Refresh,L00381,Manufacturing,02/02/2026,0,Not Started,0%,,,,31/03/2026
code-of-conduct-2026,Code of Conduct Refresh,L00382,Sales,02/02/2026,1,Completed,100%,95.3,Yes,30/03/2026,31/03/2026
code-of-conduct-2026,Code of Conduct Refresh,L00383,Operations,02/02/2026,0,Not Started,0%,,,,31/03/2026
code-of-conduct-2026,Code of Conduct Refresh,L00384,Manufacturing,02/02/2026,1,Completed,100%,100.0,Yes,31/03/2026,31/03/2026
code-of-conduct-2026,Code of Conduct Refresh,L00385,Sales,02/02/2026,1,In Progress,70%,,,,31/03/2026
code-of-conduct-2026,Code of Conduct Refresh,L00386,Sales,02/02/2026,1,Completed,100%,84.1,Yes,30/03/2026,31/03/2026
code-of-conduct-2026,Code of Conduct Refresh,L00387,Sales,02/02/2026,1,Completed,100%,98.0,Yes,31/03/2026,31/03/2026
code-of-conduct-2026,Code of Conduct Refresh,L00388,Operations,02/02/2026,1,In Progress,70%,,,,31/03/2026
code-of-conduct-2026,Code of Conduct Refresh,L00389,Finance,02/02/2026,1,Completed,100%,88.1,Yes,31/03/2026,31/03/2026
code-of-conduct-2026,Code of Conduct Refresh,L00390,Manufacturing,02/02/2026,0,Not Started,0%,,,,31/03/2026
code-of-conduct-2026,Code of Conduct Refresh,L00391,Sales,02/02/2026,1,Completed,100%,80.1,Yes,19/03/2026,31/03/2026
code-of-conduct-2026,Code of Conduct Refresh,L00392,Sales,02/02/2026,1,Completed,100%,74.9,Yes,06/03/2026,31/03/2026
code-of-conduct-2026,Code of Conduct Refresh,L00393,Manufacturing,02/02/2026,0,Not Started,0%,,,,31/03/2026
code-of-conduct-2026,Code of Conduct Refresh,L00394,Manufacturing,02/02/2026,0,Not Started,0%,,,,31/03/2026
code-of-conduct-2026,Code of Conduct Refresh,L00395,Technology,02/02/2026,1,Completed,100%,77.7,Yes,30/03/2026,31/03/2026
code-of-conduct-2026,Code of Conduct Refresh,L00396,Manufacturing,02/02/2026,0,Not Started,0%,,,,31/03/2026
code-of-conduct-2026,Code of Conduct Refresh,L00397,Operations,02/02/2026,0,Not Started,0%,,,,31/03/2026
code-of-conduct-2026,Code of Conduct Refresh,L00398,Operations,02/02/2026,1,Completed,100%,67.6,No,19/03/2026,31/03/2026
code-of-conduct-2026,Code of Conduct Refresh,L00399,Technology,02/02/2026,1,Completed,100%,80.1,Yes,19/03/2026,31/03/2026
code-of-conduct-2026,Code of Conduct Refresh,L00400,Operations,02/02/2026,1,Completed,100%,72.7,Yes,29/03/2026,31/03/2026
code-of-conduct-2026,Code of Conduct Refresh,L00401,Legal,02/02/2026,1,Completed,100%,84.7,Yes,29/03/2026,31/03/2026
code-of-conduct-2026,Code of Conduct Refresh,L00402,Finance,02/02/2026,1,Completed,100%,86.3,Yes,30/03/2026,31/03/2026
code-of-conduct-2026,Code of Conduct Refresh,L00403,Operations,02/02/2026,1,Completed,100%,84.0,Yes,06/03/2026,31/03/2026
code-of-conduct-2026,Code of Conduct Refresh,L00404,Operations,02/02/2026,1,Completed,100%,88.4,Yes,26/03/2026,31/03/2026
code-of-conduct-2026,Code of Conduct Refresh,L00405,Operations,02/02/2026,1,Completed,100%,84.5,Yes,19/03/2026,31/03/2026
code-of-conduct-2026,Code of Conduct Refresh,L00406,Manufacturing,02/02/2026,1,In Progress,70%,,,,31/03/2026
code-of-conduct-2026,Code of Conduct Refresh,L00407,Manufacturing,02/02/2026,1,Completed,100%,83.4,Yes,06/03/2026,31/03/2026
code-of-conduct-2026,Code of Conduct Refresh,L00408,Technology,02/02/2026,1,Completed,100%,86.6,Yes,26/03/2026,31/03/2026
code-of-conduct-2026,Code of Conduct Refresh,L00409,Manufacturing,02/02/2026,0,Not Started,0%,,,,31/03/2026
code-of-conduct-2026,Code of Conduct Refresh,L00410,Manufacturing,02/02/2026,0,Not Started,0%,,,,31/03/2026
code-of-conduct-2026,Code of Conduct Refresh,L00411,Operations,02/02/2026,1,Completed,100%,89.5,Yes,31/03/2026,31/03/2026
code-of-conduct-2026,Code of Conduct Refresh,L00412,Sales,02/02/2026,1,In Progress,25%,,,,31/03/2026
code-of-conduct-2026,Code of Conduct Refresh,L00413,Manufacturing,02/02/2026,0,Not Started,0%,,,,31/03/2026
code-of-conduct-2026,Code of Conduct Refresh,L00414,Manufacturing,02/02/2026,1,In Progress,40%,,,,31/03/2026
code-of-conduct-2026,Code of Conduct Refresh,L00415,HR,02/02/2026,1,In Progress,25%,,,,31/03/2026
code-of-conduct-2026,Code of Conduct Refresh,L00416,Operations,02/02/2026,1,Completed,100%,78.1,Yes,06/03/2026,31/03/2026
code-of-conduct-2026,Code of Conduct Refresh,L00417,Manufacturing,02/02/2026,0,Not Started,0%,,,,31/03/2026
code-of-conduct-2026,Code of Conduct Refresh,L00418,Manufacturing,02/02/2026,1,Completed,100%,79.2,Yes,30/03/2026,31/03/2026
code-of-conduct-2026,Code of Conduct Refresh,L00419,Legal,02/02/2026,1,Completed,100%,88.6,Yes,26/03/2026,31/03/2026
code-of-conduct-2026,Code of Conduct Refresh,L00420,Technology,02/02/2026,1,Completed,100%,86.7,Yes,31/03/2026,31/03/2026
code-of-conduct-2026,Code of Conduct Refresh,L00421,Manufacturing,02/02/2026,0,Not Started,0%,,,,31/03/2026
code-of-conduct-2026,Code of Conduct Refresh,L00422,Technology,02/02/2026,1,Completed,100%,87.4,Yes,29/03/2026,31/03/2026
code-of-conduct-2026,Code of Conduct Refresh,L00423,Finance,02/02/2026,1,Completed,100%,71.5,Yes,19/03/2026,31/03/2026
code-of-conduct-2026,Code of Conduct Refresh,L00424,Marketing,02/02/2026,1,Completed,100%,100.0,Yes,19/03/2026,31/03/2026
code-of-conduct-2026,Code of Conduct Refresh,L00425,Manufacturing,02/02/2026,1,Completed,100%,68.8,No,19/03/2026,31/03/2026
code-of-conduct-2026,Code of Conduct Refresh,L00426,Sales,02/02/2026,1,In Progress,40%,,,,31/03/2026
code-of-conduct-2026,Code of Conduct Refresh,L00427,Operations,02/02/2026,1,Completed,100%,79.2,Yes,31/03/2026,31/03/2026
code-of-conduct-2026,Code of Conduct Refresh,L00428,Technology,02/02/2026,1,Completed,100%,85.7,Yes,31/03/2026,31/03/2026
code-of-conduct-2026,Code of Conduct Refresh,L00429,Technology,02/02/2026,1,Completed,100%,82.1,Yes,29/03/2026,31/03/2026
code-of-conduct-2026,Code of Conduct Refresh,L00430,Technology,02/02/2026,1,Completed,100%,63.2,No,26/03/2026,31/03/2026
code-of-conduct-2026,Code of Conduct Refresh,L00431,Operations,02/02/2026,1,Completed,100%,79.8,Yes,06/03/2026,31/03/2026
code-of-conduct-2026,Code of Conduct Refresh,L00432,Manufacturing,02/02/2026,1,In Progress,25%,,,,31/03/2026
code-of-conduct-2026,Code of Conduct Refresh,L00433,Manufacturing,02/02/2026,1,In Progress,40%,,,,31/03/2026
code-of-conduct-2026,Code of Conduct Refresh,L00434,Sales,02/02/2026,1,Completed,100%,76.8,Yes,30/03/2026,31/03/2026
code-of-conduct-2026,Code of Conduct Refresh,L00435,Finance,02/02/2026,1,Completed,100%,85.8,Yes,29/03/2026,31/03/2026
code-of-conduct-2026,Code of Conduct Refresh,L00436,Technology,02/02/2026,1,Completed,100%,93.5,Yes,31/03/2026,31/03/2026
code-of-conduct-2026,Code of Conduct Refresh,L00437,Manufacturing,02/02/2026,0,Not Started,0%,,,,31/03/2026
code-of-conduct-2026,Code of Conduct Refresh,L00438,HR,02/02/2026,1,Completed,100%,69.9,No,31/03/2026,31/03/2026
code-of-conduct-2026,Code of Conduct Refresh,L00439,Manufacturing,02/02/2026,1,In Progress,10%,,,,31/03/2026
code-of-conduct-2026,Code of Conduct Refresh,L00440,Technology,02/02/2026,1,Completed,100%,79.6,Yes,19/03/2026,31/03/2026
code-of-conduct-2026,Code of Conduct Refresh,L00441,HR,02/02/2026,1,Completed,100%,63.0,No,31/03/2026,31/03/2026
code-of-conduct-2026,Code of Conduct Refresh,L00442,HR,02/02/2026,1,Completed,100%,98.9,Yes,31/03/2026,31/03/2026
code-of-conduct-2026,Code of Conduct Refresh,L00443,Operations,02/02/2026,1,Completed,100%,72.6,Yes,26/03/2026,31/03/2026
code-of-conduct-2026,Code of Conduct Refresh,L00444,Manufacturing,02/02/2026,1,Completed,100%,75.1,Yes,31/03/2026,31/03/2026
code-of-conduct-2026,Code of Conduct Refresh,L00445,Marketing,02/02/2026,1,Completed,100%,91.7,Yes,29/03/2026,31/03/2026
code-of-conduct-2026,Code of Conduct Refresh,L00446,Finance,02/02/2026,1,Completed,100%,95.2,Yes,29/03/2026,31/03/2026
code-of-conduct-2026,Code of Conduct Refresh,L00447,Technology,02/02/2026,1,Completed,100%,71.8,Yes,31/03/2026,31/03/2026
code-of-conduct-2026,Code of Conduct Refresh,L00448,Technology,02/02/2026,1,Completed,100%,73.2,Yes,29/03/2026,31/03/2026
code-of-conduct-2026,Code of Conduct Refresh,L00449,Operations,02/02/2026,0,Not Started,0%,,,,31/03/2026
code-of-conduct-2026,Code of Conduct Refresh,L00450,Technology,02/02/2026,1,Completed,100%,78.3,Yes,26/03/2026,31/03/2026
code-of-conduct-2026,Code of Conduct Refresh,L00451,Sales,02/02/2026,1,Completed,100%,87.8,Yes,06/03/2026,31/03/2026
code-of-conduct-2026,Code of Conduct Refresh,L00452,Technology,02/02/2026,1,Completed,100%,93.2,Yes,31/03/2026,31/03/2026
code-of-conduct-2026,Code of Conduct Refresh,L00453,Manufacturing,02/02/2026,0,Not Started,0%,,,,31/03/2026
code-of-conduct-2026,Code of Conduct Refresh,L00454,Manufacturing,02/02/2026,1,In Progress,25%,,,,31/03/2026
code-of-conduct-2026,Code of Conduct Refresh,L00455,Technology,02/02/2026,1,Completed,100%,67.2,No,26/03/2026,31/03/2026
code-of-conduct-2026,Code of Conduct Refresh,L00456,Technology,02/02/2026,1,Completed,100%,69.5,No,26/03/2026,31/03/2026
code-of-conduct-2026,Code of Conduct Refresh,L00457,Marketing,02/02/2026,1,Completed,100%,77.2,Yes,06/03/2026,31/03/2026
code-of-conduct-2026,Code of Conduct Refresh,L00458,Manufacturing,02/02/2026,0,Not Started,0%,,,,31/03/2026
code-of-conduct-2026,Code of Conduct Refresh,L00459,HR,02/02/2026,1,Completed,100%,91.8,Yes,29/03/2026,31/03/2026
code-of-conduct-2026,Code of Conduct Refresh,L00460,Manufacturing,02/02/2026,1,Completed,100%,87.5,Yes,31/03/2026,31/03/2026
code-of-conduct-2026,Code of Conduct Refresh,L00461,Sales,02/02/2026,1,Completed,100%,76.3,Yes,31/03/2026,31/03/2026
code-of-conduct-2026,Code of Conduct Refresh,L00462,Marketing,02/02/2026,1,Completed,100%,82.0,Yes,30/03/2026,31/03/2026
code-of-conduct-2026,Code of Conduct Refresh,L00463,Finance,02/02/2026,1,Completed,100%,86.8,Yes,06/03/2026,31/03/2026
code-of-conduct-2026,Code of Conduct Refresh,L00464,Marketing,02/02/2026,1,Completed,100%,86.7,Yes,31/03/2026,31/03/2026
code-of-conduct-2026,Code of Conduct Refresh,L00465,Legal,02/02/2026,1,Completed,100%,78.0,Yes,06/03/2026,31/03/2026
code-of-conduct-2026,Code of Conduct Refresh,L00466,Operations,02/02/2026,0,Not Started,0%,,,,31/03/2026
code-of-conduct-2026,Code of Conduct Refresh,L00467,Sales,02/02/2026,1,In Progress,10%,,,,31/03/2026
code-of-conduct-2026,Code of Conduct Refresh,L00468,Operations,02/02/2026,0,Not Started,0%,,,,31/03/2026
code-of-conduct-2026,Code of Conduct Refresh,L00469,Legal,02/02/2026,0,Not Started,0%,,,,31/03/2026
code-of-conduct-2026,Code of Conduct Refresh,L00470,Marketing,02/02/2026,1,Completed,100%,74.3,Yes,29/03/2026,31/03/2026
code-of-conduct-2026,Code of Conduct Refresh,L00471,Technology,02/02/2026,1,Completed,100%,87.6,Yes,19/03/2026,31/03/2026
code-of-conduct-2026,Code of Conduct Refresh,L00472,Finance,02/02/2026,1,Completed,100%,81.1,Yes,19/03/2026,31/03/2026
code-of-conduct-2026,Code of Conduct Refresh,L00473,Legal,02/02/2026,1,Completed,100%,76.2,Yes,19/03/2026,31/03/2026
code-of-conduct-2026,Code of Conduct Refresh,L00474,Sales,02/02/2026,1,Completed,100%,84.6,Yes,30/03/2026,31/03/2026
code-of-conduct-2026,Code of Conduct Refresh,L00475,Marketing,02/02/2026,1,Completed,100%,75.9,Yes,06/03/2026,31/03/2026
code-of-conduct-2026,Code of Conduct Refresh,L00476,Marketing,02/02/2026,1,Completed,100%,71.9,Yes,06/03/2026,31/03/2026
code-of-conduct-2026,Code of Conduct Refresh,L00477,Sales,02/02/2026,1,Completed,100%,84.1,Yes,31/03/2026,31/03/2026
code-of-conduct-2026,Code of Conduct Refresh,L00478,Marketing,02/02/2026,1,Completed,100%,78.2,Yes,19/03/2026,31/03/2026
code-of-conduct-2026,Code of Conduct Refresh,L00479,Operations,02/02/2026,1,In Progress,85%,,,,31/03/2026
code-of-conduct-2026,Code of Conduct Refresh,L00480,Manufacturing,02/02/2026,0,Not Started,0%,,,,31/03/2026
code-of-conduct-2026,Code of Conduct Refresh,L00481,Operations,02/02/2026,1,Completed,100%,84.4,Yes,19/03/2026,31/03/2026
code-of-conduct-2026,Code of Conduct Refresh,L00482,Sales,02/02/2026,1,In Progress,70%,,,,31/03/2026
code-of-conduct-2026,Code of Conduct Refresh,L00483,Marketing,02/02/2026,1,Completed,100%,82.1,Yes,26/03/2026,31/03/2026
code-of-conduct-2026,Code of Conduct Refresh,L00484,Sales,02/02/2026,1,Completed,100%,66.6,No,30/03/2026,31/03/2026
code-of-conduct-2026,Code of Conduct Refresh,L00485,Technology,02/02/2026,1,Completed,100%,70.8,Yes,29/03/2026,31/03/2026
code-of-conduct-2026,Code of Conduct Refresh,L00486,Technology,02/02/2026,1,Completed,100%,67.1,No,26/03/2026,31/03/2026
code-of-conduct-2026,Code of Conduct Refresh,L00487,Operations,02/02/2026,1,Completed,100%,81.7,Yes,26/03/2026,31/03/2026
code-of-conduct-2026,Code of Conduct Refresh,L00488,Legal,02/02/2026,1,Completed,100%,81.6,Yes,26/03/2026,31/03/2026
code-of-conduct-2026,Code of Conduct Refresh,L00489,Marketing,02/02/2026,1,Completed,100%,93.5,Yes,30/03/2026,31/03/2026
code-of-conduct-2026,Code of Conduct Refresh,L00490,Legal,02/02/2026,1,Completed,100%,73.2,Yes,26/03/2026,31/03/2026
code-of-conduct-2026,Code of Conduct Refresh,L00491,Operations,02/02/2026,1,Completed,100%,74.4,Yes,30/03/2026,31/03/2026
code-of-conduct-2026,Code of Conduct Refresh,L00492,Operations,02/02/2026,1,Completed,100%,84.5,Yes,29/03/2026,31/03/2026
code-of-conduct-2026,Code of Conduct Refresh,L00493,Sales,02/02/2026,1,Completed,100%,78.9,Yes,06/03/2026,31/03/2026
code-of-conduct-2026,Code of Conduct Refresh,L00494,Operations,02/02/2026,1,In Progress,25%,,,,31/03/2026
code-of-conduct-2026,Code of Conduct Refresh,L00495,Sales,02/02/2026,1,Completed,100%,59.2,No,29/03/2026,31/03/2026
code-of-conduct-2026,Code of Conduct Refresh,L00496,Operations,02/02/2026,1,Completed,100%,79.9,Yes,06/03/2026,31/03/2026
code-of-conduct-2026,Code of Conduct Refresh,L00497,Marketing,02/02/2026,1,Completed,100%,82.0,Yes,26/03/2026,31/03/2026
code-of-conduct-2026,Code of Conduct Refresh,L00498,Sales,02/02/2026,1,In Progress,40%,,,,31/03/2026
code-of-conduct-2026,Code of Conduct Refresh,L00499,Operations,02/02/2026,1,Completed,100%,83.1,Yes,31/03/2026,31/03/2026
code-of-conduct-2026,Code of Conduct Refresh,L00500,Manufacturing,02/02/2026,0,Not Started,0%,,,,31/03/2026
code-of-conduct-2026,Code of Conduct Refresh,L00501,Manufacturing,02/02/2026,1,Completed,100%,69.6,No,06/03/2026,31/03/2026
code-of-conduct-2026,Code of Conduct Refresh,L00502,Technology,02/02/2026,1,Completed,100%,79.7,Yes,06/03/2026,31/03/2026
code-of-conduct-2026,Code of Conduct Refresh,L00503,Manufacturing,02/02/2026,0,Not Started,0%,,,,31/03/2026
code-of-conduct-2026,Code of Conduct Refresh,L00504,Manufacturing,02/02/2026,0,Not Started,0%,,,,31/03/2026
code-of-conduct-2026,Code of Conduct Refresh,L00505,Marketing,02/02/2026,1,Completed,100%,94.6,Yes,31/03/2026,31/03/2026
code-of-conduct-2026,Code of Conduct Refresh,L00506,Manufacturing,02/02/2026,1,In Progress,40%,,,,31/03/2026
code-of-conduct-2026,Code of Conduct Refresh,L00507,Marketing,02/02/2026,1,Completed,100%,80.8,Yes,19/03/2026,31/03/2026
code-of-conduct-2026,Code of Conduct Refresh,L00508,Finance,02/02/2026,1,Completed,100%,78.0,Yes,29/03/2026,31/03/2026
code-of-conduct-2026,Code of Conduct Refresh,L00509,Finance,02/02/2026,1,Completed,100%,82.2,Yes,31/03/2026,31/03/2026
code-of-conduct-2026,Code of Conduct Refresh,L00510,Marketing,02/02/2026,1,Completed,100%,92.2,Yes,31/03/2026,31/03/2026
code-of-conduct-2026,Code of Conduct Refresh,L00511,Legal,02/02/2026,1,In Progress,40%,,,,31/03/2026
code-of-conduct-2026,Code of Conduct Refresh,L00512,Technology,02/02/2026,1,Completed,100%,79.5,Yes,06/03/2026,31/03/2026
code-of-conduct-2026,Code of Conduct Refresh,L00513,Manufacturing,02/02/2026,1,In Progress,55%,,,,31/03/2026
code-of-conduct-2026,Code of Conduct Refresh,L00514,Sales,02/02/2026,1,In Progress,85%,,,,31/03/2026
code-of-conduct-2026,Code of Conduct Refresh,L00515,Finance,02/02/2026,1,Completed,100%,75.3,Yes,19/03/2026,31/03/2026
code-of-conduct-2026,Code of Conduct Refresh,L00516,Operations,02/02/2026,1,Completed,100%,91.6,Yes,31/03/2026,31/03/2026
code-of-conduct-2026,Code of Conduct Refresh,L00517,Manufacturing,02/02/2026,1,Completed,100%,73.5,Yes,31/03/2026,31/03/2026
code-of-conduct-2026,Code of Conduct Refresh,L00518,Sales,02/02/2026,1,Completed,100%,91.6,Yes,31/03/2026,31/03/2026
code-of-conduct-2026,Code of Conduct Refresh,L00519,Operations,02/02/2026,0,Not Started,0%,,,,31/03/2026
code-of-conduct-2026,Code of Conduct Refresh,L00520,Operations,02/02/2026,0,Not Started,0%,,,,31/03/2026
code-of-conduct-2026,Code of Conduct Refresh,L00521,Manufacturing,02/02/2026,0,Not Started,0%,,,,31/03/2026
code-of-conduct-2026,Code of Conduct Refresh,L00522,Sales,02/02/2026,1,In Progress,10%,,,,31/03/2026
code-of-conduct-2026,Code of Conduct Refresh,L00523,Marketing,02/02/2026,1,Completed,100%,81.3,Yes,26/03/2026,31/03/2026
code-of-conduct-2026,Code of Conduct Refresh,L00524,Operations,02/02/2026,1,Completed,100%,98.0,Yes,30/03/2026,31/03/2026
code-of-conduct-2026,Code of Conduct Refresh,L00525,Manufacturing,02/02/2026,0,Not Started,0%,,,,31/03/2026
code-of-conduct-2026,Code of Conduct Refresh,L00526,Marketing,02/02/2026,1,Completed,100%,84.7,Yes,29/03/2026,31/03/2026
code-of-conduct-2026,Code of Conduct Refresh,L00527,Manufacturing,02/02/2026,1,In Progress,40%,,,,31/03/2026
code-of-conduct-2026,Code of Conduct Refresh,L00528,Manufacturing,02/02/2026,1,In Progress,55%,,,,31/03/2026
code-of-conduct-2026,Code of Conduct Refresh,L00529,Manufacturing,02/02/2026,0,Not Started,0%,,,,31/03/2026
code-of-conduct-2026,Code of Conduct Refresh,L00530,Sales,02/02/2026,1,In Progress,55%,,,,31/03/2026
code-of-conduct-2026,Code of Conduct Refresh,L00531,Manufacturing,02/02/2026,0,Not Started,0%,,,,31/03/2026
code-of-conduct-2026,Code of Conduct Refresh,L00532,Operations,02/02/2026,0,Not Started,0%,,,,31/03/2026
code-of-conduct-2026,Code of Conduct Refresh,L00533,Manufacturing,02/02/2026,0,Not Started,0%,,,,31/03/2026
code-of-conduct-2026,Code of Conduct Refresh,L00534,Sales,02/02/2026,0,Not Started,0%,,,,31/03/2026
code-of-conduct-2026,Code of Conduct Refresh,L00535,Technology,02/02/2026,1,Completed,100%,90.4,Yes,26/03/2026,31/03/2026
code-of-conduct-2026,Code of Conduct Refresh,L00536,Manufacturing,02/02/2026,1,Completed,100%,91.6,Yes,19/03/2026,31/03/2026
code-of-conduct-2026,Code of Conduct Refresh,L00537,Technology,02/02/2026,1,Completed,100%,69.9,No,06/03/2026,31/03/2026
code-of-conduct-2026,Code of Conduct Refresh,L00538,Marketing,02/02/2026,1,Completed,100%,86.7,Yes,26/03/2026,31/03/2026
code-of-conduct-2026,Code of Conduct Refresh,L00539,Marketing,02/02/2026,1,Completed,100%,68.4,No,31/03/2026,31/03/2026
code-of-conduct-2026,Code of Conduct Refresh,L00540,Technology,02/02/2026,1,Completed,100%,89.6,Yes,19/03/2026,31/03/2026
code-of-conduct-2026,Code of Conduct Refresh,L00541,Technology,02/02/2026,1,Completed,100%,74.6,Yes,19/03/2026,31/03/2026
code-of-conduct-2026,Code of Conduct Refresh,L00542,Marketing,02/02/2026,1,Completed,100%,87.1,Yes,30/03/2026,31/03/2026
code-of-conduct-2026,Code of Conduct Refresh,L00543,Manufacturing,02/02/2026,0,Not Started,0%,,,,31/03/2026
code-of-conduct-2026,Code of Conduct Refresh,L00544,Operations,02/02/2026,1,Completed,100%,75.9,Yes,19/03/2026,31/03/2026
code-of-conduct-2026,Code of Conduct Refresh,L00545,Legal,02/02/2026,1,Completed,100%,80.0,Yes,31/03/2026,31/03/2026
code-of-conduct-2026,Code of Conduct Refresh,L00546,HR,02/02/2026,1,Completed,100%,98.0,Yes,29/03/2026,31/03/2026
code-of-conduct-2026,Code of Conduct Refresh,L00547,Manufacturing,02/02/2026,1,Completed,100%,83.0,Yes,19/03/2026,31/03/2026
code-of-conduct-2026,Code of Conduct Refresh,L00548,Manufacturing,02/02/2026,0,Not Started,0%,,,,31/03/2026
code-of-conduct-2026,Code of Conduct Refresh,L00549,Manufacturing,02/02/2026,0,Not Started,0%,,,,31/03/2026
code-of-conduct-2026,Code of Conduct Refresh,L00550,Technology,02/02/2026,1,Completed,100%,93.7,Yes,30/03/2026,31/03/2026
code-of-conduct-2026,Code of Conduct Refresh,L00551,Marketing,02/02/2026,1,Completed,100%,93.5,Yes,26/03/2026,31/03/2026
code-of-conduct-2026,Code of Conduct Refresh,L00552,Marketing,02/02/2026,1,Completed,100%,91.1,Yes,19/03/2026,31/03/2026
code-of-conduct-2026,Code of Conduct Refresh,L00553,Manufacturing,02/02/2026,1,Completed,100%,85.4,Yes,26/03/2026,31/03/2026
code-of-conduct-2026,Code of Conduct Refresh,L00554,Operations,02/02/2026,0,Not Started,0%,,,,31/03/2026
code-of-conduct-2026,Code of Conduct Refresh,L00555,Sales,02/02/2026,0,Not Started,0%,,,,31/03/2026
code-of-conduct-2026,Code of Conduct Refresh,L00556,Technology,02/02/2026,1,Completed,100%,82.7,Yes,30/03/2026,31/03/2026
code-of-conduct-2026,Code of Conduct Refresh,L00557,Manufacturing,02/02/2026,0,Not Started,0%,,,,31/03/2026
code-of-conduct-2026,Code of Conduct Refresh,L00558,Technology,02/02/2026,1,Completed,100%,80.3,Yes,26/03/2026,31/03/2026
code-of-conduct-2026,Code of Conduct Refresh,L00559,Operations,02/02/2026,1,Completed,100%,70.8,Yes,19/03/2026,31/03/2026
code-of-conduct-2026,Code of Conduct Refresh,L00560,Operations,02/02/2026,0,Not Started,0%,,,,31/03/2026
code-of-conduct-2026,Code of Conduct Refresh,L00561,Manufacturing,02/02/2026,1,In Progress,55%,,,,31/03/2026
code-of-conduct-2026,Code of Conduct Refresh,L00562,Marketing,02/02/2026,1,Completed,100%,79.3,Yes,19/03/2026,31/03/2026
code-of-conduct-2026,Code of Conduct Refresh,L00563,Finance,02/02/2026,1,Completed,100%,87.1,Yes,26/03/2026,31/03/2026
code-of-conduct-2026,Code of Conduct Refresh,L00564,Manufacturing,02/02/2026,1,Completed,100%,67.7,No,29/03/2026,31/03/2026
code-of-conduct-2026,Code of Conduct Refresh,L00565,Manufacturing,02/02/2026,0,Not Started,0%,,,,31/03/2026
code-of-conduct-2026,Code of Conduct Refresh,L00566,Technology,02/02/2026,1,Completed,100%,87.9,Yes,29/03/2026,31/03/2026
code-of-conduct-2026,Code of Conduct Refresh,L00567,Marketing,02/02/2026,1,Completed,100%,82.8,Yes,29/03/2026,31/03/2026
code-of-conduct-2026,Code of Conduct Refresh,L00568,Marketing,02/02/2026,0,Not Started,0%,,,,31/03/2026
code-of-conduct-2026,Code of Conduct Refresh,L00569,Sales,02/02/2026,1,Completed,100%,75.1,Yes,31/03/2026,31/03/2026
code-of-conduct-2026,Code of Conduct Refresh,L00570,Manufacturing,02/02/2026,1,In Progress,10%,,,,31/03/2026
code-of-conduct-2026,Code of Conduct Refresh,L00571,Sales,02/02/2026,0,Not Started,0%,,,,31/03/2026
code-of-conduct-2026,Code of Conduct Refresh,L00572,HR,02/02/2026,1,Completed,100%,89.6,Yes,19/03/2026,31/03/2026
code-of-conduct-2026,Code of Conduct Refresh,L00573,Technology,02/02/2026,1,Completed,100%,84.5,Yes,06/03/2026,31/03/2026
code-of-conduct-2026,Code of Conduct Refresh,L00574,Finance,02/02/2026,1,Completed,100%,80.5,Yes,30/03/2026,31/03/2026
code-of-conduct-2026,Code of Conduct Refresh,L00575,Manufacturing,02/02/2026,1,Completed,100%,73.0,Yes,19/03/2026,31/03/2026
code-of-conduct-2026,Code of Conduct Refresh,L00576,Technology,02/02/2026,1,Completed,100%,75.0,Yes,06/03/2026,31/03/2026
code-of-conduct-2026,Code of Conduct Refresh,L00577,Operations,02/02/2026,1,Completed,100%,87.8,Yes,26/03/2026,31/03/2026
code-of-conduct-2026,Code of Conduct Refresh,L00578,Marketing,02/02/2026,1,Completed,100%,88.4,Yes,06/03/2026,31/03/2026
code-of-conduct-2026,Code of Conduct Refresh,L00579,Operations,02/02/2026,1,In Progress,25%,,,,31/03/2026
code-of-conduct-2026,Code of Conduct Refresh,L00580,Operations,02/02/2026,1,Completed,100%,77.9,Yes,30/03/2026,31/03/2026
code-of-conduct-2026,Code of Conduct Refresh,L00581,Marketing,02/02/2026,0,Not Started,0%,,,,31/03/2026
code-of-conduct-2026,Code of Conduct Refresh,L00582,Operations,02/02/2026,1,Completed,100%,79.2,Yes,19/03/2026,31/03/2026
code-of-conduct-2026,Code of Conduct Refresh,L00583,Operations,02/02/2026,1,In Progress,85%,,,,31/03/2026
code-of-conduct-2026,Code of Conduct Refresh,L00584,Manufacturing,02/02/2026,0,Not Started,0%,,,,31/03/2026
code-of-conduct-2026,Code of Conduct Refresh,L00585,Finance,02/02/2026,1,Completed,100%,82.8,Yes,26/03/2026,31/03/2026
code-of-conduct-2026,Code of Conduct Refresh,L00586,Legal,02/02/2026,0,Not Started,0%,,,,31/03/2026
code-of-conduct-2026,Code of Conduct Refresh,L00587,Manufacturing,02/02/2026,0,Not Started,0%,,,,31/03/2026
code-of-conduct-2026,Code of Conduct Refresh,L00588,Operations,02/02/2026,1,Completed,100%,77.5,Yes,30/03/2026,31/03/2026
code-of-conduct-2026,Code of Conduct Refresh,L00589,Technology,02/02/2026,1,Completed,100%,83.9,Yes,26/03/2026,31/03/2026
code-of-conduct-2026,Code of Conduct Refresh,L00590,Finance,02/02/2026,1,Completed,100%,82.4,Yes,26/03/2026,31/03/2026
code-of-conduct-2026,Code of Conduct Refresh,L00591,Operations,02/02/2026,1,Completed,100%,72.1,Yes,31/03/2026,31/03/2026
code-of-conduct-2026,Code of Conduct Refresh,L00592,Manufacturing,02/02/2026,0,Not Started,0%,,,,31/03/2026
code-of-conduct-2026,Code of Conduct Refresh,L00593,HR,02/02/2026,1,Completed,100%,69.6,No,30/03/2026,31/03/2026
code-of-conduct-2026,Code of Conduct Refresh,L00594,Marketing,02/02/2026,1,Completed,100%,78.9,Yes,29/03/2026,31/03/2026
code-of-conduct-2026,Code of Conduct Refresh,L00595,Marketing,02/02/2026,1,Completed,100%,77.9,Yes,31/03/2026,31/03/2026
code-of-conduct-2026,Code of Conduct Refresh,L00596,Operations,02/02/2026,1,Completed,100%,93.9,Yes,31/03/2026,31/03/2026
code-of-conduct-2026,Code of Conduct Refresh,L00597,Technology,02/02/2026,1,Completed,100%,86.9,Yes,26/03/2026,31/03/2026
code-of-conduct-2026,Code of Conduct Refresh,L00598,Manufacturing,02/02/2026,0,Not Started,0%,,,,31/03/2026
code-of-conduct-2026,Code of Conduct Refresh,L00599,Operations,02/02/2026,1,Completed,100%,90.8,Yes,30/03/2026,31/03/2026
code-of-conduct-2026,Code of Conduct Refresh,L00600,Technology,02/02/2026,1,Completed,100%,81.1,Yes,19/03/2026,31/03/2026
code-of-conduct-2026,Code of Conduct Refresh,L00601,Manufacturing,02/02/2026,0,Not Started,0%,,,,31/03/2026
code-of-conduct-2026,Code of Conduct Refresh,L00602,Marketing,02/02/2026,1,Completed,100%,98.1,Yes,31/03/2026,31/03/2026
code-of-conduct-2026,Code of Conduct Refresh,L00603,Manufacturing,02/02/2026,0,Not Started,0%,,,,31/03/2026
code-of-conduct-2026,Code of Conduct Refresh,L00604,Operations,02/02/2026,0,Not Started,0%,,,,31/03/2026
code-of-conduct-2026,Code of Conduct Refresh,L00605,Manufacturing,02/02/2026,1,Completed,100%,80.8,Yes,19/03/2026,31/03/2026
code-of-conduct-2026,Code of Conduct Refresh,L00606,Sales,02/02/2026,1,Completed,100%,76.9,Yes,30/03/2026,31/03/2026
code-of-conduct-2026,Code of Conduct Refresh,L00607,Marketing,02/02/2026,1,Completed,100%,68.8,No,19/03/2026,31/03/2026
code-of-conduct-2026,Code of Conduct Refresh,L00608,Technology,02/02/2026,1,Completed,100%,84.4,Yes,19/03/2026,31/03/2026
code-of-conduct-2026,Code of Conduct Refresh,L00609,Operations,02/02/2026,1,Completed,100%,64.1,No,30/03/2026,31/03/2026
code-of-conduct-2026,Code of Conduct Refresh,L00610,Manufacturing,02/02/2026,0,Not Started,0%,,,,31/03/2026
code-of-conduct-2026,Code of Conduct Refresh,L00611,Sales,02/02/2026,1,In Progress,25%,,,,31/03/2026
code-of-conduct-2026,Code of Conduct Refresh,L00612,Manufacturing,02/02/2026,1,Completed,100%,81.8,Yes,19/03/2026,31/03/2026
code-of-conduct-2026,Code of Conduct Refresh,L00613,Marketing,02/02/2026,1,Completed,100%,79.7,Yes,19/03/2026,31/03/2026
code-of-conduct-2026,Code of Conduct Refresh,L00614,Sales,02/02/2026,1,Completed,100%,87.1,Yes,30/03/2026,31/03/2026
code-of-conduct-2026,Code of Conduct Refresh,L00615,HR,02/02/2026,1,Completed,100%,81.3,Yes,31/03/2026,31/03/2026
code-of-conduct-2026,Code of Conduct Refresh,L00616,Manufacturing,02/02/2026,1,Completed,100%,66.1,No,31/03/2026,31/03/2026
code-of-conduct-2026,Code of Conduct Refresh,L00617,Marketing,02/02/2026,1,Completed,100%,97.7,Yes,30/03/2026,31/03/2026
code-of-conduct-2026,Code of Conduct Refresh,L00618,Operations,02/02/2026,0,Not Started,0%,,,,31/03/2026
code-of-conduct-2026,Code of Conduct Refresh,L00619,Manufacturing,02/02/2026,0,Not Started,0%,,,,31/03/2026
code-of-conduct-2026,Code of Conduct Refresh,L00620,Legal,02/02/2026,1,Completed,100%,90.3,Yes,30/03/2026,31/03/2026
code-of-conduct-2026,Code of Conduct Refresh,L00621,Technology,02/02/2026,1,Completed,100%,62.3,No,26/03/2026,31/03/2026
code-of-conduct-2026,Code of Conduct Refresh,L00622,Legal,02/02/2026,1,In Progress,85%,,,,31/03/2026
code-of-conduct-2026,Code of Conduct Refresh,L00623,Manufacturing,02/02/2026,0,Not Started,0%,,,,31/03/2026
code-of-conduct-2026,Code of Conduct Refresh,L00624,Manufacturing,02/02/2026,1,Completed,100%,82.4,Yes,06/03/2026,31/03/2026
code-of-conduct-2026,Code of Conduct Refresh,L00625,Operations,02/02/2026,1,Completed,100%,84.4,Yes,30/03/2026,31/03/2026
code-of-conduct-2026,Code of Conduct Refresh,L00626,Technology,02/02/2026,1,Completed,100%,96.2,Yes,31/03/2026,31/03/2026
code-of-conduct-2026,Code of Conduct Refresh,L00627,Technology,02/02/2026,1,Completed,100%,84.5,Yes,30/03/2026,31/03/2026
code-of-conduct-2026,Code of Conduct Refresh,L00628,Sales,02/02/2026,1,Completed,100%,82.0,Yes,26/03/2026,31/03/2026
code-of-conduct-2026,Code of Conduct Refresh,L00629,Sales,02/02/2026,1,Completed,100%,98.9,Yes,30/03/2026,31/03/2026
code-of-conduct-2026,Code of Conduct Refresh,L00630,Manufacturing,02/02/2026,0,Not Started,0%,,,,31/03/2026
code-of-conduct-2026,Code of Conduct Refresh,L00631,Manufacturing,02/02/2026,1,In Progress,70%,,,,31/03/2026
code-of-conduct-2026,Code of Conduct Refresh,L00632,Technology,02/02/2026,1,Completed,100%,69.3,No,19/03/2026,31/03/2026
code-of-conduct-2026,Code of Conduct Refresh,L00633,Marketing,02/02/2026,1,In Progress,10%,,,,31/03/2026
code-of-conduct-2026,Code of Conduct Refresh,L00634,Sales,02/02/2026,1,Completed,100%,64.5,No,31/03/2026,31/03/2026
code-of-conduct-2026,Code of Conduct Refresh,L00635,Operations,02/02/2026,0,Not Started,0%,,,,31/03/2026
code-of-conduct-2026,Code of Conduct Refresh,L00636,Technology,02/02/2026,1,Completed,100%,79.6,Yes,06/03/2026,31/03/2026
code-of-conduct-2026,Code of Conduct Refresh,L00637,Manufacturing,02/02/2026,0,Not Started,0%,,,,31/03/2026
code-of-conduct-2026,Code of Conduct Refresh,L00638,Operations,02/02/2026,1,Completed,100%,80.4,Yes,29/03/2026,31/03/2026
code-of-conduct-2026,Code of Conduct Refresh,L00639,Manufacturing,02/02/2026,0,Not Started,0%,,,,31/03/2026
code-of-conduct-2026,Code of Conduct Refresh,L00640,Manufacturing,02/02/2026,1,In Progress,25%,,,,31/03/2026
code-of-conduct-2026,Code of Conduct Refresh,L00641,Operations,02/02/2026,1,Completed,100%,78.1,Yes,30/03/2026,31/03/2026
code-of-conduct-2026,Code of Conduct Refresh,L00642,Manufacturing,02/02/2026,0,Not Started,0%,,,,31/03/2026
code-of-conduct-2026,Code of Conduct Refresh,L00643,HR,02/02/2026,1,Completed,100%,83.7,Yes,19/03/2026,31/03/2026
code-of-conduct-2026,Code of Conduct Refresh,L00644,Technology,02/02/2026,1,Completed,100%,78.6,Yes,30/03/2026,31/03/2026
code-of-conduct-2026,Code of Conduct Refresh,L00645,Sales,02/02/2026,0,Not Started,0%,,,,31/03/2026
code-of-conduct-2026,Code of Conduct Refresh,L00646,Finance,02/02/2026,1,Completed,100%,88.3,Yes,31/03/2026,31/03/2026
code-of-conduct-2026,Code of Conduct Refresh,L00647,Manufacturing,02/02/2026,0,Not Started,0%,,,,31/03/2026
code-of-conduct-2026,Code of Conduct Refresh,L00648,HR,02/02/2026,1,Completed,100%,89.7,Yes,26/03/2026,31/03/2026
code-of-conduct-2026,Code of Conduct Refresh,L00649,Technology,02/02/2026,1,Completed,100%,80.3,Yes,31/03/2026,31/03/2026
code-of-conduct-2026,Code of Conduct Refresh,L00650,Manufacturing,02/02/2026,0,Not Started,0%,,,,31/03/2026
code-of-conduct-2026,Code of Conduct Refresh,L00651,Technology,02/02/2026,1,Completed,100%,89.6,Yes,26/03/2026,31/03/2026
code-of-conduct-2026,Code of Conduct Refresh,L00652,Sales,02/02/2026,1,In Progress,85%,,,,31/03/2026
code-of-conduct-2026,Code of Conduct Refresh,L00653,Technology,02/02/2026,1,Completed,100%,66.7,No,06/03/2026,31/03/2026
code-of-conduct-2026,Code of Conduct Refresh,L00654,Marketing,02/02/2026,1,Completed,100%,80.1,Yes,19/03/2026,31/03/2026
code-of-conduct-2026,Code of Conduct Refresh,L00655,Manufacturing,02/02/2026,0,Not Started,0%,,,,31/03/2026
code-of-conduct-2026,Code of Conduct Refresh,L00656,Manufacturing,02/02/2026,1,In Progress,40%,,,,31/03/2026
code-of-conduct-2026,Code of Conduct Refresh,L00657,Marketing,02/02/2026,1,Completed,100%,81.0,Yes,19/03/2026,31/03/2026
code-of-conduct-2026,Code of Conduct Refresh,L00658,Sales,02/02/2026,1,Completed,100%,79.1,Yes,26/03/2026,31/03/2026
code-of-conduct-2026,Code of Conduct Refresh,L00659,Manufacturing,02/02/2026,0,Not Started,0%,,,,31/03/2026
code-of-conduct-2026,Code of Conduct Refresh,L00660,Operations,02/02/2026,0,Not Started,0%,,,,31/03/2026
code-of-conduct-2026,Code of Conduct Refresh,L00661,Sales,02/02/2026,1,Completed,100%,89.8,Yes,30/03/2026,31/03/2026
code-of-conduct-2026,Code of Conduct Refresh,L00662,Finance,02/02/2026,1,Completed,100%,90.1,Yes,19/03/2026,31/03/2026
code-of-conduct-2026,Code of Conduct Refresh,L00663,Operations,02/02/2026,1,Completed,100%,75.3,Yes,29/03/2026,31/03/2026
code-of-conduct-2026,Code of Conduct Refresh,L00664,Legal,02/02/2026,0,Not Started,0%,,,,31/03/2026
code-of-conduct-2026,Code of Conduct Refresh,L00665,Manufacturing,02/02/2026,0,Not Started,0%,,,,31/03/2026
code-of-conduct-2026,Code of Conduct Refresh,L00666,Operations,02/02/2026,1,In Progress,85%,,,,31/03/2026
code-of-conduct-2026,Code of Conduct Refresh,L00667,Sales,02/02/2026,1,In Progress,25%,,,,31/03/2026
code-of-conduct-2026,Code of Conduct Refresh,L00668,Marketing,02/02/2026,1,Completed,100%,67.9,No,30/03/2026,31/03/2026
code-of-conduct-2026,Code of Conduct Refresh,L00669,Technology,02/02/2026,1,Completed,100%,89.4,Yes,06/03/2026,31/03/2026
code-of-conduct-2026,Code of Conduct Refresh,L00670,Operations,02/02/2026,0,Not Started,0%,,,,31/03/2026
code-of-conduct-2026,Code of Conduct Refresh,L00671,Manufacturing,02/02/2026,1,In Progress,85%,,,,31/03/2026
code-of-conduct-2026,Code of Conduct Refresh,L00672,Manufacturing,02/02/2026,0,Not Started,0%,,,,31/03/2026
code-of-conduct-2026,Code of Conduct Refresh,L00673,Manufacturing,02/02/2026,1,Completed,100%,80.4,Yes,26/03/2026,31/03/2026
code-of-conduct-2026,Code of Conduct Refresh,L00674,Finance,02/02/2026,1,Completed,100%,92.7,Yes,31/03/2026,31/03/2026
code-of-conduct-2026,Code of Conduct Refresh,L00675,HR,02/02/2026,1,Completed,100%,59.5,No,19/03/2026,31/03/2026
code-of-conduct-2026,Code of Conduct Refresh,L00676,Manufacturing,02/02/2026,0,Not Started,0%,,,,31/03/2026
code-of-conduct-2026,Code of Conduct Refresh,L00677,Manufacturing,02/02/2026,0,Not Started,0%,,,,31/03/2026
code-of-conduct-2026,Code of Conduct Refresh,L00678,Technology,02/02/2026,1,Completed,100%,91.2,Yes,30/03/2026,31/03/2026
code-of-conduct-2026,Code of Conduct Refresh,L00679,Operations,02/02/2026,1,Completed,100%,75.5,Yes,26/03/2026,31/03/2026
code-of-conduct-2026,Code of Conduct Refresh,L00680,Technology,02/02/2026,1,In Progress,10%,,,,31/03/2026
code-of-conduct-2026,Code of Conduct Refresh,L00681,Manufacturing,02/02/2026,0,Not Started,0%,,,,31/03/2026
code-of-conduct-2026,Code of Conduct Refresh,L00682,Marketing,02/02/2026,1,Completed,100%,75.9,Yes,29/03/2026,31/03/2026
code-of-conduct-2026,Code of Conduct Refresh,L00683,Manufacturing,02/02/2026,1,In Progress,25%,,,,31/03/2026
code-of-conduct-2026,Code of Conduct Refresh,L00684,Manufacturing,02/02/2026,1,Completed,100%,89.1,Yes,26/03/2026,31/03/2026
code-of-conduct-2026,Code of Conduct Refresh,L00685,Manufacturing,02/02/2026,0,Not Started,0%,,,,31/03/2026
code-of-conduct-2026,Code of Conduct Refresh,L00686,Legal,02/02/2026,1,Completed,100%,83.7,Yes,06/03/2026,31/03/2026
code-of-conduct-2026,Code of Conduct Refresh,L00687,HR,02/02/2026,1,Completed,100%,89.9,Yes,30/03/2026,31/03/2026
code-of-conduct-2026,Code of Conduct Refresh,L00688,Technology,02/02/2026,1,Completed,100%,99.0,Yes,26/03/2026,31/03/2026
code-of-conduct-2026,Code of Conduct Refresh,L00689,Marketing,02/02/2026,1,Completed,100%,76.1,Yes,30/03/2026,31/03/2026
code-of-conduct-2026,Code of Conduct Refresh,L00690,Operations,02/02/2026,0,Not Started,0%,,,,31/03/2026
code-of-conduct-2026,Code of Conduct Refresh,L00691,Manufacturing,02/02/2026,0,Not Started,0%,,,,31/03/2026
code-of-conduct-2026,Code of Conduct Refresh,L00692,Manufacturing,02/02/2026,0,Not Started,0%,,,,31/03/2026
code-of-conduct-2026,Code of Conduct Refresh,L00693,Sales,02/02/2026,0,Not Started,0%,,,,31/03/2026
code-of-conduct-2026,Code of Conduct Refresh,L00694,Technology,02/02/2026,1,In Progress,40%,,,,31/03/2026
code-of-conduct-2026,Code of Conduct Refresh,L00695,Technology,02/02/2026,1,Completed,100%,88.5,Yes,26/03/2026,31/03/2026
code-of-conduct-2026,Code of Conduct Refresh,L00696,Manufacturing,02/02/2026,0,Not Started,0%,,,,31/03/2026
code-of-conduct-2026,Code of Conduct Refresh,L00697,Manufacturing,02/02/2026,0,Not Started,0%,,,,31/03/2026
code-of-conduct-2026,Code of Conduct Refresh,L00698,Technology,02/02/2026,1,Completed,100%,79.9,Yes,06/03/2026,31/03/2026
code-of-conduct-2026,Code of Conduct Refresh,L00699,Technology,02/02/2026,1,Completed,100%,76.2,Yes,26/03/2026,31/03/2026
code-of-conduct-2026,Code of Conduct Refresh,L00700,HR,02/02/2026,1,Completed,100%,82.4,Yes,31/03/2026,31/03/2026
code-of-conduct-2026,Code of Conduct Refresh,L00701,Operations,02/02/2026,0,Not Started,0%,,,,31/03/2026
code-of-conduct-2026,Code of Conduct Refresh,L00702,Marketing,02/02/2026,1,In Progress,25%,,,,31/03/2026
code-of-conduct-2026,Code of Conduct Refresh,L00703,Marketing,02/02/2026,1,Completed,100%,64.9,No,31/03/2026,31/03/2026
code-of-conduct-2026,Code of Conduct Refresh,L00704,Operations,02/02/2026,0,Not Started,0%,,,,31/03/2026
code-of-conduct-2026,Code of Conduct Refresh,L00705,Manufacturing,02/02/2026,0,Not Started,0%,,,,31/03/2026
code-of-conduct-2026,Code of Conduct Refresh,L00706,Operations,02/02/2026,1,In Progress,10%,,,,31/03/2026
code-of-conduct-2026,Code of Conduct Refresh,L00707,Sales,02/02/2026,1,Completed,100%,85.5,Yes,26/03/2026,31/03/2026
code-of-conduct-2026,Code of Conduct Refresh,L00708,Technology,02/02/2026,1,In Progress,70%,,,,31/03/2026
code-of-conduct-2026,Code of Conduct Refresh,L00709,Manufacturing,02/02/2026,0,Not Started,0%,,,,31/03/2026
code-of-conduct-2026,Code of Conduct Refresh,L00710,Technology,02/02/2026,1,Completed,100%,71.9,Yes,26/03/2026,31/03/2026
code-of-conduct-2026,Code of Conduct Refresh,L00711,Finance,02/02/2026,1,Completed,100%,94.0,Yes,26/03/2026,31/03/2026
code-of-conduct-2026,Code of Conduct Refresh,L00712,Marketing,02/02/2026,1,Completed,100%,90.0,Yes,06/03/2026,31/03/2026
code-of-conduct-2026,Code of Conduct Refresh,L00713,Manufacturing,02/02/2026,0,Not Started,0%,,,,31/03/2026
code-of-conduct-2026,Code of Conduct Refresh,L00714,Finance,02/02/2026,1,Completed,100%,74.3,Yes,06/03/2026,31/03/2026
code-of-conduct-2026,Code of Conduct Refresh,L00715,Operations,02/02/2026,0,Not Started,0%,,,,31/03/2026
code-of-conduct-2026,Code of Conduct Refresh,L00716,Manufacturing,02/02/2026,0,Not Started,0%,,,,31/03/2026
code-of-conduct-2026,Code of Conduct Refresh,L00717,Operations,02/02/2026,1,Completed,100%,61.8,No,26/03/2026,31/03/2026
code-of-conduct-2026,Code of Conduct Refresh,L00718,Manufacturing,02/02/2026,0,Not Started,0%,,,,31/03/2026
code-of-conduct-2026,Code of Conduct Refresh,L00719,Sales,02/02/2026,0,Not Started,0%,,,,31/03/2026
code-of-conduct-2026,Code of Conduct Refresh,L00720,HR,02/02/2026,1,Completed,100%,94.9,Yes,31/03/2026,31/03/2026
code-of-conduct-2026,Code of Conduct Refresh,L00721,Operations,02/02/2026,1,In Progress,70%,,,,31/03/2026
code-of-conduct-2026,Code of Conduct Refresh,L00722,HR,02/02/2026,1,Completed,100%,72.0,Yes,30/03/2026,31/03/2026
code-of-conduct-2026,Code of Conduct Refresh,L00723,Operations,02/02/2026,0,Not Started,0%,,,,31/03/2026
code-of-conduct-2026,Code of Conduct Refresh,L00724,Sales,02/02/2026,1,Completed,100%,85.1,Yes,19/03/2026,31/03/2026
code-of-conduct-2026,Code of Conduct Refresh,L00725,Manufacturing,02/02/2026,1,In Progress,40%,,,,31/03/2026
code-of-conduct-2026,Code of Conduct Refresh,L00726,Marketing,02/02/2026,1,Completed,100%,90.0,Yes,06/03/2026,31/03/2026
code-of-conduct-2026,Code of Conduct Refresh,L00727,Operations,02/02/2026,0,Not Started,0%,,,,31/03/2026
code-of-conduct-2026,Code of Conduct Refresh,L00728,Manufacturing,02/02/2026,0,Not Started,0%,,,,31/03/2026
code-of-conduct-2026,Code of Conduct Refresh,L00729,Finance,02/02/2026,1,Completed,100%,82.2,Yes,31/03/2026,31/03/2026
code-of-conduct-2026,Code of Conduct Refresh,L00730,Manufacturing,02/02/2026,0,Not Started,0%,,,,31/03/2026
code-of-conduct-2026,Code of Conduct Refresh,L00731,Operations,02/02/2026,0,Not Started,0%,,,,31/03/2026
code-of-conduct-2026,Code of Conduct Refresh,L00732,Sales,02/02/2026,1,Completed,100%,75.2,Yes,31/03/2026,31/03/2026
code-of-conduct-2026,Code of Conduct Refresh,L00733,Manufacturing,02/02/2026,0,Not Started,0%,,,,31/03/2026
code-of-conduct-2026,Code of Conduct Refresh,L00734,Legal,02/02/2026,1,In Progress,70%,,,,31/03/2026
code-of-conduct-2026,Code of Conduct Refresh,L00735,Operations,02/02/2026,0,Not Started,0%,,,,31/03/2026
code-of-conduct-2026,Code of Conduct Refresh,L00736,Operations,02/02/2026,0,Not Started,0%,,,,31/03/2026
code-of-conduct-2026,Code of Conduct Refresh,L00737,Marketing,02/02/2026,1,Completed,100%,85.0,Yes,06/03/2026,31/03/2026
code-of-conduct-2026,Code of Conduct Refresh,L00738,Finance,02/02/2026,1,Completed,100%,67.3,No,31/03/2026,31/03/2026
code-of-conduct-2026,Code of Conduct Refresh,L00739,Operations,02/02/2026,0,Not Started,0%,,,,31/03/2026
code-of-conduct-2026,Code of Conduct Refresh,L00740,Sales,02/02/2026,1,Completed,100%,84.0,Yes,29/03/2026,31/03/2026
code-of-conduct-2026,Code of Conduct Refresh,L00741,Marketing,02/02/2026,1,Completed,100%,77.0,Yes,26/03/2026,31/03/2026
code-of-conduct-2026,Code of Conduct Refresh,L00742,HR,02/02/2026,1,Completed,100%,85.5,Yes,26/03/2026,31/03/2026
code-of-conduct-2026,Code of Conduct Refresh,L00743,Technology,02/02/2026,1,Completed,100%,74.5,Yes,30/03/2026,31/03/2026
code-of-conduct-2026,Code of Conduct Refresh,L00744,Manufacturing,02/02/2026,1,In Progress,70%,,,,31/03/2026
code-of-conduct-2026,Code of Conduct Refresh,L00745,Manufacturing,02/02/2026,0,Not Started,0%,,,,31/03/2026
code-of-conduct-2026,Code of Conduct Refresh,L00746,Sales,02/02/2026,1,In Progress,10%,,,,31/03/2026
code-of-conduct-2026,Code of Conduct Refresh,L00747,Sales,02/02/2026,0,Not Started,0%,,,,31/03/2026
code-of-conduct-2026,Code of Conduct Refresh,L00748,Operations,02/02/2026,1,In Progress,70%,,,,31/03/2026
code-of-conduct-2026,Code of Conduct Refresh,L00749,Manufacturing,02/02/2026,0,Not Started,0%,,,,31/03/2026
code-of-conduct-2026,Code of Conduct Refresh,L00750,Manufacturing,02/02/2026,1,In Progress,70%,,,,31/03/2026
code-of-conduct-2026,Code of Conduct Refresh,L00751,Technology,02/02/2026,1,Completed,100%,94.5,Yes,26/03/2026,31/03/2026
code-of-conduct-2026,Code of Conduct Refresh,L00752,Manufacturing,02/02/2026,1,In Progress,85%,,,,31/03/2026
code-of-conduct-2026,Code of Conduct Refresh,L00753,Marketing,02/02/2026,1,Completed,100%,88.3,Yes,30/03/2026,31/03/2026
code-of-conduct-2026,Code of Conduct Refresh,L00754,Manufacturing,02/02/2026,0,Not Started,0%,,,,31/03/2026
code-of-conduct-2026,Code of Conduct Refresh,L00755,Manufacturing,02/02/2026,1,Completed,100%,87.5,Yes,06/03/2026,31/03/2026
code-of-conduct-2026,Code of Conduct Refresh,L00756,Legal,02/02/2026,1,Completed,100%,64.5,No,31/03/2026,31/03/2026
code-of-conduct-2026,Code of Conduct Refresh,L00757,Finance,02/02/2026,1,Completed,100%,85.5,Yes,30/03/2026,31/03/2026
code-of-conduct-2026,Code of Conduct Refresh,L00758,Marketing,02/02/2026,0,Not Started,0%,,,,31/03/2026
code-of-conduct-2026,Code of Conduct Refresh,L00759,HR,02/02/2026,1,Completed,100%,99.2,Yes,06/03/2026,31/03/2026
code-of-conduct-2026,Code of Conduct Refresh,L00760,Sales,02/02/2026,1,Completed,100%,87.0,Yes,30/03/2026,31/03/2026
code-of-conduct-2026,Code of Conduct Refresh,L00761,Operations,02/02/2026,0,Not Started,0%,,,,31/03/2026
code-of-conduct-2026,Code of Conduct Refresh,L00762,Finance,02/02/2026,1,Completed,100%,69.9,No,26/03/2026,31/03/2026
code-of-conduct-2026,Code of Conduct Refresh,L00763,Technology,02/02/2026,1,Completed,100%,85.3,Yes,31/03/2026,31/03/2026
code-of-conduct-2026,Code of Conduct Refresh,L00764,Sales,02/02/2026,0,Not Started,0%,,,,31/03/2026
code-of-conduct-2026,Code of Conduct Refresh,L00765,Technology,02/02/2026,1,Completed,100%,80.7,Yes,30/03/2026,31/03/2026
code-of-conduct-2026,Code of Conduct Refresh,L00766,Manufacturing,02/02/2026,1,Completed,100%,89.6,Yes,06/03/2026,31/03/2026
code-of-conduct-2026,Code of Conduct Refresh,L00767,Technology,02/02/2026,1,Completed,100%,65.9,No,26/03/2026,31/03/2026
code-of-conduct-2026,Code of Conduct Refresh,L00768,Manufacturing,02/02/2026,0,Not Started,0%,,,,31/03/2026
code-of-conduct-2026,Code of Conduct Refresh,L00769,Manufacturing,02/02/2026,1,In Progress,85%,,,,31/03/2026
code-of-conduct-2026,Code of Conduct Refresh,L00770,Marketing,02/02/2026,1,Completed,100%,92.9,Yes,31/03/2026,31/03/2026
code-of-conduct-2026,Code of Conduct Refresh,L00771,Manufacturing,02/02/2026,0,Not Started,0%,,,,31/03/2026
code-of-conduct-2026,Code of Conduct Refresh,L00772,Technology,02/02/2026,1,Completed,100%,94.8,Yes,19/03/2026,31/03/2026
code-of-conduct-2026,Code of Conduct Refresh,L00773,Operations,02/02/2026,1,Completed,100%,74.8,Yes,29/03/2026,31/03/2026
code-of-conduct-2026,Code of Conduct Refresh,L00774,Technology,02/02/2026,1,Completed,100%,85.4,Yes,31/03/2026,31/03/2026
code-of-conduct-2026,Code of Conduct Refresh,L00775,Technology,02/02/2026,1,Completed,100%,77.7,Yes,06/03/2026,31/03/2026
code-of-conduct-2026,Code of Conduct Refresh,L00776,HR,02/02/2026,0,Not Started,0%,,,,31/03/2026
code-of-conduct-2026,Code of Conduct Refresh,L00777,Sales,02/02/2026,1,Completed,100%,84.3,Yes,19/03/2026,31/03/2026
code-of-conduct-2026,Code of Conduct Refresh,L00778,Manufacturing,02/02/2026,0,Not Started,0%,,,,31/03/2026
code-of-conduct-2026,Code of Conduct Refresh,L00779,Manufacturing,02/02/2026,0,Not Started,0%,,,,31/03/2026
code-of-conduct-2026,Code of Conduct Refresh,L00780,Sales,02/02/2026,1,In Progress,10%,,,,31/03/2026
code-of-conduct-2026,Code of Conduct Refresh,L00781,Manufacturing,02/02/2026,0,Not Started,0%,,,,31/03/2026
code-of-conduct-2026,Code of Conduct Refresh,L00782,Manufacturing,02/02/2026,0,Not Started,0%,,,,31/03/2026
code-of-conduct-2026,Code of Conduct Refresh,L00783,Marketing,02/02/2026,1,Completed,100%,58.9,No,26/03/2026,31/03/2026
code-of-conduct-2026,Code of Conduct Refresh,L00784,Technology,02/02/2026,1,Completed,100%,93.8,Yes,26/03/2026,31/03/2026
code-of-conduct-2026,Code of Conduct Refresh,L00785,Operations,02/02/2026,0,Not Started,0%,,,,31/03/2026
code-of-conduct-2026,Code of Conduct Refresh,L00786,Technology,02/02/2026,1,Completed,100%,73.6,Yes,29/03/2026,31/03/2026
code-of-conduct-2026,Code of Conduct Refresh,L00787,HR,02/02/2026,1,In Progress,10%,,,,31/03/2026
code-of-conduct-2026,Code of Conduct Refresh,L00788,Technology,02/02/2026,1,Completed,100%,77.4,Yes,30/03/2026,31/03/2026
code-of-conduct-2026,Code of Conduct Refresh,L00789,HR,02/02/2026,1,Completed,100%,75.1,Yes,31/03/2026,31/03/2026
code-of-conduct-2026,Code of Conduct Refresh,L00790,HR,02/02/2026,0,Not Started,0%,,,,31/03/2026
code-of-conduct-2026,Code of Conduct Refresh,L00791,Marketing,02/02/2026,1,Completed,100%,81.9,Yes,31/03/2026,31/03/2026
code-of-conduct-2026,Code of Conduct Refresh,L00792,Marketing,02/02/2026,1,Completed,100%,84.5,Yes,19/03/2026,31/03/2026
code-of-conduct-2026,Code of Conduct Refresh,L00793,Finance,02/02/2026,1,In Progress,25%,,,,31/03/2026
code-of-conduct-2026,Code of Conduct Refresh,L00794,Legal,02/02/2026,1,Completed,100%,70.4,Yes,19/03/2026,31/03/2026
code-of-conduct-2026,Code of Conduct Refresh,L00795,HR,02/02/2026,1,Completed,100%,73.8,Yes,06/03/2026,31/03/2026
code-of-conduct-2026,Code of Conduct Refresh,L00796,Operations,02/02/2026,1,In Progress,10%,,,,31/03/2026
code-of-conduct-2026,Code of Conduct Refresh,L00797,Marketing,02/02/2026,1,Completed,100%,63.9,No,31/03/2026,31/03/2026
code-of-conduct-2026,Code of Conduct Refresh,L00798,Manufacturing,02/02/2026,1,In Progress,25%,,,,31/03/2026
code-of-conduct-2026,Code of Conduct Refresh,L00799,Legal,02/02/2026,1,Completed,100%,86.6,Yes,29/03/2026,31/03/2026
code-of-conduct-2026,Code of Conduct Refresh,L00800,Manufacturing,02/02/2026,0,Not Started,0%,,,,31/03/2026
code-of-conduct-2026,Code of Conduct Refresh,L00801,Technology,02/02/2026,1,Completed,100%,86.7,Yes,19/03/2026,31/03/2026
code-of-conduct-2026,Code of Conduct Refresh,L00802,Sales,02/02/2026,0,Not Started,0%,,,,31/03/2026
code-of-conduct-2026,Code of Conduct Refresh,L00803,Sales,02/02/2026,0,Not Started,0%,,,,31/03/2026
code-of-conduct-2026,Code of Conduct Refresh,L00804,Technology,02/02/2026,1,Completed,100%,84.8,Yes,26/03/2026,31/03/2026
code-of-conduct-2026,Code of Conduct Refresh,L00805,Sales,02/02/2026,1,Completed,100%,78.8,Yes,19/03/2026,31/03/2026
code-of-conduct-2026,Code of Conduct Refresh,L00806,Sales,02/02/2026,1,In Progress,70%,,,,31/03/2026
code-of-conduct-2026,Code of Conduct Refresh,L00807,Manufacturing,02/02/2026,1,Completed,100%,74.6,Yes,26/03/2026,31/03/2026
code-of-conduct-2026,Code of Conduct Refresh,L00808,Sales,02/02/2026,1,Completed,100%,75.0,Yes,31/03/2026,31/03/2026
code-of-conduct-2026,Code of Conduct Refresh,L00809,Operations,02/02/2026,1,In Progress,10%,,,,31/03/2026
code-of-conduct-2026,Code of Conduct Refresh,L00810,Manufacturing,02/02/2026,1,In Progress,70%,,,,31/03/2026
code-of-conduct-2026,Code of Conduct Refresh,L00811,Operations,02/02/2026,1,Completed,100%,92.9,Yes,26/03/2026,31/03/2026
code-of-conduct-2026,Code of Conduct Refresh,L00812,Manufacturing,02/02/2026,0,Not Started,0%,,,,31/03/2026
code-of-conduct-2026,Code of Conduct Refresh,L00813,Technology,02/02/2026,1,Completed,100%,83.9,Yes,31/03/2026,31/03/2026
code-of-conduct-2026,Code of Conduct Refresh,L00814,Manufacturing,02/02/2026,1,Completed,100%,72.6,Yes,26/03/2026,31/03/2026
code-of-conduct-2026,Code of Conduct Refresh,L00815,Manufacturing,02/02/2026,0,Not Started,0%,,,,31/03/2026
code-of-conduct-2026,Code of Conduct Refresh,L00816,Manufacturing,02/02/2026,1,In Progress,25%,,,,31/03/2026
code-of-conduct-2026,Code of Conduct Refresh,L00817,Manufacturing,02/02/2026,0,Not Started,0%,,,,31/03/2026
code-of-conduct-2026,Code of Conduct Refresh,L00818,Manufacturing,02/02/2026,1,In Progress,40%,,,,31/03/2026
code-of-conduct-2026,Code of Conduct Refresh,L00819,Manufacturing,02/02/2026,1,Completed,100%,99.8,Yes,06/03/2026,31/03/2026
code-of-conduct-2026,Code of Conduct Refresh,L00820,Sales,02/02/2026,0,Not Started,0%,,,,31/03/2026
code-of-conduct-2026,Code of Conduct Refresh,L00821,Marketing,02/02/2026,0,Not Started,0%,,,,31/03/2026
code-of-conduct-2026,Code of Conduct Refresh,L00822,Operations,02/02/2026,0,Not Started,0%,,,,31/03/2026
code-of-conduct-2026,Code of Conduct Refresh,L00823,Sales,02/02/2026,1,Completed,100%,69.5,No,19/03/2026,31/03/2026
code-of-conduct-2026,Code of Conduct Refresh,L00824,Manufacturing,02/02/2026,1,In Progress,55%,,,,31/03/2026
code-of-conduct-2026,Code of Conduct Refresh,L00825,Manufacturing,02/02/2026,0,Not Started,0%,,,,31/03/2026
code-of-conduct-2026,Code of Conduct Refresh,L00826,Manufacturing,02/02/2026,1,Completed,100%,84.8,Yes,31/03/2026,31/03/2026
code-of-conduct-2026,Code of Conduct Refresh,L00827,Marketing,02/02/2026,1,Completed,100%,85.6,Yes,19/03/2026,31/03/2026
code-of-conduct-2026,Code of Conduct Refresh,L00828,HR,02/02/2026,1,In Progress,25%,,,,31/03/2026
code-of-conduct-2026,Code of Conduct Refresh,L00829,Marketing,02/02/2026,1,Completed,100%,77.6,Yes,31/03/2026,31/03/2026
code-of-conduct-2026,Code of Conduct Refresh,L00830,Operations,02/02/2026,1,Completed,100%,72.7,Yes,19/03/2026,31/03/2026
code-of-conduct-2026,Code of Conduct Refresh,L00831,Manufacturing,02/02/2026,0,Not Started,0%,,,,31/03/2026
code-of-conduct-2026,Code of Conduct Refresh,L00832,Manufacturing,02/02/2026,1,In Progress,10%,,,,31/03/2026
code-of-conduct-2026,Code of Conduct Refresh,L00833,Marketing,02/02/2026,1,Completed,100%,95.6,Yes,26/03/2026,31/03/2026
code-of-conduct-2026,Code of Conduct Refresh,L00834,Finance,02/02/2026,1,Completed,100%,90.6,Yes,30/03/2026,31/03/2026
code-of-conduct-2026,Code of Conduct Refresh,L00835,Operations,02/02/2026,1,Completed,100%,65.7,No,26/03/2026,31/03/2026
code-of-conduct-2026,Code of Conduct Refresh,L00836,Manufacturing,02/02/2026,1,In Progress,55%,,,,31/03/2026
code-of-conduct-2026,Code of Conduct Refresh,L00837,Manufacturing,02/02/2026,1,In Progress,55%,,,,31/03/2026
code-of-conduct-2026,Code of Conduct Refresh,L00838,Sales,02/02/2026,1,In Progress,25%,,,,31/03/2026
code-of-conduct-2026,Code of Conduct Refresh,L00839,Marketing,02/02/2026,1,In Progress,55%,,,,31/03/2026
code-of-conduct-2026,Code of Conduct Refresh,L00840,Manufacturing,02/02/2026,1,Completed,100%,82.4,Yes,31/03/2026,31/03/2026
code-of-conduct-2026,Code of Conduct Refresh,L00841,Manufacturing,02/02/2026,0,Not Started,0%,,,,31/03/2026
code-of-conduct-2026,Code of Conduct Refresh,L00842,HR,02/02/2026,1,Completed,100%,80.9,Yes,31/03/2026,31/03/2026
code-of-conduct-2026,Code of Conduct Refresh,L00843,Operations,02/02/2026,1,Completed,100%,61.8,No,29/03/2026,31/03/2026
code-of-conduct-2026,Code of Conduct Refresh,L00844,Sales,02/02/2026,1,In Progress,55%,,,,31/03/2026
code-of-conduct-2026,Code of Conduct Refresh,L00845,Sales,02/02/2026,0,Not Started,0%,,,,31/03/2026
code-of-conduct-2026,Code of Conduct Refresh,L00846,Marketing,02/02/2026,1,Completed,100%,98.9,Yes,30/03/2026,31/03/2026
code-of-conduct-2026,Code of Conduct Refresh,L00847,Manufacturing,02/02/2026,1,In Progress,70%,,,,31/03/2026
code-of-conduct-2026,Code of Conduct Refresh,L00848,Finance,02/02/2026,0,Not Started,0%,,,,31/03/2026
code-of-conduct-2026,Code of Conduct Refresh,L00849,Technology,02/02/2026,0,Not Started,0%,,,,31/03/2026
code-of-conduct-2026,Code of Conduct Refresh,L00850,Operations,02/02/2026,1,In Progress,85%,,,,31/03/2026
code-of-conduct-2026,Code of Conduct Refresh,L00851,Manufacturing,02/02/2026,1,Completed,100%,70.8,Yes,06/03/2026,31/03/2026
code-of-conduct-2026,Code of Conduct Refresh,L00852,Manufacturing,02/02/2026,0,Not Started,0%,,,,31/03/2026
code-of-conduct-2026,Code of Conduct Refresh,L00853,Legal,02/02/2026,1,In Progress,40%,,,,31/03/2026
code-of-conduct-2026,Code of Conduct Refresh,L00854,Finance,02/02/2026,1,Completed,100%,82.8,Yes,29/03/2026,31/03/2026
code-of-conduct-2026,Code of Conduct Refresh,L00855,Manufacturing,02/02/2026,1,In Progress,40%,,,,31/03/2026
code-of-conduct-2026,Code of Conduct Refresh,L00856,Manufacturing,02/02/2026,1,Completed,100%,84.9,Yes,26/03/2026,31/03/2026
code-of-conduct-2026,Code of Conduct Refresh,L00857,Manufacturing,02/02/2026,1,In Progress,70%,,,,31/03/2026
code-of-conduct-2026,Code of Conduct Refresh,L00858,Manufacturing,02/02/2026,1,In Progress,40%,,,,31/03/2026
code-of-conduct-2026,Code of Conduct Refresh,L00859,Marketing,02/02/2026,1,Completed,100%,87.0,Yes,31/03/2026,31/03/2026
code-of-conduct-2026,Code of Conduct Refresh,L00860,Marketing,02/02/2026,1,Completed,100%,83.1,Yes,30/03/2026,31/03/2026
code-of-conduct-2026,Code of Conduct Refresh,L00861,Legal,02/02/2026,1,Completed,100%,90.4,Yes,19/03/2026,31/03/2026
code-of-conduct-2026,Code of Conduct Refresh,L00862,Finance,02/02/2026,1,Completed,100%,79.7,Yes,30/03/2026,31/03/2026
code-of-conduct-2026,Code of Conduct Refresh,L00863,Sales,02/02/2026,1,Completed,100%,77.9,Yes,31/03/2026,31/03/2026
code-of-conduct-2026,Code of Conduct Refresh,L00864,HR,02/02/2026,1,Completed,100%,68.3,No,31/03/2026,31/03/2026
code-of-conduct-2026,Code of Conduct Refresh,L00865,Legal,02/02/2026,1,Completed,100%,78.9,Yes,26/03/2026,31/03/2026
code-of-conduct-2026,Code of Conduct Refresh,L00866,Sales,02/02/2026,1,Completed,100%,80.0,Yes,29/03/2026,31/03/2026
code-of-conduct-2026,Code of Conduct Refresh,L00867,Manufacturing,02/02/2026,0,Not Started,0%,,,,31/03/2026
code-of-conduct-2026,Code of Conduct Refresh,L00868,Marketing,02/02/2026,1,Completed,100%,91.1,Yes,31/03/2026,31/03/2026
code-of-conduct-2026,Code of Conduct Refresh,L00869,Finance,02/02/2026,1,In Progress,55%,,,,31/03/2026
code-of-conduct-2026,Code of Conduct Refresh,L00870,Operations,02/02/2026,0,Not Started,0%,,,,31/03/2026
code-of-conduct-2026,Code of Conduct Refresh,L00871,Finance,02/02/2026,1,Completed,100%,79.4,Yes,30/03/2026,31/03/2026
code-of-conduct-2026,Code of Conduct Refresh,L00872,Operations,02/02/2026,0,Not Started,0%,,,,31/03/2026
code-of-conduct-2026,Code of Conduct Refresh,L00873,Sales,02/02/2026,1,Completed,100%,94.9,Yes,06/03/2026,31/03/2026
code-of-conduct-2026,Code of Conduct Refresh,L00874,Finance,02/02/2026,0,Not Started,0%,,,,31/03/2026
code-of-conduct-2026,Code of Conduct Refresh,L00875,Operations,02/02/2026,1,Completed,100%,73.8,Yes,26/03/2026,31/03/2026
code-of-conduct-2026,Code of Conduct Refresh,L00876,Operations,02/02/2026,0,Not Started,0%,,,,31/03/2026
code-of-conduct-2026,Code of Conduct Refresh,L00877,HR,02/02/2026,1,Completed,100%,81.7,Yes,29/03/2026,31/03/2026
code-of-conduct-2026,Code of Conduct Refresh,L00878,Technology,02/02/2026,1,Completed,100%,84.5,Yes,31/03/2026,31/03/2026
code-of-conduct-2026,Code of Conduct Refresh,L00879,Marketing,02/02/2026,1,Completed,100%,79.8,Yes,30/03/2026,31/03/2026
code-of-conduct-2026,Code of Conduct Refresh,L00880,Manufacturing,02/02/2026,0,Not Started,0%,,,,31/03/2026
code-of-conduct-2026,Code of Conduct Refresh,L00881,Manufacturing,02/02/2026,1,In Progress,85%,,,,31/03/2026
code-of-conduct-2026,Code of Conduct Refresh,L00882,Manufacturing,02/02/2026,0,Not Started,0%,,,,31/03/2026
code-of-conduct-2026,Code of Conduct Refresh,L00883,Manufacturing,02/02/2026,1,In Progress,25%,,,,31/03/2026
code-of-conduct-2026,Code of Conduct Refresh,L00884,Operations,02/02/2026,0,Not Started,0%,,,,31/03/2026
code-of-conduct-2026,Code of Conduct Refresh,L00885,Manufacturing,02/02/2026,0,Not Started,0%,,,,31/03/2026
code-of-conduct-2026,Code of Conduct Refresh,L00886,Legal,02/02/2026,1,Completed,100%,86.9,Yes,06/03/2026,31/03/2026
code-of-conduct-2026,Code of Conduct Refresh,L00887,Technology,02/02/2026,1,Completed,100%,85.6,Yes,26/03/2026,31/03/2026
code-of-conduct-2026,Code of Conduct Refresh,L00888,Marketing,02/02/2026,1,Completed,100%,78.5,Yes,19/03/2026,31/03/2026
code-of-conduct-2026,Code of Conduct Refresh,L00889,Manufacturing,02/02/2026,1,In Progress,40%,,,,31/03/2026
code-of-conduct-2026,Code of Conduct Refresh,L00890,Marketing,02/02/2026,1,Completed,100%,84.4,Yes,19/03/2026,31/03/2026
code-of-conduct-2026,Code of Conduct Refresh,L00891,Technology,02/02/2026,1,Completed,100%,85.4,Yes,30/03/2026,31/03/2026
code-of-conduct-2026,Code of Conduct Refresh,L00892,Technology,02/02/2026,1,Completed,100%,97.4,Yes,31/03/2026,31/03/2026
code-of-conduct-2026,Code of Conduct Refresh,L00893,Operations,02/02/2026,0,Not Started,0%,,,,31/03/2026
code-of-conduct-2026,Code of Conduct Refresh,L00894,Marketing,02/02/2026,1,In Progress,10%,,,,31/03/2026
code-of-conduct-2026,Code of Conduct Refresh,L00895,Operations,02/02/2026,0,Not Started,0%,,,,31/03/2026
code-of-conduct-2026,Code of Conduct Refresh,L00896,Operations,02/02/2026,1,Completed,100%,89.7,Yes,29/03/2026,31/03/2026
code-of-conduct-2026,Code of Conduct Refresh,L00897,Sales,02/02/2026,1,Completed,100%,83.5,Yes,26/03/2026,31/03/2026
code-of-conduct-2026,Code of Conduct Refresh,L00898,Sales,02/02/2026,0,Not Started,0%,,,,31/03/2026
code-of-conduct-2026,Code of Conduct Refresh,L00899,Technology,02/02/2026,1,Completed,100%,88.1,Yes,26/03/2026,31/03/2026
code-of-conduct-2026,Code of Conduct Refresh,L00900,Finance,02/02/2026,1,Completed,100%,65.4,No,26/03/2026,31/03/2026
code-of-conduct-2026,Code of Conduct Refresh,L00901,HR,02/02/2026,1,Completed,100%,88.2,Yes,31/03/2026,31/03/2026
code-of-conduct-2026,Code of Conduct Refresh,L00902,Operations,02/02/2026,1,Completed,100%,98.8,Yes,26/03/2026,31/03/2026
code-of-conduct-2026,Code of Conduct Refresh,L00903,Manufacturing,02/02/2026,0,Not Started,0%,,,,31/03/2026
code-of-conduct-2026,Code of Conduct Refresh,L00904,Operations,02/02/2026,1,In Progress,40%,,,,31/03/2026
code-of-conduct-2026,Code of Conduct Refresh,L00905,Finance,02/02/2026,1,Completed,100%,87.9,Yes,31/03/2026,31/03/2026
code-of-conduct-2026,Code of Conduct Refresh,L00906,Finance,02/02/2026,1,Completed,100%,79.2,Yes,19/03/2026,31/03/2026
code-of-conduct-2026,Code of Conduct Refresh,L00907,Manufacturing,02/02/2026,0,Not Started,0%,,,,31/03/2026
code-of-conduct-2026,Code of Conduct Refresh,L00908,Operations,02/02/2026,1,Completed,100%,79.8,Yes,31/03/2026,31/03/2026
code-of-conduct-2026,Code of Conduct Refresh,L00909,HR,02/02/2026,1,Completed,100%,77.2,Yes,26/03/2026,31/03/2026
code-of-conduct-2026,Code of Conduct Refresh,L00910,HR,02/02/2026,1,In Progress,10%,,,,31/03/2026
code-of-conduct-2026,Code of Conduct Refresh,L00911,Sales,02/02/2026,0,Not Started,0%,,,,31/03/2026
code-of-conduct-2026,Code of Conduct Refresh,L00912,Operations,02/02/2026,1,In Progress,55%,,,,31/03/2026
code-of-conduct-2026,Code of Conduct Refresh,L00913,Operations,02/02/2026,1,Completed,100%,76.1,Yes,26/03/2026,31/03/2026
code-of-conduct-2026,Code of Conduct Refresh,L00914,Manufacturing,02/02/2026,0,Not Started,0%,,,,31/03/2026
code-of-conduct-2026,Code of Conduct Refresh,L00915,Technology,02/02/2026,1,Completed,100%,84.8,Yes,26/03/2026,31/03/2026
code-of-conduct-2026,Code of Conduct Refresh,L00916,Marketing,02/02/2026,1,Completed,100%,88.8,Yes,30/03/2026,31/03/2026
code-of-conduct-2026,Code of Conduct Refresh,L00917,Technology,02/02/2026,1,Completed,100%,94.1,Yes,19/03/2026,31/03/2026
code-of-conduct-2026,Code of Conduct Refresh,L00918,Technology,02/02/2026,1,Completed,100%,67.5,No,26/03/2026,31/03/2026
code-of-conduct-2026,Code of Conduct Refresh,L00919,Technology,02/02/2026,1,Completed,100%,84.6,Yes,19/03/2026,31/03/2026
code-of-conduct-2026,Code of Conduct Refresh,L00920,Operations,02/02/2026,1,Completed,100%,86.8,Yes,29/03/2026,31/03/2026
code-of-conduct-2026,Code of Conduct Refresh,L00921,Marketing,02/02/2026,1,Completed,100%,86.0,Yes,26/03/2026,31/03/2026
code-of-conduct-2026,Code of Conduct Refresh,L00922,Technology,02/02/2026,1,Completed,100%,77.9,Yes,19/03/2026,31/03/2026
code-of-conduct-2026,Code of Conduct Refresh,L00923,Sales,02/02/2026,1,Completed,100%,76.0,Yes,29/03/2026,31/03/2026
code-of-conduct-2026,Code of Conduct Refresh,L00924,Manufacturing,02/02/2026,0,Not Started,0%,,,,31/03/2026
code-of-conduct-2026,Code of Conduct Refresh,L00925,Operations,02/02/2026,1,Completed,100%,93.3,Yes,26/03/2026,31/03/2026
code-of-conduct-2026,Code of Conduct Refresh,L00926,Manufacturing,02/02/2026,0,Not Started,0%,,,,31/03/2026
code-of-conduct-2026,Code of Conduct Refresh,L00927,Finance,02/02/2026,1,Completed,100%,73.8,Yes,29/03/2026,31/03/2026
code-of-conduct-2026,Code of Conduct Refresh,L00928,Finance,02/02/2026,1,Completed,100%,84.7,Yes,26/03/2026,31/03/2026
code-of-conduct-2026,Code of Conduct Refresh,L00929,Manufacturing,02/02/2026,1,In Progress,85%,,,,31/03/2026
code-of-conduct-2026,Code of Conduct Refresh,L00930,Manufacturing,02/02/2026,1,In Progress,10%,,,,31/03/2026
code-of-conduct-2026,Code of Conduct Refresh,L00931,HR,02/02/2026,1,Completed,100%,71.3,Yes,06/03/2026,31/03/2026
code-of-conduct-2026,Code of Conduct Refresh,L00932,Legal,02/02/2026,1,In Progress,25%,,,,31/03/2026
code-of-conduct-2026,Code of Conduct Refresh,L00933,Manufacturing,02/02/2026,1,In Progress,70%,,,,31/03/2026
code-of-conduct-2026,Code of Conduct Refresh,L00934,Technology,02/02/2026,1,Completed,100%,97.2,Yes,26/03/2026,31/03/2026
code-of-conduct-2026,Code of Conduct Refresh,L00935,HR,02/02/2026,1,Completed,100%,89.1,Yes,31/03/2026,31/03/2026
code-of-conduct-2026,Code of Conduct Refresh,L00936,Manufacturing,02/02/2026,1,In Progress,85%,,,,31/03/2026
code-of-conduct-2026,Code of Conduct Refresh,L00937,Technology,02/02/2026,1,Completed,100%,77.9,Yes,29/03/2026,31/03/2026
code-of-conduct-2026,Code of Conduct Refresh,L00938,Manufacturing,02/02/2026,0,Not Started,0%,,,,31/03/2026
code-of-conduct-2026,Code of Conduct Refresh,L00939,Manufacturing,02/02/2026,1,Completed,100%,91.2,Yes,30/03/2026,31/03/2026
code-of-conduct-2026,Code of Conduct Refresh,L00940,Technology,02/02/2026,1,Completed,100%,80.7,Yes,29/03/2026,31/03/2026
code-of-conduct-2026,Code of Conduct Refresh,L00941,Finance,02/02/2026,1,Completed,100%,77.3,Yes,26/03/2026,31/03/2026
code-of-conduct-2026,Code of Conduct Refresh,L00942,Manufacturing,02/02/2026,0,Not Started,0%,,,,31/03/2026
code-of-conduct-2026,Code of Conduct Refresh,L00943,Operations,02/02/2026,0,Not Started,0%,,,,31/03/2026
code-of-conduct-2026,Code of Conduct Refresh,L00944,HR,02/02/2026,1,Completed,100%,97.7,Yes,19/03/2026,31/03/2026
code-of-conduct-2026,Code of Conduct Refresh,L00945,Operations,02/02/2026,1,In Progress,55%,,,,31/03/2026
code-of-conduct-2026,Code of Conduct Refresh,L00946,Operations,02/02/2026,1,Completed,100%,74.4,Yes,19/03/2026,31/03/2026
code-of-conduct-2026,Code of Conduct Refresh,L00947,Manufacturing,02/02/2026,0,Not Started,0%,,,,31/03/2026
code-of-conduct-2026,Code of Conduct Refresh,L00948,Manufacturing,02/02/2026,0,Not Started,0%,,,,31/03/2026
code-of-conduct-2026,Code of Conduct Refresh,L00949,Operations,02/02/2026,1,In Progress,25%,,,,31/03/2026
code-of-conduct-2026,Code of Conduct Refresh,L00950,Manufacturing,02/02/2026,0,Not Started,0%,,,,31/03/2026
code-of-conduct-2026,Code of Conduct Refresh,L00951,Operations,02/02/2026,1,In Progress,40%,,,,31/03/2026
code-of-conduct-2026,Code of Conduct Refresh,L00952,Manufacturing,02/02/2026,0,Not Started,0%,,,,31/03/2026
code-of-conduct-2026,Code of Conduct Refresh,L00953,Sales,02/02/2026,1,Completed,100%,70.9,Yes,31/03/2026,31/03/2026
code-of-conduct-2026,Code of Conduct Refresh,L00954,Manufacturing,02/02/2026,1,In Progress,55%,,,,31/03/2026
code-of-conduct-2026,Code of Conduct Refresh,L00955,Manufacturing,02/02/2026,0,Not Started,0%,,,,31/03/2026
code-of-conduct-2026,Code of Conduct Refresh,L00956,Manufacturing,02/02/2026,1,In Progress,70%,,,,31/03/2026
code-of-conduct-2026,Code of Conduct Refresh,L00957,Legal,02/02/2026,1,Completed,100%,79.4,Yes,06/03/2026,31/03/2026
code-of-conduct-2026,Code of Conduct Refresh,L00958,Marketing,02/02/2026,1,Completed,100%,76.9,Yes,26/03/2026,31/03/2026
code-of-conduct-2026,Code of Conduct Refresh,L00959,Sales,02/02/2026,0,Not Started,0%,,,,31/03/2026
code-of-conduct-2026,Code of Conduct Refresh,L00960,Technology,02/02/2026,1,Completed,100%,72.9,Yes,30/03/2026,31/03/2026
code-of-conduct-2026,Code of Conduct Refresh,L00961,Manufacturing,02/02/2026,0,Not Started,0%,,,,31/03/2026
code-of-conduct-2026,Code of Conduct Refresh,L00962,Sales,02/02/2026,1,Completed,100%,62.2,No,31/03/2026,31/03/2026
code-of-conduct-2026,Code of Conduct Refresh,L00963,Sales,02/02/2026,1,Completed,100%,70.9,Yes,29/03/2026,31/03/2026
code-of-conduct-2026,Code of Conduct Refresh,L00964,Sales,02/02/2026,1,In Progress,70%,,,,31/03/2026
code-of-conduct-2026,Code of Conduct Refresh,L00965,Operations,02/02/2026,1,Completed,100%,77.2,Yes,06/03/2026,31/03/2026
code-of-conduct-2026,Code of Conduct Refresh,L00966,Manufacturing,02/02/2026,0,Not Started,0%,,,,31/03/2026
code-of-conduct-2026,Code of Conduct Refresh,L00967,Sales,02/02/2026,1,In Progress,10%,,,,31/03/2026
code-of-conduct-2026,Code of Conduct Refresh,L00968,Finance,02/02/2026,1,Completed,100%,96.2,Yes,19/03/2026,31/03/2026
code-of-conduct-2026,Code of Conduct Refresh,L00969,Marketing,02/02/2026,0,Not Started,0%,,,,31/03/2026
code-of-conduct-2026,Code of Conduct Refresh,L00970,Finance,02/02/2026,1,Completed,100%,96.0,Yes,31/03/2026,31/03/2026
code-of-conduct-2026,Code of Conduct Refresh,L00971,Finance,02/02/2026,1,Completed,100%,70.4,Yes,31/03/2026,31/03/2026
code-of-conduct-2026,Code of Conduct Refresh,L00972,HR,02/02/2026,1,Completed,100%,89.9,Yes,31/03/2026,31/03/2026
code-of-conduct-2026,Code of Conduct Refresh,L00973,Legal,02/02/2026,1,Completed,100%,82.2,Yes,26/03/2026,31/03/2026
code-of-conduct-2026,Code of Conduct Refresh,L00974,Finance,02/02/2026,0,Not Started,0%,,,,31/03/2026
code-of-conduct-2026,Code of Conduct Refresh,L00975,Manufacturing,02/02/2026,0,Not Started,0%,,,,31/03/2026
code-of-conduct-2026,Code of Conduct Refresh,L00976,Finance,02/02/2026,0,Not Started,0%,,,,31/03/2026
code-of-conduct-2026,Code of Conduct Refresh,L00977,Technology,02/02/2026,1,Completed,100%,69.1,No,26/03/2026,31/03/2026
code-of-conduct-2026,Code of Conduct Refresh,L00978,Manufacturing,02/02/2026,0,Not Started,0%,,,,31/03/2026
code-of-conduct-2026,Code of Conduct Refresh,L00979,Operations,02/02/2026,1,Completed,100%,83.0,Yes,26/03/2026,31/03/2026
code-of-conduct-2026,Code of Conduct Refresh,L00980,Manufacturing,02/02/2026,1,In Progress,85%,,,,31/03/2026
code-of-conduct-2026,Code of Conduct Refresh,L00981,Sales,02/02/2026,1,Completed,100%,77.4,Yes,31/03/2026,31/03/2026
code-of-conduct-2026,Code of Conduct Refresh,L00982,Finance,02/02/2026,1,Completed,100%,71.7,Yes,26/03/2026,31/03/2026
code-of-conduct-2026,Code of Conduct Refresh,L00983,Sales,02/02/2026,1,Completed,100%,88.6,Yes,31/03/2026,31/03/2026
code-of-conduct-2026,Code of Conduct Refresh,L00984,Manufacturing,02/02/2026,1,In Progress,70%,,,,31/03/2026
code-of-conduct-2026,Code of Conduct Refresh,L00985,Sales,02/02/2026,1,Completed,100%,81.6,Yes,19/03/2026,31/03/2026
code-of-conduct-2026,Code of Conduct Refresh,L00986,Sales,02/02/2026,1,Completed,100%,84.2,Yes,19/03/2026,31/03/2026
code-of-conduct-2026,Code of Conduct Refresh,L00987,Technology,02/02/2026,0,Not Started,0%,,,,31/03/2026
code-of-conduct-2026,Code of Conduct Refresh,L00988,Sales,02/02/2026,1,Completed,100%,71.2,Yes,06/03/2026,31/03/2026
code-of-conduct-2026,Code of Conduct Refresh,L00989,Technology,02/02/2026,1,Completed,100%,74.6,Yes,31/03/2026,31/03/2026
code-of-conduct-2026,Code of Conduct Refresh,L00990,Manufacturing,02/02/2026,1,In Progress,10%,,,,31/03/2026
code-of-conduct-2026,Code of Conduct Refresh,L00991,Sales,02/02/2026,1,Completed,100%,73.9,Yes,19/03/2026,31/03/2026
code-of-conduct-2026,Code of Conduct Refresh,L00992,Operations,02/02/2026,0,Not Started,0%,,,,31/03/2026
code-of-conduct-2026,Code of Conduct Refresh,L00993,Technology,02/02/2026,1,Completed,100%,85.7,Yes,30/03/2026,31/03/2026
code-of-conduct-2026,Code of Conduct Refresh,L00994,Manufacturing,02/02/2026,0,Not Started,0%,,,,31/03/2026
code-of-conduct-2026,Code of Conduct Refresh,L00995,Technology,02/02/2026,1,Completed,100%,95.3,Yes,31/03/2026,31/03/2026
code-of-conduct-2026,Code of Conduct Refresh,L00996,Sales,02/02/2026,1,Completed,100%,85.0,Yes,26/03/2026,31/03/2026
code-of-conduct-2026,Code of Conduct Refresh,L00997,Manufacturing,02/02/2026,0,Not Started,0%,,,,31/03/2026
code-of-conduct-2026,Code of Conduct Refresh,L00998,Operations,02/02/2026,0,Not Started,0%,,,,31/03/2026
code-of-conduct-2026,Code of Conduct Refresh,L00999,Marketing,02/02/2026,1,Completed,100%,79.0,Yes,06/03/2026,31/03/2026
code-of-conduct-2026,Code of Conduct Refresh,L01000,Technology,02/02/2026,1,Completed,100%,66.8,No,26/03/2026,31/03/2026
code-of-conduct-2026,Code of Conduct Refresh,L01001,Marketing,02/02/2026,1,Completed,100%,98.6,Yes,26/03/2026,31/03/2026
code-of-conduct-2026,Code of Conduct Refresh,L01002,Manufacturing,02/02/2026,0,Not Started,0%,,,,31/03/2026
code-of-conduct-2026,Code of Conduct Refresh,L01003,Legal,02/02/2026,0,Not Started,0%,,,,31/03/2026
code-of-conduct-2026,Code of Conduct Refresh,L01004,Sales,02/02/2026,0,Not Started,0%,,,,31/03/2026
code-of-conduct-2026,Code of Conduct Refresh,L01005,Manufacturing,02/02/2026,1,Completed,100%,87.4,Yes,29/03/2026,31/03/2026
code-of-conduct-2026,Code of Conduct Refresh,L01006,Legal,02/02/2026,0,Not Started,0%,,,,31/03/2026
code-of-conduct-2026,Code of Conduct Refresh,L01007,Technology,02/02/2026,1,Completed,100%,83.2,Yes,06/03/2026,31/03/2026
code-of-conduct-2026,Code of Conduct Refresh,L01008,Finance,02/02/2026,1,Completed,100%,62.5,No,31/03/2026,31/03/2026
code-of-conduct-2026,Code of Conduct Refresh,L01009,Operations,02/02/2026,0,Not Started,0%,,,,31/03/2026
code-of-conduct-2026,Code of Conduct Refresh,L01010,Manufacturing,02/02/2026,0,Not Started,0%,,,,31/03/2026
code-of-conduct-2026,Code of Conduct Refresh,L01011,Operations,02/02/2026,1,In Progress,10%,,,,31/03/2026
code-of-conduct-2026,Code of Conduct Refresh,L01012,Sales,02/02/2026,1,Completed,100%,93.7,Yes,19/03/2026,31/03/2026
code-of-conduct-2026,Code of Conduct Refresh,L01013,HR,02/02/2026,1,Completed,100%,89.7,Yes,26/03/2026,31/03/2026
code-of-conduct-2026,Code of Conduct Refresh,L01014,Manufacturing,02/02/2026,0,Not Started,0%,,,,31/03/2026
code-of-conduct-2026,Code of Conduct Refresh,L01015,Finance,02/02/2026,1,Completed,100%,83.4,Yes,06/03/2026,31/03/2026
code-of-conduct-2026,Code of Conduct Refresh,L01016,Marketing,02/02/2026,1,Completed,100%,80.1,Yes,30/03/2026,31/03/2026
code-of-conduct-2026,Code of Conduct Refresh,L01017,Operations,02/02/2026,1,In Progress,85%,,,,31/03/2026
code-of-conduct-2026,Code of Conduct Refresh,L01018,Technology,02/02/2026,1,Completed,100%,83.3,Yes,29/03/2026,31/03/2026
code-of-conduct-2026,Code of Conduct Refresh,L01019,Finance,02/02/2026,1,Completed,100%,90.1,Yes,26/03/2026,31/03/2026
code-of-conduct-2026,Code of Conduct Refresh,L01020,Manufacturing,02/02/2026,1,In Progress,10%,,,,31/03/2026
code-of-conduct-2026,Code of Conduct Refresh,L01021,Manufacturing,02/02/2026,0,Not Started,0%,,,,31/03/2026
code-of-conduct-2026,Code of Conduct Refresh,L01022,Operations,02/02/2026,0,Not Started,0%,,,,31/03/2026
code-of-conduct-2026,Code of Conduct Refresh,L01023,Manufacturing,02/02/2026,0,Not Started,0%,,,,31/03/2026
code-of-conduct-2026,Code of Conduct Refresh,L01024,Operations,02/02/2026,1,Completed,100%,98.9,Yes,26/03/2026,31/03/2026
code-of-conduct-2026,Code of Conduct Refresh,L01025,Manufacturing,02/02/2026,1,In Progress,40%,,,,31/03/2026
code-of-conduct-2026,Code of Conduct Refresh,L01026,Finance,02/02/2026,1,In Progress,40%,,,,31/03/2026
code-of-conduct-2026,Code of Conduct Refresh,L01027,Sales,02/02/2026,1,Completed,100%,76.3,Yes,29/03/2026,31/03/2026
code-of-conduct-2026,Code of Conduct Refresh,L01028,Marketing,02/02/2026,1,Completed,100%,84.5,Yes,29/03/2026,31/03/2026
code-of-conduct-2026,Code of Conduct Refresh,L01029,Manufacturing,02/02/2026,1,Completed,100%,88.0,Yes,29/03/2026,31/03/2026
code-of-conduct-2026,Code of Conduct Refresh,L01030,Operations,02/02/2026,1,Completed,100%,88.0,Yes,29/03/2026,31/03/2026
code-of-conduct-2026,Code of Conduct Refresh,L01031,Manufacturing,02/02/2026,1,In Progress,55%,,,,31/03/2026
code-of-conduct-2026,Code of Conduct Refresh,L01032,Manufacturing,02/02/2026,0,Not Started,0%,,,,31/03/2026
code-of-conduct-2026,Code of Conduct Refresh,L01033,Marketing,02/02/2026,1,Completed,100%,67.2,No,30/03/2026,31/03/2026
code-of-conduct-2026,Code of Conduct Refresh,L01034,Finance,02/02/2026,1,Completed,100%,81.4,Yes,29/03/2026,31/03/2026
code-of-conduct-2026,Code of Conduct Refresh,L01035,Operations,02/02/2026,1,Completed,100%,81.7,Yes,26/03/2026,31/03/2026
code-of-conduct-2026,Code of Conduct Refresh,L01036,Manufacturing,02/02/2026,0,Not Started,0%,,,,31/03/2026
code-of-conduct-2026,Code of Conduct Refresh,L01037,Finance,02/02/2026,1,Completed,100%,80.4,Yes,26/03/2026,31/03/2026
code-of-conduct-2026,Code of Conduct Refresh,L01038,Manufacturing,02/02/2026,1,Completed,100%,84.5,Yes,19/03/2026,31/03/2026
code-of-conduct-2026,Code of Conduct Refresh,L01039,Manufacturing,02/02/2026,1,In Progress,10%,,,,31/03/2026
code-of-conduct-2026,Code of Conduct Refresh,L01040,Technology,02/02/2026,1,Completed,100%,87.6,Yes,31/03/2026,31/03/2026
code-of-conduct-2026,Code of Conduct Refresh,L01041,Marketing,02/02/2026,1,In Progress,85%,,,,31/03/2026
code-of-conduct-2026,Code of Conduct Refresh,L01042,Operations,02/02/2026,1,In Progress,85%,,,,31/03/2026
code-of-conduct-2026,Code of Conduct Refresh,L01043,Marketing,02/02/2026,1,Completed,100%,76.1,Yes,31/03/2026,31/03/2026
code-of-conduct-2026,Code of Conduct Refresh,L01044,Operations,02/02/2026,1,In Progress,85%,,,,31/03/2026
code-of-conduct-2026,Code of Conduct Refresh,L01045,Sales,02/02/2026,1,Completed,100%,74.9,Yes,31/03/2026,31/03/2026
code-of-conduct-2026,Code of Conduct Refresh,L01046,Marketing,02/02/2026,1,Completed,100%,83.9,Yes,31/03/2026,31/03/2026
code-of-conduct-2026,Code of Conduct Refresh,L01047,Manufacturing,02/02/2026,0,Not Started,0%,,,,31/03/2026
code-of-conduct-2026,Code of Conduct Refresh,L01048,Manufacturing,02/02/2026,0,Not Started,0%,,,,31/03/2026
code-of-conduct-2026,Code of Conduct Refresh,L01049,Operations,02/02/2026,0,Not Started,0%,,,,31/03/2026
code-of-conduct-2026,Code of Conduct Refresh,L01050,Sales,02/02/2026,1,Completed,100%,94.6,Yes,26/03/2026,31/03/2026
code-of-conduct-2026,Code of Conduct Refresh,L01051,Sales,02/02/2026,1,Completed,100%,70.7,Yes,31/03/2026,31/03/2026
code-of-conduct-2026,Code of Conduct Refresh,L01052,HR,02/02/2026,1,Completed,100%,84.3,Yes,06/03/2026,31/03/2026
code-of-conduct-2026,Code of Conduct Refresh,L01053,Manufacturing,02/02/2026,1,In Progress,70%,,,,31/03/2026
code-of-conduct-2026,Code of Conduct Refresh,L01054,Manufacturing,02/02/2026,0,Not Started,0%,,,,31/03/2026
code-of-conduct-2026,Code of Conduct Refresh,L01055,Sales,02/02/2026,1,Completed,100%,65.4,No,26/03/2026,31/03/2026
code-of-conduct-2026,Code of Conduct Refresh,L01056,Manufacturing,02/02/2026,1,In Progress,70%,,,,31/03/2026
code-of-conduct-2026,Code of Conduct Refresh,L01057,Manufacturing,02/02/2026,1,Completed,100%,93.8,Yes,30/03/2026,31/03/2026
code-of-conduct-2026,Code of Conduct Refresh,L01058,Sales,02/02/2026,0,Not Started,0%,,,,31/03/2026
code-of-conduct-2026,Code of Conduct Refresh,L01059,HR,02/02/2026,1,Completed,100%,83.8,Yes,19/03/2026,31/03/2026
code-of-conduct-2026,Code of Conduct Refresh,L01060,Finance,02/02/2026,1,Completed,100%,90.5,Yes,26/03/2026,31/03/2026
code-of-conduct-2026,Code of Conduct Refresh,L01061,Marketing,02/02/2026,1,Completed,100%,72.0,Yes,26/03/2026,31/03/2026
code-of-conduct-2026,Code of Conduct Refresh,L01062,Sales,02/02/2026,0,Not Started,0%,,,,31/03/2026
code-of-conduct-2026,Code of Conduct Refresh,L01063,Marketing,02/02/2026,1,Completed,100%,87.8,Yes,19/03/2026,31/03/2026
code-of-conduct-2026,Code of Conduct Refresh,L01064,Manufacturing,02/02/2026,1,In Progress,40%,,,,31/03/2026
code-of-conduct-2026,Code of Conduct Refresh,L01065,Technology,02/02/2026,1,Completed,100%,75.0,Yes,30/03/2026,31/03/2026
code-of-conduct-2026,Code of Conduct Refresh,L01066,Sales,02/02/2026,0,Not Started,0%,,,,31/03/2026
code-of-conduct-2026,Code of Conduct Refresh,L01067,Manufacturing,02/02/2026,0,Not Started,0%,,,,31/03/2026
code-of-conduct-2026,Code of Conduct Refresh,L01068,Finance,02/02/2026,1,Completed,100%,94.1,Yes,29/03/2026,31/03/2026
code-of-conduct-2026,Code of Conduct Refresh,L01069,Manufacturing,02/02/2026,0,Not Started,0%,,,,31/03/2026
code-of-conduct-2026,Code of Conduct Refresh,L01070,Marketing,02/02/2026,1,In Progress,40%,,,,31/03/2026
code-of-conduct-2026,Code of Conduct Refresh,L01071,Marketing,02/02/2026,1,Completed,100%,73.1,Yes,19/03/2026,31/03/2026
code-of-conduct-2026,Code of Conduct Refresh,L01072,Manufacturing,02/02/2026,1,In Progress,55%,,,,31/03/2026
code-of-conduct-2026,Code of Conduct Refresh,L01073,Sales,02/02/2026,0,Not Started,0%,,,,31/03/2026
code-of-conduct-2026,Code of Conduct Refresh,L01074,Technology,02/02/2026,1,Completed,100%,67.6,No,31/03/2026,31/03/2026
code-of-conduct-2026,Code of Conduct Refresh,L01075,Technology,02/02/2026,1,Completed,100%,93.1,Yes,06/03/2026,31/03/2026
code-of-conduct-2026,Code of Conduct Refresh,L01076,Marketing,02/02/2026,1,Completed,100%,69.5,No,31/03/2026,31/03/2026
code-of-conduct-2026,Code of Conduct Refresh,L01077,Manufacturing,02/02/2026,0,Not Started,0%,,,,31/03/2026
code-of-conduct-2026,Code of Conduct Refresh,L01078,Manufacturing,02/02/2026,1,In Progress,10%,,,,31/03/2026
code-of-conduct-2026,Code of Conduct Refresh,L01079,Marketing,02/02/2026,1,Completed,100%,81.4,Yes,06/03/2026,31/03/2026
code-of-conduct-2026,Code of Conduct Refresh,L01080,Manufacturing,02/02/2026,0,Not Started,0%,,,,31/03/2026
code-of-conduct-2026,Code of Conduct Refresh,L01081,Marketing,02/02/2026,1,Completed,100%,77.0,Yes,26/03/2026,31/03/2026
code-of-conduct-2026,Code of Conduct Refresh,L01082,Manufacturing,02/02/2026,1,In Progress,55%,,,,31/03/2026
code-of-conduct-2026,Code of Conduct Refresh,L01083,Manufacturing,02/02/2026,0,Not Started,0%,,,,31/03/2026
code-of-conduct-2026,Code of Conduct Refresh,L01084,Manufacturing,02/02/2026,0,Not Started,0%,,,,31/03/2026
code-of-conduct-2026,Code of Conduct Refresh,L01085,Technology,02/02/2026,1,Completed,100%,78.6,Yes,19/03/2026,31/03/2026
code-of-conduct-2026,Code of Conduct Refresh,L01086,Operations,02/02/2026,0,Not Started,0%,,,,31/03/2026
code-of-conduct-2026,Code of Conduct Refresh,L01087,Sales,02/02/2026,1,In Progress,40%,,,,31/03/2026
code-of-conduct-2026,Code of Conduct Refresh,L01088,Manufacturing,02/02/2026,0,Not Started,0%,,,,31/03/2026
code-of-conduct-2026,Code of Conduct Refresh,L01089,Technology,02/02/2026,1,Completed,100%,79.0,Yes,30/03/2026,31/03/2026
code-of-conduct-2026,Code of Conduct Refresh,L01090,Operations,02/02/2026,1,Completed,100%,82.4,Yes,29/03/2026,31/03/2026
code-of-conduct-2026,Code of Conduct Refresh,L01091,Sales,02/02/2026,1,In Progress,25%,,,,31/03/2026
code-of-conduct-2026,Code of Conduct Refresh,L01092,Sales,02/02/2026,1,In Progress,55%,,,,31/03/2026
code-of-conduct-2026,Code of Conduct Refresh,L01093,Marketing,02/02/2026,1,Completed,100%,74.5,Yes,30/03/2026,31/03/2026
code-of-conduct-2026,Code of Conduct Refresh,L01094,Manufacturing,02/02/2026,0,Not Started,0%,,,,31/03/2026
code-of-conduct-2026,Code of Conduct Refresh,L01095,Manufacturing,02/02/2026,0,Not Started,0%,,,,31/03/2026
code-of-conduct-2026,Code of Conduct Refresh,L01096,Marketing,02/02/2026,1,Completed,100%,90.9,Yes,26/03/2026,31/03/2026
code-of-conduct-2026,Code of Conduct Refresh,L01097,Finance,02/02/2026,0,Not Started,0%,,,,31/03/2026
code-of-conduct-2026,Code of Conduct Refresh,L01098,Technology,02/02/2026,1,Completed,100%,84.8,Yes,31/03/2026,31/03/2026
code-of-conduct-2026,Code of Conduct Refresh,L01099,Technology,02/02/2026,0,Not Started,0%,,,,31/03/2026
code-of-conduct-2026,Code of Conduct Refresh,L01100,Sales,02/02/2026,1,In Progress,55%,,,,31/03/2026
code-of-conduct-2026,Code of Conduct Refresh,L01101,Technology,02/02/2026,1,Completed,100%,77.6,Yes,26/03/2026,31/03/2026
code-of-conduct-2026,Code of Conduct Refresh,L01102,Manufacturing,02/02/2026,0,Not Started,0%,,,,31/03/2026
code-of-conduct-2026,Code of Conduct Refresh,L01103,Marketing,02/02/2026,1,Completed,100%,68.4,No,30/03/2026,31/03/2026
code-of-conduct-2026,Code of Conduct Refresh,L01104,Marketing,02/02/2026,1,Completed,100%,79.4,Yes,30/03/2026,31/03/2026
code-of-conduct-2026,Code of Conduct Refresh,L01105,Legal,02/02/2026,1,Completed,100%,65.2,No,31/03/2026,31/03/2026
code-of-conduct-2026,Code of Conduct Refresh,L01106,Sales,02/02/2026,1,In Progress,40%,,,,31/03/2026
code-of-conduct-2026,Code of Conduct Refresh,L01107,Manufacturing,02/02/2026,0,Not Started,0%,,,,31/03/2026
code-of-conduct-2026,Code of Conduct Refresh,L01108,HR,02/02/2026,1,Completed,100%,89.6,Yes,26/03/2026,31/03/2026
code-of-conduct-2026,Code of Conduct Refresh,L01109,Operations,02/02/2026,0,Not Started,0%,,,,31/03/2026
code-of-conduct-2026,Code of Conduct Refresh,L01110,Technology,02/02/2026,1,In Progress,40%,,,,31/03/2026
code-of-conduct-2026,Code of Conduct Refresh,L01111,Manufacturing,02/02/2026,0,Not Started,0%,,,,31/03/2026
code-of-conduct-2026,Code of Conduct Refresh,L01112,Technology,02/02/2026,1,Completed,100%,81.5,Yes,31/03/2026,31/03/2026
code-of-conduct-2026,Code of Conduct Refresh,L01113,Manufacturing,02/02/2026,0,Not Started,0%,,,,31/03/2026
code-of-conduct-2026,Code of Conduct Refresh,L01114,Technology,02/02/2026,1,Completed,100%,73.0,Yes,19/03/2026,31/03/2026
code-of-conduct-2026,Code of Conduct Refresh,L01115,Operations,02/02/2026,0,Not Started,0%,,,,31/03/2026
code-of-conduct-2026,Code of Conduct Refresh,L01116,Sales,02/02/2026,1,Completed,100%,72.8,Yes,30/03/2026,31/03/2026
code-of-conduct-2026,Code of Conduct Refresh,L01117,Sales,02/02/2026,0,Not Started,0%,,,,31/03/2026
code-of-conduct-2026,Code of Conduct Refresh,L01118,Technology,02/02/2026,0,Not Started,0%,,,,31/03/2026
code-of-conduct-2026,Code of Conduct Refresh,L01119,Sales,02/02/2026,1,In Progress,40%,,,,31/03/2026
code-of-conduct-2026,Code of Conduct Refresh,L01120,Operations,02/02/2026,0,Not Started,0%,,,,31/03/2026
code-of-conduct-2026,Code of Conduct Refresh,L01121,Finance,02/02/2026,1,Completed,100%,83.0,Yes,29/03/2026,31/03/2026
code-of-conduct-2026,Code of Conduct Refresh,L01122,Manufacturing,02/02/2026,1,In Progress,85%,,,,31/03/2026
code-of-conduct-2026,Code of Conduct Refresh,L01123,Manufacturing,02/02/2026,0,Not Started,0%,,,,31/03/2026
code-of-conduct-2026,Code of Conduct Refresh,L01124,Manufacturing,02/02/2026,0,Not Started,0%,,,,31/03/2026
code-of-conduct-2026,Code of Conduct Refresh,L01125,Manufacturing,02/02/2026,0,Not Started,0%,,,,31/03/2026
code-of-conduct-2026,Code of Conduct Refresh,L01126,Marketing,02/02/2026,1,Completed,100%,77.0,Yes,06/03/2026,31/03/2026
code-of-conduct-2026,Code of Conduct Refresh,L01127,Manufacturing,02/02/2026,0,Not Started,0%,,,,31/03/2026
code-of-conduct-2026,Code of Conduct Refresh,L01128,Manufacturing,02/02/2026,0,Not Started,0%,,,,31/03/2026
code-of-conduct-2026,Code of Conduct Refresh,L01129,HR,02/02/2026,1,Completed,100%,98.6,Yes,19/03/2026,31/03/2026
code-of-conduct-2026,Code of Conduct Refresh,L01130,Technology,02/02/2026,1,Completed,100%,91.1,Yes,19/03/2026,31/03/2026
code-of-conduct-2026,Code of Conduct Refresh,L01131,Legal,02/02/2026,1,Completed,100%,76.7,Yes,26/03/2026,31/03/2026
code-of-conduct-2026,Code of Conduct Refresh,L01132,Sales,02/02/2026,1,Completed,100%,85.7,Yes,31/03/2026,31/03/2026
code-of-conduct-2026,Code of Conduct Refresh,L01133,Finance,02/02/2026,1,Completed,100%,81.4,Yes,26/03/2026,31/03/2026
code-of-conduct-2026,Code of Conduct Refresh,L01134,Operations,02/02/2026,1,In Progress,25%,,,,31/03/2026
code-of-conduct-2026,Code of Conduct Refresh,L01135,Operations,02/02/2026,1,In Progress,10%,,,,31/03/2026
code-of-conduct-2026,Code of Conduct Refresh,L01136,HR,02/02/2026,1,Completed,100%,84.6,Yes,06/03/2026,31/03/2026
code-of-conduct-2026,Code of Conduct Refresh,L01137,Legal,02/02/2026,1,Completed,100%,75.3,Yes,31/03/2026,31/03/2026
code-of-conduct-2026,Code of Conduct Refresh,L01138,Finance,02/02/2026,1,Completed,100%,70.1,Yes,31/03/2026,31/03/2026
code-of-conduct-2026,Code of Conduct Refresh,L01139,Manufacturing,02/02/2026,1,Completed,100%,88.3,Yes,19/03/2026,31/03/2026
code-of-conduct-2026,Code of Conduct Refresh,L01140,Marketing,02/02/2026,0,Not Started,0%,,,,31/03/2026
code-of-conduct-2026,Code of Conduct Refresh,L01141,HR,02/02/2026,1,Completed,100%,95.6,Yes,30/03/2026,31/03/2026
code-of-conduct-2026,Code of Conduct Refresh,L01142,Technology,02/02/2026,1,Completed,100%,68.4,No,31/03/2026,31/03/2026
code-of-conduct-2026,Code of Conduct Refresh,L01143,HR,02/02/2026,1,Completed,100%,81.2,Yes,06/03/2026,31/03/2026
code-of-conduct-2026,Code of Conduct Refresh,L01144,Manufacturing,02/02/2026,1,In Progress,55%,,,,31/03/2026
code-of-conduct-2026,Code of Conduct Refresh,L01145,Sales,02/02/2026,0,Not Started,0%,,,,31/03/2026
code-of-conduct-2026,Code of Conduct Refresh,L01146,Manufacturing,02/02/2026,0,Not Started,0%,,,,31/03/2026
code-of-conduct-2026,Code of Conduct Refresh,L01147,Operations,02/02/2026,0,Not Started,0%,,,,31/03/2026
code-of-conduct-2026,Code of Conduct Refresh,L01148,Manufacturing,02/02/2026,0,Not Started,0%,,,,31/03/2026
code-of-conduct-2026,Code of Conduct Refresh,L01149,Operations,02/02/2026,0,Not Started,0%,,,,31/03/2026
code-of-conduct-2026,Code of Conduct Refresh,L01150,Manufacturing,02/02/2026,1,Completed,100%,75.2,Yes,26/03/2026,31/03/2026
code-of-conduct-2026,Code of Conduct Refresh,L01151,Legal,02/02/2026,1,Completed,100%,57.8,No,30/03/2026,31/03/2026
code-of-conduct-2026,Code of Conduct Refresh,L01152,Sales,02/02/2026,1,Completed,100%,91.4,Yes,19/03/2026,31/03/2026
code-of-conduct-2026,Code of Conduct Refresh,L01153,HR,02/02/2026,1,Completed,100%,97.7,Yes,30/03/2026,31/03/2026
code-of-conduct-2026,Code of Conduct Refresh,L01154,Technology,02/02/2026,1,Completed,100%,76.5,Yes,19/03/2026,31/03/2026
code-of-conduct-2026,Code of Conduct Refresh,L01155,Operations,02/02/2026,0,Not Started,0%,,,,31/03/2026
code-of-conduct-2026,Code of Conduct Refresh,L01156,Manufacturing,02/02/2026,0,Not Started,0%,,,,31/03/2026
code-of-conduct-2026,Code of Conduct Refresh,L01157,Technology,02/02/2026,1,Completed,100%,74.2,Yes,31/03/2026,31/03/2026
code-of-conduct-2026,Code of Conduct Refresh,L01158,Technology,02/02/2026,1,Completed,100%,74.2,Yes,31/03/2026,31/03/2026
code-of-conduct-2026,Code of Conduct Refresh,L01159,Operations,02/02/2026,0,Not Started,0%,,,,31/03/2026
code-of-conduct-2026,Code of Conduct Refresh,L01160,Legal,02/02/2026,1,Completed,100%,94.1,Yes,31/03/2026,31/03/2026
code-of-conduct-2026,Code of Conduct Refresh,L01161,Operations,02/02/2026,1,Completed,100%,94.0,Yes,30/03/2026,31/03/2026
code-of-conduct-2026,Code of Conduct Refresh,L01162,Manufacturing,02/02/2026,1,In Progress,55%,,,,31/03/2026
code-of-conduct-2026,Code of Conduct Refresh,L01163,Marketing,02/02/2026,0,Not Started,0%,,,,31/03/2026
code-of-conduct-2026,Code of Conduct Refresh,L01164,Operations,02/02/2026,0,Not Started,0%,,,,31/03/2026
code-of-conduct-2026,Code of Conduct Refresh,L01165,Manufacturing,02/02/2026,1,In Progress,25%,,,,31/03/2026
code-of-conduct-2026,Code of Conduct Refresh,L01166,Technology,02/02/2026,1,Completed,100%,79.1,Yes,29/03/2026,31/03/2026
code-of-conduct-2026,Code of Conduct Refresh,L01167,Manufacturing,02/02/2026,1,In Progress,85%,,,,31/03/2026
code-of-conduct-2026,Code of Conduct Refresh,L01168,Finance,02/02/2026,1,Completed,100%,75.0,Yes,31/03/2026,31/03/2026
code-of-conduct-2026,Code of Conduct Refresh,L01169,Manufacturing,02/02/2026,0,Not Started,0%,,,,31/03/2026
code-of-conduct-2026,Code of Conduct Refresh,L01170,Manufacturing,02/02/2026,1,Completed,100%,93.7,Yes,31/03/2026,31/03/2026
code-of-conduct-2026,Code of Conduct Refresh,L01171,Manufacturing,02/02/2026,0,Not Started,0%,,,,31/03/2026
code-of-conduct-2026,Code of Conduct Refresh,L01172,Sales,02/02/2026,0,Not Started,0%,,,,31/03/2026
code-of-conduct-2026,Code of Conduct Refresh,L01173,HR,02/02/2026,1,Completed,100%,86.4,Yes,31/03/2026,31/03/2026
code-of-conduct-2026,Code of Conduct Refresh,L01174,Operations,02/02/2026,1,In Progress,85%,,,,31/03/2026
code-of-conduct-2026,Code of Conduct Refresh,L01175,Manufacturing,02/02/2026,0,Not Started,0%,,,,31/03/2026
code-of-conduct-2026,Code of Conduct Refresh,L01176,Sales,02/02/2026,0,Not Started,0%,,,,31/03/2026
code-of-conduct-2026,Code of Conduct Refresh,L01177,Operations,02/02/2026,0,Not Started,0%,,,,31/03/2026
code-of-conduct-2026,Code of Conduct Refresh,L01178,Manufacturing,02/02/2026,0,Not Started,0%,,,,31/03/2026
code-of-conduct-2026,Code of Conduct Refresh,L01179,Manufacturing,02/02/2026,1,Completed,100%,66.3,No,31/03/2026,31/03/2026
code-of-conduct-2026,Code of Conduct Refresh,L01180,Operations,02/02/2026,1,Completed,100%,100.0,Yes,06/03/2026,31/03/2026
code-of-conduct-2026,Code of Conduct Refresh,L01181,Operations,02/02/2026,0,Not Started,0%,,,,31/03/2026
code-of-conduct-2026,Code of Conduct Refresh,L01182,Manufacturing,02/02/2026,0,Not Started,0%,,,,31/03/2026
code-of-conduct-2026,Code of Conduct Refresh,L01183,Legal,02/02/2026,1,In Progress,40%,,,,31/03/2026
code-of-conduct-2026,Code of Conduct Refresh,L01184,Legal,02/02/2026,1,Completed,100%,78.6,Yes,29/03/2026,31/03/2026
code-of-conduct-2026,Code of Conduct Refresh,L01185,Operations,02/02/2026,0,Not Started,0%,,,,31/03/2026
code-of-conduct-2026,Code of Conduct Refresh,L01186,Finance,02/02/2026,1,Completed,100%,83.1,Yes,30/03/2026,31/03/2026
code-of-conduct-2026,Code of Conduct Refresh,L01187,Finance,02/02/2026,1,Completed,100%,80.7,Yes,06/03/2026,31/03/2026
code-of-conduct-2026,Code of Conduct Refresh,L01188,Sales,02/02/2026,1,Completed,100%,81.0,Yes,31/03/2026,31/03/2026
code-of-conduct-2026,Code of Conduct Refresh,L01189,Legal,02/02/2026,1,Completed,100%,68.5,No,29/03/2026,31/03/2026
code-of-conduct-2026,Code of Conduct Refresh,L01190,HR,02/02/2026,1,Completed,100%,85.4,Yes,29/03/2026,31/03/2026
code-of-conduct-2026,Code of Conduct Refresh,L01191,Manufacturing,02/02/2026,1,Completed,100%,80.6,Yes,29/03/2026,31/03/2026
code-of-conduct-2026,Code of Conduct Refresh,L01192,Sales,02/02/2026,0,Not Started,0%,,,,31/03/2026
code-of-conduct-2026,Code of Conduct Refresh,L01193,Operations,02/02/2026,1,Completed,100%,71.8,Yes,19/03/2026,31/03/2026
code-of-conduct-2026,Code of Conduct Refresh,L01194,HR,02/02/2026,1,Completed,100%,79.5,Yes,19/03/2026,31/03/2026
code-of-conduct-2026,Code of Conduct Refresh,L01195,Marketing,02/02/2026,1,Completed,100%,76.1,Yes,06/03/2026,31/03/2026
code-of-conduct-2026,Code of Conduct Refresh,L01196,Operations,02/02/2026,0,Not Started,0%,,,,31/03/2026
code-of-conduct-2026,Code of Conduct Refresh,L01197,Sales,02/02/2026,1,In Progress,10%,,,,31/03/2026
code-of-conduct-2026,Code of Conduct Refresh,L01198,HR,02/02/2026,1,Completed,100%,100.0,Yes,26/03/2026,31/03/2026
code-of-conduct-2026,Code of Conduct Refresh,L01199,Manufacturing,02/02/2026,1,Completed,100%,77.0,Yes,31/03/2026,31/03/2026
code-of-conduct-2026,Code of Conduct Refresh,L01200,Technology,02/02/2026,1,In Progress,40%,,,,31/03/2026
dei-learning-2026,Inclusive Leadership,L00446,Finance,06/04/2026,1,In Progress,10%,,,,30/06/2026
dei-learning-2026,Inclusive Leadership,L00436,Technology,06/04/2026,1,Completed,100%,82.7,Yes,29/06/2026,30/06/2026
dei-learning-2026,Inclusive Leadership,L01047,Manufacturing,06/04/2026,0,Not Started,0%,,,,30/06/2026
dei-learning-2026,Inclusive Leadership,L01029,Manufacturing,06/04/2026,0,Not Started,0%,,,,30/06/2026
dei-learning-2026,Inclusive Leadership,L00351,Operations,06/04/2026,0,Not Started,0%,,,,30/06/2026
dei-learning-2026,Inclusive Leadership,L00297,Manufacturing,06/04/2026,1,In Progress,10%,,,,30/06/2026
dei-learning-2026,Inclusive Leadership,L00563,Finance,06/04/2026,1,Completed,100%,97.6,Yes,25/06/2026,30/06/2026
dei-learning-2026,Inclusive Leadership,L00596,Operations,06/04/2026,0,Not Started,0%,,,,30/06/2026
dei-learning-2026,Inclusive Leadership,L00257,Manufacturing,06/04/2026,0,Not Started,0%,,,,30/06/2026
dei-learning-2026,Inclusive Leadership,L00640,Manufacturing,06/04/2026,0,Not Started,0%,,,,30/06/2026
dei-learning-2026,Inclusive Leadership,L00407,Manufacturing,06/04/2026,1,Completed,100%,100.0,Yes,30/06/2026,30/06/2026
dei-learning-2026,Inclusive Leadership,L00321,Marketing,06/04/2026,1,Completed,100%,80.2,Yes,05/06/2026,30/06/2026
dei-learning-2026,Inclusive Leadership,L00943,Operations,06/04/2026,1,Completed,100%,88.1,Yes,25/06/2026,30/06/2026
dei-learning-2026,Inclusive Leadership,L01077,Manufacturing,06/04/2026,0,Not Started,0%,,,,30/06/2026
dei-learning-2026,Inclusive Leadership,L00682,Marketing,06/04/2026,1,Completed,100%,92.7,Yes,30/06/2026,30/06/2026
dei-learning-2026,Inclusive Leadership,L00992,Operations,06/04/2026,0,Not Started,0%,,,,30/06/2026
dei-learning-2026,Inclusive Leadership,L00369,Operations,06/04/2026,1,Completed,100%,75.9,Yes,05/06/2026,30/06/2026
dei-learning-2026,Inclusive Leadership,L00282,HR,06/04/2026,1,Completed,100%,85.1,Yes,30/06/2026,30/06/2026
dei-learning-2026,Inclusive Leadership,L00354,Marketing,06/04/2026,1,Completed,100%,83.8,Yes,30/06/2026,30/06/2026
dei-learning-2026,Inclusive Leadership,L01064,Manufacturing,06/04/2026,0,Not Started,0%,,,,30/06/2026
dei-learning-2026,Inclusive Leadership,L00559,Operations,06/04/2026,0,Not Started,0%,,,,30/06/2026
dei-learning-2026,Inclusive Leadership,L00310,Finance,06/04/2026,1,Completed,100%,86.5,Yes,29/06/2026,30/06/2026
dei-learning-2026,Inclusive Leadership,L01187,Finance,06/04/2026,1,Completed,100%,82.9,Yes,25/06/2026,30/06/2026
dei-learning-2026,Inclusive Leadership,L01010,Manufacturing,06/04/2026,1,Completed,100%,71.3,Yes,29/06/2026,30/06/2026
dei-learning-2026,Inclusive Leadership,L00495,Sales,06/04/2026,0,Not Started,0%,,,,30/06/2026
dei-learning-2026,Inclusive Leadership,L00068,Technology,06/04/2026,1,Completed,100%,83.9,Yes,25/06/2026,30/06/2026
dei-learning-2026,Inclusive Leadership,L00565,Manufacturing,06/04/2026,0,Not Started,0%,,,,30/06/2026
dei-learning-2026,Inclusive Leadership,L01024,Operations,06/04/2026,1,In Progress,10%,,,,30/06/2026
dei-learning-2026,Inclusive Leadership,L00208,Sales,06/04/2026,1,In Progress,40%,,,,30/06/2026
dei-learning-2026,Inclusive Leadership,L01016,Marketing,06/04/2026,1,Completed,100%,69.3,No,05/06/2026,30/06/2026
dei-learning-2026,Inclusive Leadership,L00733,Manufacturing,06/04/2026,0,Not Started,0%,,,,30/06/2026
dei-learning-2026,Inclusive Leadership,L00289,Operations,06/04/2026,1,In Progress,70%,,,,30/06/2026
dei-learning-2026,Inclusive Leadership,L00771,Manufacturing,06/04/2026,0,Not Started,0%,,,,30/06/2026
dei-learning-2026,Inclusive Leadership,L00835,Operations,06/04/2026,1,In Progress,55%,,,,30/06/2026
dei-learning-2026,Inclusive Leadership,L00891,Technology,06/04/2026,1,Completed,100%,91.6,Yes,29/06/2026,30/06/2026
dei-learning-2026,Inclusive Leadership,L00136,Finance,06/04/2026,1,Completed,100%,62.6,No,18/06/2026,30/06/2026
dei-learning-2026,Inclusive Leadership,L00106,Operations,06/04/2026,1,In Progress,85%,,,,30/06/2026
dei-learning-2026,Inclusive Leadership,L00730,Manufacturing,06/04/2026,1,In Progress,25%,,,,30/06/2026
dei-learning-2026,Inclusive Leadership,L00752,Manufacturing,06/04/2026,0,Not Started,0%,,,,30/06/2026
dei-learning-2026,Inclusive Leadership,L00107,Marketing,06/04/2026,1,Completed,100%,78.8,Yes,30/06/2026,30/06/2026
dei-learning-2026,Inclusive Leadership,L00099,HR,06/04/2026,1,Completed,100%,84.8,Yes,25/06/2026,30/06/2026
dei-learning-2026,Inclusive Leadership,L01084,Manufacturing,06/04/2026,0,Not Started,0%,,,,30/06/2026
dei-learning-2026,Inclusive Leadership,L00215,Sales,06/04/2026,1,In Progress,70%,,,,30/06/2026
dei-learning-2026,Inclusive Leadership,L01006,Legal,06/04/2026,1,Completed,100%,88.8,Yes,30/06/2026,30/06/2026
dei-learning-2026,Inclusive Leadership,L00345,Manufacturing,06/04/2026,1,In Progress,10%,,,,30/06/2026
dei-learning-2026,Inclusive Leadership,L00844,Sales,06/04/2026,1,Completed,100%,71.8,Yes,30/06/2026,30/06/2026
dei-learning-2026,Inclusive Leadership,L00564,Manufacturing,06/04/2026,0,Not Started,0%,,,,30/06/2026
dei-learning-2026,Inclusive Leadership,L00888,Marketing,06/04/2026,1,Completed,100%,91.1,Yes,25/06/2026,30/06/2026
dei-learning-2026,Inclusive Leadership,L00382,Sales,06/04/2026,1,Completed,100%,72.1,Yes,25/06/2026,30/06/2026
dei-learning-2026,Inclusive Leadership,L01009,Operations,06/04/2026,1,Completed,100%,87.6,Yes,25/06/2026,30/06/2026
dei-learning-2026,Inclusive Leadership,L00843,Operations,06/04/2026,1,Completed,100%,78.2,Yes,18/06/2026,30/06/2026
dei-learning-2026,Inclusive Leadership,L00952,Manufacturing,06/04/2026,0,Not Started,0%,,,,30/06/2026
dei-learning-2026,Inclusive Leadership,L00132,Marketing,06/04/2026,1,Completed,100%,84.2,Yes,30/06/2026,30/06/2026
dei-learning-2026,Inclusive Leadership,L00370,Manufacturing,06/04/2026,1,Completed,100%,83.1,Yes,29/06/2026,30/06/2026
dei-learning-2026,Inclusive Leadership,L00573,Technology,06/04/2026,1,Completed,100%,100.0,Yes,25/06/2026,30/06/2026
dei-learning-2026,Inclusive Leadership,L00874,Finance,06/04/2026,1,Completed,100%,88.0,Yes,28/06/2026,30/06/2026
dei-learning-2026,Inclusive Leadership,L00412,Sales,06/04/2026,1,Completed,100%,77.4,Yes,29/06/2026,30/06/2026
dei-learning-2026,Inclusive Leadership,L01002,Manufacturing,06/04/2026,1,In Progress,10%,,,,30/06/2026
dei-learning-2026,Inclusive Leadership,L00636,Technology,06/04/2026,1,Completed,100%,77.2,Yes,18/06/2026,30/06/2026
dei-learning-2026,Inclusive Leadership,L00481,Operations,06/04/2026,1,Completed,100%,74.8,Yes,29/06/2026,30/06/2026
dei-learning-2026,Inclusive Leadership,L00206,Technology,06/04/2026,1,Completed,100%,92.8,Yes,30/06/2026,30/06/2026
dei-learning-2026,Inclusive Leadership,L00724,Sales,06/04/2026,1,Completed,100%,79.5,Yes,29/06/2026,30/06/2026
dei-learning-2026,Inclusive Leadership,L00409,Manufacturing,06/04/2026,0,Not Started,0%,,,,30/06/2026
dei-learning-2026,Inclusive Leadership,L00613,Marketing,06/04/2026,1,In Progress,10%,,,,30/06/2026
dei-learning-2026,Inclusive Leadership,L00751,Technology,06/04/2026,1,Completed,100%,84.0,Yes,30/06/2026,30/06/2026
dei-learning-2026,Inclusive Leadership,L00072,Marketing,06/04/2026,1,Completed,100%,88.0,Yes,18/06/2026,30/06/2026
dei-learning-2026,Inclusive Leadership,L00507,Marketing,06/04/2026,0,Not Started,0%,,,,30/06/2026
dei-learning-2026,Inclusive Leadership,L00074,Manufacturing,06/04/2026,1,Completed,100%,71.3,Yes,28/06/2026,30/06/2026
dei-learning-2026,Inclusive Leadership,L00831,Manufacturing,06/04/2026,1,In Progress,55%,,,,30/06/2026
dei-learning-2026,Inclusive Leadership,L01138,Finance,06/04/2026,1,In Progress,55%,,,,30/06/2026
dei-learning-2026,Inclusive Leadership,L01097,Finance,06/04/2026,1,Completed,100%,75.4,Yes,25/06/2026,30/06/2026
dei-learning-2026,Inclusive Leadership,L00589,Technology,06/04/2026,1,Completed,100%,82.0,Yes,18/06/2026,30/06/2026
dei-learning-2026,Inclusive Leadership,L00885,Manufacturing,06/04/2026,1,Completed,100%,86.6,Yes,25/06/2026,30/06/2026
dei-learning-2026,Inclusive Leadership,L00159,Sales,06/04/2026,1,Completed,100%,64.2,No,29/06/2026,30/06/2026
dei-learning-2026,Inclusive Leadership,L00971,Finance,06/04/2026,1,Completed,100%,87.0,Yes,05/06/2026,30/06/2026
dei-learning-2026,Inclusive Leadership,L00878,Technology,06/04/2026,1,Completed,100%,69.4,No,30/06/2026,30/06/2026
dei-learning-2026,Inclusive Leadership,L00976,Finance,06/04/2026,1,Completed,100%,75.7,Yes,28/06/2026,30/06/2026
dei-learning-2026,Inclusive Leadership,L00815,Manufacturing,06/04/2026,0,Not Started,0%,,,,30/06/2026
dei-learning-2026,Inclusive Leadership,L01040,Technology,06/04/2026,1,In Progress,70%,,,,30/06/2026
dei-learning-2026,Inclusive Leadership,L00872,Operations,06/04/2026,1,Completed,100%,85.0,Yes,28/06/2026,30/06/2026
dei-learning-2026,Inclusive Leadership,L00570,Manufacturing,06/04/2026,1,Completed,100%,90.7,Yes,18/06/2026,30/06/2026
dei-learning-2026,Inclusive Leadership,L00473,Legal,06/04/2026,1,Completed,100%,94.3,Yes,25/06/2026,30/06/2026
dei-learning-2026,Inclusive Leadership,L00173,Manufacturing,06/04/2026,0,Not Started,0%,,,,30/06/2026
dei-learning-2026,Inclusive Leadership,L00286,HR,06/04/2026,1,Completed,100%,72.6,Yes,28/06/2026,30/06/2026
dei-learning-2026,Inclusive Leadership,L00121,Operations,06/04/2026,1,In Progress,10%,,,,30/06/2026
dei-learning-2026,Inclusive Leadership,L00111,Manufacturing,06/04/2026,1,In Progress,10%,,,,30/06/2026
dei-learning-2026,Inclusive Leadership,L00571,Sales,06/04/2026,0,Not Started,0%,,,,30/06/2026
dei-learning-2026,Inclusive Leadership,L00980,Manufacturing,06/04/2026,1,In Progress,85%,,,,30/06/2026
dei-learning-2026,Inclusive Leadership,L00075,Marketing,06/04/2026,1,Completed,100%,79.6,Yes,30/06/2026,30/06/2026
dei-learning-2026,Inclusive Leadership,L00852,Manufacturing,06/04/2026,0,Not Started,0%,,,,30/06/2026
dei-learning-2026,Inclusive Leadership,L00552,Marketing,06/04/2026,1,Completed,100%,99.6,Yes,28/06/2026,30/06/2026
dei-learning-2026,Inclusive Leadership,L00951,Operations,06/04/2026,0,Not Started,0%,,,,30/06/2026
dei-learning-2026,Inclusive Leadership,L00740,Sales,06/04/2026,1,Completed,100%,67.6,No,29/06/2026,30/06/2026
dei-learning-2026,Inclusive Leadership,L01082,Manufacturing,06/04/2026,1,In Progress,10%,,,,30/06/2026
dei-learning-2026,Inclusive Leadership,L00350,Marketing,06/04/2026,1,In Progress,70%,,,,30/06/2026
dei-learning-2026,Inclusive Leadership,L00700,HR,06/04/2026,1,Completed,100%,81.9,Yes,18/06/2026,30/06/2026
dei-learning-2026,Inclusive Leadership,L00352,Operations,06/04/2026,0,Not Started,0%,,,,30/06/2026
dei-learning-2026,Inclusive Leadership,L00603,Manufacturing,06/04/2026,0,Not Started,0%,,,,30/06/2026
dei-learning-2026,Inclusive Leadership,L00434,Sales,06/04/2026,1,Completed,100%,76.6,Yes,29/06/2026,30/06/2026
dei-learning-2026,Inclusive Leadership,L00908,Operations,06/04/2026,1,In Progress,70%,,,,30/06/2026
dei-learning-2026,Inclusive Leadership,L00742,HR,06/04/2026,1,Completed,100%,94.2,Yes,29/06/2026,30/06/2026
dei-learning-2026,Inclusive Leadership,L01162,Manufacturing,06/04/2026,0,Not Started,0%,,,,30/06/2026
dei-learning-2026,Inclusive Leadership,L00962,Sales,06/04/2026,1,Completed,100%,85.8,Yes,18/06/2026,30/06/2026
dei-learning-2026,Inclusive Leadership,L00324,Finance,06/04/2026,1,Completed,100%,66.5,No,18/06/2026,30/06/2026
dei-learning-2026,Inclusive Leadership,L01028,Marketing,06/04/2026,1,Completed,100%,85.6,Yes,05/06/2026,30/06/2026
dei-learning-2026,Inclusive Leadership,L00135,HR,06/04/2026,1,Completed,100%,66.6,No,29/06/2026,30/06/2026
dei-learning-2026,Inclusive Leadership,L00175,HR,06/04/2026,1,Completed,100%,80.0,Yes,30/06/2026,30/06/2026
dei-learning-2026,Inclusive Leadership,L00520,Operations,06/04/2026,0,Not Started,0%,,,,30/06/2026
dei-learning-2026,Inclusive Leadership,L00259,Manufacturing,06/04/2026,0,Not Started,0%,,,,30/06/2026
dei-learning-2026,Inclusive Leadership,L00506,Manufacturing,06/04/2026,1,Completed,100%,70.1,Yes,29/06/2026,30/06/2026
dei-learning-2026,Inclusive Leadership,L00548,Manufacturing,06/04/2026,1,In Progress,70%,,,,30/06/2026
dei-learning-2026,Inclusive Leadership,L00450,Technology,06/04/2026,1,Completed,100%,88.0,Yes,30/06/2026,30/06/2026
dei-learning-2026,Inclusive Leadership,L00725,Manufacturing,06/04/2026,0,Not Started,0%,,,,30/06/2026
dei-learning-2026,Inclusive Leadership,L00064,Operations,06/04/2026,1,Completed,100%,82.4,Yes,28/06/2026,30/06/2026
dei-learning-2026,Inclusive Leadership,L00467,Sales,06/04/2026,0,Not Started,0%,,,,30/06/2026
dei-learning-2026,Inclusive Leadership,L01143,HR,06/04/2026,1,Completed,100%,84.0,Yes,18/06/2026,30/06/2026
dei-learning-2026,Inclusive Leadership,L00484,Sales,06/04/2026,1,Completed,100%,99.9,Yes,18/06/2026,30/06/2026
dei-learning-2026,Inclusive Leadership,L00264,Marketing,06/04/2026,1,Completed,100%,83.9,Yes,29/06/2026,30/06/2026
dei-learning-2026,Inclusive Leadership,L00026,Manufacturing,06/04/2026,0,Not Started,0%,,,,30/06/2026
dei-learning-2026,Inclusive Leadership,L00353,Manufacturing,06/04/2026,0,Not Started,0%,,,,30/06/2026
dei-learning-2026,Inclusive Leadership,L00296,Manufacturing,06/04/2026,1,Completed,100%,85.8,Yes,30/06/2026,30/06/2026
dei-learning-2026,Inclusive Leadership,L00848,Finance,06/04/2026,1,Completed,100%,77.4,Yes,29/06/2026,30/06/2026
dei-learning-2026,Inclusive Leadership,L00048,Technology,06/04/2026,1,Completed,100%,77.8,Yes,29/06/2026,30/06/2026
dei-learning-2026,Inclusive Leadership,L00767,Technology,06/04/2026,1,Completed,100%,61.3,No,25/06/2026,30/06/2026
dei-learning-2026,Inclusive Leadership,L01118,Technology,06/04/2026,1,Completed,100%,79.2,Yes,18/06/2026,30/06/2026
dei-learning-2026,Inclusive Leadership,L00556,Technology,06/04/2026,1,Completed,100%,88.6,Yes,25/06/2026,30/06/2026
dei-learning-2026,Inclusive Leadership,L01163,Marketing,06/04/2026,1,Completed,100%,77.6,Yes,30/06/2026,30/06/2026
dei-learning-2026,Inclusive Leadership,L00327,Technology,06/04/2026,1,Completed,100%,69.3,No,25/06/2026,30/06/2026
dei-learning-2026,Inclusive Leadership,L01159,Operations,06/04/2026,1,Completed,100%,93.1,Yes,29/06/2026,30/06/2026
dei-learning-2026,Inclusive Leadership,L00830,Operations,06/04/2026,1,Completed,100%,99.7,Yes,25/06/2026,30/06/2026
dei-learning-2026,Inclusive Leadership,L00278,Marketing,06/04/2026,1,Completed,100%,81.8,Yes,30/06/2026,30/06/2026
dei-learning-2026,Inclusive Leadership,L00201,Technology,06/04/2026,1,Completed,100%,89.2,Yes,18/06/2026,30/06/2026
dei-learning-2026,Inclusive Leadership,L00403,Operations,06/04/2026,0,Not Started,0%,,,,30/06/2026
dei-learning-2026,Inclusive Leadership,L01050,Sales,06/04/2026,1,In Progress,25%,,,,30/06/2026
dei-learning-2026,Inclusive Leadership,L00679,Operations,06/04/2026,1,In Progress,10%,,,,30/06/2026
dei-learning-2026,Inclusive Leadership,L00819,Manufacturing,06/04/2026,1,In Progress,40%,,,,30/06/2026
dei-learning-2026,Inclusive Leadership,L00414,Manufacturing,06/04/2026,0,Not Started,0%,,,,30/06/2026
dei-learning-2026,Inclusive Leadership,L01182,Manufacturing,06/04/2026,1,In Progress,70%,,,,30/06/2026
dei-learning-2026,Inclusive Leadership,L01165,Manufacturing,06/04/2026,1,Completed,100%,84.1,Yes,05/06/2026,30/06/2026
dei-learning-2026,Inclusive Leadership,L00607,Marketing,06/04/2026,1,Completed,100%,81.7,Yes,30/06/2026,30/06/2026
dei-learning-2026,Inclusive Leadership,L00207,Manufacturing,06/04/2026,0,Not Started,0%,,,,30/06/2026
dei-learning-2026,Inclusive Leadership,L00566,Technology,06/04/2026,1,In Progress,40%,,,,30/06/2026
dei-learning-2026,Inclusive Leadership,L01123,Manufacturing,06/04/2026,1,In Progress,70%,,,,30/06/2026
dei-learning-2026,Inclusive Leadership,L00739,Operations,06/04/2026,1,Completed,100%,85.7,Yes,18/06/2026,30/06/2026
dei-learning-2026,Inclusive Leadership,L00710,Technology,06/04/2026,1,Completed,100%,62.7,No,05/06/2026,30/06/2026
dei-learning-2026,Inclusive Leadership,L00426,Sales,06/04/2026,1,Completed,100%,63.8,No,29/06/2026,30/06/2026
dei-learning-2026,Inclusive Leadership,L00287,Operations,06/04/2026,1,Completed,100%,79.1,Yes,18/06/2026,30/06/2026
dei-learning-2026,Inclusive Leadership,L00335,Manufacturing,06/04/2026,1,In Progress,10%,,,,30/06/2026
dei-learning-2026,Inclusive Leadership,L00155,Marketing,06/04/2026,0,Not Started,0%,,,,30/06/2026
dei-learning-2026,Inclusive Leadership,L01090,Operations,06/04/2026,1,Completed,100%,76.9,Yes,18/06/2026,30/06/2026
dei-learning-2026,Inclusive Leadership,L00421,Manufacturing,06/04/2026,0,Not Started,0%,,,,30/06/2026
dei-learning-2026,Inclusive Leadership,L01071,Marketing,06/04/2026,1,Completed,100%,89.4,Yes,25/06/2026,30/06/2026
dei-learning-2026,Inclusive Leadership,L00896,Operations,06/04/2026,0,Not Started,0%,,,,30/06/2026
dei-learning-2026,Inclusive Leadership,L00617,Marketing,06/04/2026,0,Not Started,0%,,,,30/06/2026
dei-learning-2026,Inclusive Leadership,L00749,Manufacturing,06/04/2026,0,Not Started,0%,,,,30/06/2026
dei-learning-2026,Inclusive Leadership,L00670,Operations,06/04/2026,1,Completed,100%,87.7,Yes,29/06/2026,30/06/2026
dei-learning-2026,Inclusive Leadership,L01099,Technology,06/04/2026,1,Completed,100%,92.0,Yes,05/06/2026,30/06/2026
dei-learning-2026,Inclusive Leadership,L00789,HR,06/04/2026,1,Completed,100%,78.6,Yes,25/06/2026,30/06/2026
dei-learning-2026,Inclusive Leadership,L00383,Operations,06/04/2026,1,Completed,100%,71.9,Yes,18/06/2026,30/06/2026
dei-learning-2026,Inclusive Leadership,L00913,Operations,06/04/2026,1,Completed,100%,76.2,Yes,30/06/2026,30/06/2026
dei-learning-2026,Inclusive Leadership,L00583,Operations,06/04/2026,1,In Progress,55%,,,,30/06/2026
dei-learning-2026,Inclusive Leadership,L00339,Operations,06/04/2026,0,Not Started,0%,,,,30/06/2026
dei-learning-2026,Inclusive Leadership,L00735,Operations,06/04/2026,1,Completed,100%,85.2,Yes,29/06/2026,30/06/2026
dei-learning-2026,Inclusive Leadership,L00960,Technology,06/04/2026,1,Completed,100%,90.3,Yes,25/06/2026,30/06/2026
dei-learning-2026,Inclusive Leadership,L01190,HR,06/04/2026,1,Completed,100%,80.6,Yes,29/06/2026,30/06/2026
dei-learning-2026,Inclusive Leadership,L00812,Manufacturing,06/04/2026,0,Not Started,0%,,,,30/06/2026
dei-learning-2026,Inclusive Leadership,L00315,Legal,06/04/2026,1,Completed,100%,79.8,Yes,29/06/2026,30/06/2026
dei-learning-2026,Inclusive Leadership,L01048,Manufacturing,06/04/2026,1,In Progress,70%,,,,30/06/2026
dei-learning-2026,Inclusive Leadership,L00346,Operations,06/04/2026,1,Completed,100%,80.1,Yes,25/06/2026,30/06/2026
dei-learning-2026,Inclusive Leadership,L00754,Manufacturing,06/04/2026,0,Not Started,0%,,,,30/06/2026
dei-learning-2026,Inclusive Leadership,L00291,Manufacturing,06/04/2026,1,Completed,100%,93.7,Yes,30/06/2026,30/06/2026
dei-learning-2026,Inclusive Leadership,L00440,Technology,06/04/2026,1,Completed,100%,93.9,Yes,29/06/2026,30/06/2026
dei-learning-2026,Inclusive Leadership,L00723,Operations,06/04/2026,0,Not Started,0%,,,,30/06/2026
dei-learning-2026,Inclusive Leadership,L01083,Manufacturing,06/04/2026,0,Not Started,0%,,,,30/06/2026
dei-learning-2026,Inclusive Leadership,L00274,Sales,06/04/2026,0,Not Started,0%,,,,30/06/2026
dei-learning-2026,Inclusive Leadership,L00533,Manufacturing,06/04/2026,1,In Progress,10%,,,,30/06/2026
dei-learning-2026,Inclusive Leadership,L00118,Manufacturing,06/04/2026,0,Not Started,0%,,,,30/06/2026
dei-learning-2026,Inclusive Leadership,L00861,Legal,06/04/2026,1,Completed,100%,78.9,Yes,30/06/2026,30/06/2026
dei-learning-2026,Inclusive Leadership,L01096,Marketing,06/04/2026,1,Completed,100%,63.0,No,05/06/2026,30/06/2026
dei-learning-2026,Inclusive Leadership,L00569,Sales,06/04/2026,1,Completed,100%,95.0,Yes,28/06/2026,30/06/2026
dei-learning-2026,Inclusive Leadership,L00283,Technology,06/04/2026,1,Completed,100%,86.6,Yes,30/06/2026,30/06/2026
dei-learning-2026,Inclusive Leadership,L00820,Sales,06/04/2026,1,Completed,100%,100.0,Yes,05/06/2026,30/06/2026
dei-learning-2026,Inclusive Leadership,L00200,Manufacturing,06/04/2026,1,In Progress,70%,,,,30/06/2026
dei-learning-2026,Inclusive Leadership,L00051,Manufacturing,06/04/2026,0,Not Started,0%,,,,30/06/2026
dei-learning-2026,Inclusive Leadership,L00897,Sales,06/04/2026,0,Not Started,0%,,,,30/06/2026
dei-learning-2026,Inclusive Leadership,L00903,Manufacturing,06/04/2026,1,Completed,100%,80.0,Yes,30/06/2026,30/06/2026
dei-learning-2026,Inclusive Leadership,L00227,Finance,06/04/2026,1,Completed,100%,82.9,Yes,25/06/2026,30/06/2026
dei-learning-2026,Inclusive Leadership,L00882,Manufacturing,06/04/2026,0,Not Started,0%,,,,30/06/2026
dei-learning-2026,Inclusive Leadership,L00142,Operations,06/04/2026,1,Completed,100%,73.5,Yes,18/06/2026,30/06/2026
dei-learning-2026,Inclusive Leadership,L00993,Technology,06/04/2026,1,Completed,100%,97.3,Yes,29/06/2026,30/06/2026
dei-learning-2026,Inclusive Leadership,L01128,Manufacturing,06/04/2026,1,In Progress,55%,,,,30/06/2026
dei-learning-2026,Inclusive Leadership,L00529,Manufacturing,06/04/2026,0,Not Started,0%,,,,30/06/2026
dei-learning-2026,Inclusive Leadership,L00981,Sales,06/04/2026,1,Completed,100%,82.8,Yes,30/06/2026,30/06/2026
dei-learning-2026,Inclusive Leadership,L00622,Legal,06/04/2026,1,Completed,100%,75.4,Yes,05/06/2026,30/06/2026
dei-learning-2026,Inclusive Leadership,L00255,Finance,06/04/2026,1,Completed,100%,77.7,Yes,30/06/2026,30/06/2026
dei-learning-2026,Inclusive Leadership,L00435,Finance,06/04/2026,1,Completed,100%,92.8,Yes,25/06/2026,30/06/2026
dei-learning-2026,Inclusive Leadership,L00746,Sales,06/04/2026,1,In Progress,40%,,,,30/06/2026
dei-learning-2026,Inclusive Leadership,L00008,HR,06/04/2026,1,Completed,100%,77.7,Yes,05/06/2026,30/06/2026
dei-learning-2026,Inclusive Leadership,L00999,Marketing,06/04/2026,1,Completed,100%,75.2,Yes,18/06/2026,30/06/2026
dei-learning-2026,Inclusive Leadership,L00858,Manufacturing,06/04/2026,0,Not Started,0%,,,,30/06/2026
dei-learning-2026,Inclusive Leadership,L00410,Manufacturing,06/04/2026,0,Not Started,0%,,,,30/06/2026
dei-learning-2026,Inclusive Leadership,L00271,Technology,06/04/2026,1,Completed,100%,69.7,No,29/06/2026,30/06/2026
dei-learning-2026,Inclusive Leadership,L00784,Technology,06/04/2026,1,Completed,100%,85.9,Yes,25/06/2026,30/06/2026
dei-learning-2026,Inclusive Leadership,L00828,HR,06/04/2026,1,Completed,100%,73.5,Yes,18/06/2026,30/06/2026
dei-learning-2026,Inclusive Leadership,L00013,Operations,06/04/2026,1,In Progress,55%,,,,30/06/2026
dei-learning-2026,Inclusive Leadership,L00055,Marketing,06/04/2026,1,Completed,100%,97.2,Yes,28/06/2026,30/06/2026
dei-learning-2026,Inclusive Leadership,L00602,Marketing,06/04/2026,1,Completed,100%,89.1,Yes,28/06/2026,30/06/2026
dei-learning-2026,Inclusive Leadership,L01169,Manufacturing,06/04/2026,1,In Progress,10%,,,,30/06/2026
dei-learning-2026,Inclusive Leadership,L00488,Legal,06/04/2026,1,Completed,100%,76.4,Yes,30/06/2026,30/06/2026
dei-learning-2026,Inclusive Leadership,L00494,Operations,06/04/2026,0,Not Started,0%,,,,30/06/2026
dei-learning-2026,Inclusive Leadership,L00115,Manufacturing,06/04/2026,1,In Progress,85%,,,,30/06/2026
dei-learning-2026,Inclusive Leadership,L00585,Finance,06/04/2026,1,Completed,100%,77.6,Yes,29/06/2026,30/06/2026
dei-learning-2026,Inclusive Leadership,L00829,Marketing,06/04/2026,0,Not Started,0%,,,,30/06/2026
dei-learning-2026,Inclusive Leadership,L00512,Technology,06/04/2026,1,In Progress,70%,,,,30/06/2026
dei-learning-2026,Inclusive Leadership,L00384,Manufacturing,06/04/2026,1,In Progress,70%,,,,30/06/2026
dei-learning-2026,Inclusive Leadership,L01151,Legal,06/04/2026,0,Not Started,0%,,,,30/06/2026
dei-learning-2026,Inclusive Leadership,L00498,Sales,06/04/2026,1,In Progress,85%,,,,30/06/2026
dei-learning-2026,Inclusive Leadership,L00691,Manufacturing,06/04/2026,1,In Progress,55%,,,,30/06/2026
dei-learning-2026,Inclusive Leadership,L00798,Manufacturing,06/04/2026,0,Not Started,0%,,,,30/06/2026
dei-learning-2026,Inclusive Leadership,L01039,Manufacturing,06/04/2026,1,Completed,100%,83.5,Yes,28/06/2026,30/06/2026
dei-learning-2026,Inclusive Leadership,L00777,Sales,06/04/2026,0,Not Started,0%,,,,30/06/2026
dei-learning-2026,Inclusive Leadership,L00430,Technology,06/04/2026,1,Completed,100%,78.2,Yes,25/06/2026,30/06/2026
dei-learning-2026,Inclusive Leadership,L00688,Technology,06/04/2026,1,Completed,100%,77.8,Yes,05/06/2026,30/06/2026
dei-learning-2026,Inclusive Leadership,L00764,Sales,06/04/2026,1,In Progress,10%,,,,30/06/2026
dei-learning-2026,Inclusive Leadership,L00627,Technology,06/04/2026,1,Completed,100%,83.8,Yes,25/06/2026,30/06/2026
dei-learning-2026,Inclusive Leadership,L00706,Operations,06/04/2026,1,In Progress,10%,,,,30/06/2026
dei-learning-2026,Inclusive Leadership,L00988,Sales,06/04/2026,0,Not Started,0%,,,,30/06/2026
dei-learning-2026,Inclusive Leadership,L00341,Sales,06/04/2026,1,In Progress,40%,,,,30/06/2026
dei-learning-2026,Inclusive Leadership,L00708,Technology,06/04/2026,1,Completed,100%,69.3,No,05/06/2026,30/06/2026
dei-learning-2026,Inclusive Leadership,L00696,Manufacturing,06/04/2026,0,Not Started,0%,,,,30/06/2026
dei-learning-2026,Inclusive Leadership,L01132,Sales,06/04/2026,0,Not Started,0%,,,,30/06/2026
dei-learning-2026,Inclusive Leadership,L00774,Technology,06/04/2026,1,Completed,100%,79.5,Yes,18/06/2026,30/06/2026
dei-learning-2026,Inclusive Leadership,L00229,Manufacturing,06/04/2026,0,Not Started,0%,,,,30/06/2026
dei-learning-2026,Inclusive Leadership,L00948,Manufacturing,06/04/2026,1,In Progress,10%,,,,30/06/2026
dei-learning-2026,Inclusive Leadership,L00330,Manufacturing,06/04/2026,0,Not Started,0%,,,,30/06/2026
dei-learning-2026,Inclusive Leadership,L00112,Finance,06/04/2026,1,Completed,100%,88.7,Yes,25/06/2026,30/06/2026
dei-learning-2026,Inclusive Leadership,L00100,Manufacturing,06/04/2026,1,In Progress,55%,,,,30/06/2026
dei-learning-2026,Inclusive Leadership,L00687,HR,06/04/2026,1,Completed,100%,81.5,Yes,05/06/2026,30/06/2026
dei-learning-2026,Inclusive Leadership,L01018,Technology,06/04/2026,1,Completed,100%,98.2,Yes,29/06/2026,30/06/2026
dei-learning-2026,Inclusive Leadership,L00973,Legal,06/04/2026,1,Completed,100%,84.8,Yes,28/06/2026,30/06/2026
dei-learning-2026,Inclusive Leadership,L01145,Sales,06/04/2026,1,In Progress,40%,,,,30/06/2026
dei-learning-2026,Inclusive Leadership,L00307,Manufacturing,06/04/2026,0,Not Started,0%,,,,30/06/2026
dei-learning-2026,Inclusive Leadership,L00092,Manufacturing,06/04/2026,0,Not Started,0%,,,,30/06/2026
dei-learning-2026,Inclusive Leadership,L00465,Legal,06/04/2026,1,Completed,100%,89.8,Yes,05/06/2026,30/06/2026
dei-learning-2026,Inclusive Leadership,L00660,Operations,06/04/2026,1,Completed,100%,77.1,Yes,28/06/2026,30/06/2026
dei-learning-2026,Inclusive Leadership,L00714,Finance,06/04/2026,1,Completed,100%,93.2,Yes,29/06/2026,30/06/2026
dei-learning-2026,Inclusive Leadership,L00748,Operations,06/04/2026,1,Completed,100%,85.1,Yes,25/06/2026,30/06/2026
dei-learning-2026,Inclusive Leadership,L00133,Manufacturing,06/04/2026,0,Not Started,0%,,,,30/06/2026
dei-learning-2026,Inclusive Leadership,L01125,Manufacturing,06/04/2026,1,Completed,100%,91.4,Yes,29/06/2026,30/06/2026
dei-learning-2026,Inclusive Leadership,L00695,Technology,06/04/2026,1,Completed,100%,93.1,Yes,28/06/2026,30/06/2026
dei-learning-2026,Inclusive Leadership,L01070,Marketing,06/04/2026,1,Completed,100%,68.9,No,29/06/2026,30/06/2026
dei-learning-2026,Inclusive Leadership,L00650,Manufacturing,06/04/2026,0,Not Started,0%,,,,30/06/2026
dei-learning-2026,Inclusive Leadership,L00932,Legal,06/04/2026,0,Not Started,0%,,,,30/06/2026
dei-learning-2026,Inclusive Leadership,L00887,Technology,06/04/2026,1,Completed,100%,66.9,No,28/06/2026,30/06/2026
dei-learning-2026,Inclusive Leadership,L00814,Manufacturing,06/04/2026,0,Not Started,0%,,,,30/06/2026
dei-learning-2026,Inclusive Leadership,L00509,Finance,06/04/2026,0,Not Started,0%,,,,30/06/2026
dei-learning-2026,Inclusive Leadership,L01149,Operations,06/04/2026,0,Not Started,0%,,,,30/06/2026
dei-learning-2026,Inclusive Leadership,L00441,HR,06/04/2026,1,Completed,100%,67.5,No,29/06/2026,30/06/2026
dei-learning-2026,Inclusive Leadership,L00647,Manufacturing,06/04/2026,0,Not Started,0%,,,,30/06/2026
dei-learning-2026,Inclusive Leadership,L00334,Finance,06/04/2026,1,Completed,100%,90.2,Yes,30/06/2026,30/06/2026
dei-learning-2026,Inclusive Leadership,L00153,Operations,06/04/2026,0,Not Started,0%,,,,30/06/2026
dei-learning-2026,Inclusive Leadership,L00411,Operations,06/04/2026,0,Not Started,0%,,,,30/06/2026
dei-learning-2026,Inclusive Leadership,L00090,Operations,06/04/2026,1,Completed,100%,90.6,Yes,18/06/2026,30/06/2026
dei-learning-2026,Inclusive Leadership,L00060,Marketing,06/04/2026,0,Not Started,0%,,,,30/06/2026
dei-learning-2026,Inclusive Leadership,L01094,Manufacturing,06/04/2026,1,Completed,100%,89.6,Yes,30/06/2026,30/06/2026
dei-learning-2026,Inclusive Leadership,L00372,Operations,06/04/2026,1,In Progress,70%,,,,30/06/2026
dei-learning-2026,Inclusive Leadership,L00904,Operations,06/04/2026,1,In Progress,85%,,,,30/06/2026
dei-learning-2026,Inclusive Leadership,L00186,Manufacturing,06/04/2026,1,Completed,100%,82.7,Yes,30/06/2026,30/06/2026
dei-learning-2026,Inclusive Leadership,L01147,Operations,06/04/2026,1,In Progress,70%,,,,30/06/2026
dei-learning-2026,Inclusive Leadership,L00478,Marketing,06/04/2026,1,Completed,100%,67.7,No,18/06/2026,30/06/2026
dei-learning-2026,Inclusive Leadership,L00990,Manufacturing,06/04/2026,1,In Progress,40%,,,,30/06/2026
dei-learning-2026,Inclusive Leadership,L00009,Marketing,06/04/2026,1,Completed,100%,90.5,Yes,18/06/2026,30/06/2026
dei-learning-2026,Inclusive Leadership,L00279,Finance,06/04/2026,1,Completed,100%,91.1,Yes,29/06/2026,30/06/2026
dei-learning-2026,Inclusive Leadership,L00538,Marketing,06/04/2026,1,Completed,100%,77.6,Yes,18/06/2026,30/06/2026
dei-learning-2026,Inclusive Leadership,L00592,Manufacturing,06/04/2026,0,Not Started,0%,,,,30/06/2026
dei-learning-2026,Inclusive Leadership,L00683,Manufacturing,06/04/2026,1,In Progress,85%,,,,30/06/2026
dei-learning-2026,Inclusive Leadership,L00178,Sales,06/04/2026,1,Completed,100%,74.6,Yes,18/06/2026,30/06/2026
dei-learning-2026,Inclusive Leadership,L00456,Technology,06/04/2026,1,Completed,100%,67.6,No,29/06/2026,30/06/2026
dei-learning-2026,Inclusive Leadership,L00213,Sales,06/04/2026,1,In Progress,10%,,,,30/06/2026
dei-learning-2026,Inclusive Leadership,L00305,HR,06/04/2026,1,Completed,100%,79.9,Yes,30/06/2026,30/06/2026
dei-learning-2026,Inclusive Leadership,L00398,Operations,06/04/2026,1,Completed,100%,99.2,Yes,25/06/2026,30/06/2026
dei-learning-2026,Inclusive Leadership,L00035,Technology,06/04/2026,1,Completed,100%,83.1,Yes,18/06/2026,30/06/2026
dei-learning-2026,Inclusive Leadership,L00527,Manufacturing,06/04/2026,0,Not Started,0%,,,,30/06/2026
dei-learning-2026,Inclusive Leadership,L00073,Manufacturing,06/04/2026,0,Not Started,0%,,,,30/06/2026
dei-learning-2026,Inclusive Leadership,L00985,Sales,06/04/2026,1,Completed,100%,100.0,Yes,18/06/2026,30/06/2026
dei-learning-2026,Inclusive Leadership,L00588,Operations,06/04/2026,0,Not Started,0%,,,,30/06/2026
dei-learning-2026,Inclusive Leadership,L00005,Finance,06/04/2026,1,Completed,100%,93.8,Yes,30/06/2026,30/06/2026
dei-learning-2026,Inclusive Leadership,L00873,Sales,06/04/2026,1,In Progress,25%,,,,30/06/2026
dei-learning-2026,Inclusive Leadership,L00238,Manufacturing,06/04/2026,1,In Progress,55%,,,,30/06/2026
dei-learning-2026,Inclusive Leadership,L00954,Manufacturing,06/04/2026,1,Completed,100%,68.7,No,05/06/2026,30/06/2026
dei-learning-2026,Inclusive Leadership,L00758,Marketing,06/04/2026,1,Completed,100%,69.4,No,18/06/2026,30/06/2026
dei-learning-2026,Inclusive Leadership,L00104,Technology,06/04/2026,1,Completed,100%,100.0,Yes,25/06/2026,30/06/2026
dei-learning-2026,Inclusive Leadership,L00906,Finance,06/04/2026,1,Completed,100%,71.3,Yes,30/06/2026,30/06/2026
dei-learning-2026,Inclusive Leadership,L00249,Operations,06/04/2026,0,Not Started,0%,,,,30/06/2026
dei-learning-2026,Inclusive Leadership,L00191,Finance,06/04/2026,1,Completed,100%,80.8,Yes,29/06/2026,30/06/2026
dei-learning-2026,Inclusive Leadership,L00926,Manufacturing,06/04/2026,0,Not Started,0%,,,,30/06/2026
dei-learning-2026,Inclusive Leadership,L00865,Legal,06/04/2026,0,Not Started,0%,,,,30/06/2026
dei-learning-2026,Inclusive Leadership,L00693,Sales,06/04/2026,1,In Progress,10%,,,,30/06/2026
dei-learning-2026,Inclusive Leadership,L00010,Manufacturing,06/04/2026,1,Completed,100%,76.4,Yes,05/06/2026,30/06/2026
dei-learning-2026,Inclusive Leadership,L00122,Technology,06/04/2026,1,In Progress,25%,,,,30/06/2026
dei-learning-2026,Inclusive Leadership,L00925,Operations,06/04/2026,1,Completed,100%,91.0,Yes,18/06/2026,30/06/2026
dei-learning-2026,Inclusive Leadership,L00390,Manufacturing,06/04/2026,1,In Progress,40%,,,,30/06/2026
dei-learning-2026,Inclusive Leadership,L00702,Marketing,06/04/2026,1,In Progress,70%,,,,30/06/2026
dei-learning-2026,Inclusive Leadership,L00621,Technology,06/04/2026,1,Completed,100%,72.0,Yes,29/06/2026,30/06/2026
dei-learning-2026,Inclusive Leadership,L00482,Sales,06/04/2026,0,Not Started,0%,,,,30/06/2026
dei-learning-2026,Inclusive Leadership,L01026,Finance,06/04/2026,1,Completed,100%,77.3,Yes,30/06/2026,30/06/2026
dei-learning-2026,Inclusive Leadership,L00722,HR,06/04/2026,1,Completed,100%,74.7,Yes,25/06/2026,30/06/2026
dei-learning-2026,Inclusive Leadership,L00428,Technology,06/04/2026,1,Completed,100%,77.1,Yes,30/06/2026,30/06/2026
dei-learning-2026,Inclusive Leadership,L00837,Manufacturing,06/04/2026,1,In Progress,85%,,,,30/06/2026
dei-learning-2026,Inclusive Leadership,L00470,Marketing,06/04/2026,1,Completed,100%,82.6,Yes,18/06/2026,30/06/2026
dei-learning-2026,Inclusive Leadership,L00557,Manufacturing,06/04/2026,0,Not Started,0%,,,,30/06/2026
dei-learning-2026,Inclusive Leadership,L00518,Sales,06/04/2026,1,Completed,100%,78.4,Yes,25/06/2026,30/06/2026
dei-learning-2026,Inclusive Leadership,L00303,Manufacturing,06/04/2026,0,Not Started,0%,,,,30/06/2026
dei-learning-2026,Inclusive Leadership,L00817,Manufacturing,06/04/2026,1,Completed,100%,92.4,Yes,28/06/2026,30/06/2026
dei-learning-2026,Inclusive Leadership,L01150,Manufacturing,06/04/2026,0,Not Started,0%,,,,30/06/2026
dei-learning-2026,Inclusive Leadership,L00299,Marketing,06/04/2026,1,Completed,100%,73.4,Yes,30/06/2026,30/06/2026
dei-learning-2026,Inclusive Leadership,L00487,Operations,06/04/2026,1,Completed,100%,85.7,Yes,28/06/2026,30/06/2026
dei-learning-2026,Inclusive Leadership,L00734,Legal,06/04/2026,0,Not Started,0%,,,,30/06/2026
dei-learning-2026,Inclusive Leadership,L00025,Marketing,06/04/2026,1,Completed,100%,66.6,No,25/06/2026,30/06/2026
dei-learning-2026,Inclusive Leadership,L01104,Marketing,06/04/2026,1,Completed,100%,98.2,Yes,05/06/2026,30/06/2026
